code_type,code,lat,lon
IATA,AAA,-17.35260009765625,-145.50999450683594
IATA,AAC,31.073299408,33.8358001709
IATA,AAE,36.822201,7.809174
IATA,AAF,29.72750092,-85.02749634
IATA,AAH,50.823055267333984,6.186388969421387
IATA,AAK,0.1852779984474182,173.63699340820312
IATA,AAL,57.0927589138,9.84924316406
IATA,AAM,-24.818099975585938,31.544599533081055
IATA,AAN,24.261699676513672,55.60919952392578
IATA,AAO,9.430225372314453,-64.4707260131836
IATA,AAP,29.722499847399998,-95.58830261230001
IATA,AAQ,45.002101898193,37.347301483154
IATA,AAR,56.2999992371,10.619000434899998
IATA,AAT,47.7498855591,88.08580780030002
IATA,AAV,6.366819858551025,124.7509994506836
IATA,AAX,-19.563199996948,-46.960399627686
IATA,AAY,16.191699981689453,52.17499923706055
IATA,AAZ,14.8656,-91.501999
IATA,ABA,53.7400016784668,91.38500213623047
IATA,ABB,6.204167,6.665278
IATA,ABC,38.9485015869,-1.8635200262099998
IATA,ABD,30.371099472,48.2282981873
IATA,ABE,40.652099609375,-75.44080352783203
IATA,ABF,1.798609972000122,173.04100036621094
IATA,ABH,-23.646099,146.584
IATA,ABI,32.4113006592,-99.68190002440001
IATA,ABJ,5.261390209197998,-3.9262900352478027
IATA,ABK,6.734,44.252998
IATA,ABL,67.1063,-157.856989
IATA,ABM,-10.9508,142.459
IATA,ABN,5.512720108032227,-54.05009841918945
IATA,ABQ,35.040199,-106.609001
IATA,ABR,45.449100494384766,-98.42179870605469
IATA,ABS,22.375999450699997,31.611700058
IATA,ABT,20.2961006165,41.6343002319
IATA,ABV,9.006790161132812,7.263169765472412
IATA,ABX,-36.06779861450195,146.95799255371094
IATA,ABY,31.535499572753906,-84.19450378417969
IATA,ABZ,57.201900482177734,-2.197779893875122
IATA,ACA,16.757099151611328,-99.75399780273438
IATA,ACC,5.605189800262451,-0.16678600013256073
IATA,ACD,8.51667,-77.3
IATA,ACE,28.945499,-13.6052
IATA,ACF,-27.5702991486,153.007995605
IATA,ACH,47.4850006104,9.560770034789998
IATA,ACI,49.706104,-2.21472
IATA,ACJ,8.30148983002,80.42790222170001
IATA,ACK,41.25310135,-70.06020355
IATA,ACN,29.332899,-101.098998
IATA,ACP,37.347999572753906,46.127899169921875
IATA,ACR,-0.5833,-72.4083
IATA,ACS,56.2682991027832,90.57080078125
IATA,ACT,31.611299514770508,-97.23049926757812
IATA,ACV,40.978101,-124.109
IATA,ACX,25.0863888889,104.959444444
IATA,ACY,39.45759963989258,-74.57720184326172
IATA,ACZ,31.09830093383789,61.54389953613281
IATA,ADA,36.9822006226,35.280399322499996
IATA,ADB,38.2924003601,27.156999588
IATA,ADD,8.97789001465,38.799301147499996
IATA,ADE,12.829500198364258,45.02880096435547
IATA,ADF,37.7313995361,38.4688987732
IATA,ADH,58.60279846191406,125.40899658203125
IATA,ADI,-22.462200164794922,14.979999542236328
IATA,ADJ,31.972700119018555,35.991600036621094
IATA,ADK,51.87799835205078,-176.64599609375
IATA,ADL,-34.945,138.531006
IATA,ADM,34.30301,-97.0196342
IATA,ADP,7.33776,81.62594
IATA,ADQ,57.75,-152.4940033
IATA,ADS,32.9686012268,-96.8364028931
IATA,ADT,34.804298,-96.671303
IATA,ADU,38.3256988525,48.4244003296
IATA,ADW,38.810799,-76.866997
IATA,ADX,56.37289810180664,-2.8684399127960205
IATA,ADY,-22.6790008545,29.0555000305
IATA,ADZ,12.5836,-81.7112
IATA,AEA,0.49083301424980164,173.82899475097656
IATA,AEB,23.7206001282,106.959999084
IATA,AEG,1.4001,99.430496
IATA,AEH,13.847000122070312,20.84429931640625
IATA,AEI,36.12888,-5.441118
IATA,AEO,16.711299896240234,-9.637880325317383
IATA,AEP,-34.5592,-58.4156
IATA,AER,43.449902,39.9566
IATA,AES,62.5625,6.119699954986572
IATA,AET,66.5518035889,-152.621994019
IATA,AEU,25.8757,55.033001
IATA,AEX,31.32740020751953,-92.54979705810547
IATA,AEY,65.66000366210938,-18.07270050048828
IATA,AFA,-34.588299,-68.4039
IATA,AFL,-9.8663892746,-56.1049995422
IATA,AFS,41.61389923095703,64.23320007324219
IATA,AFT,-9.19138888889,160.948611111
IATA,AFW,32.9875984192,-97.31880187990001
IATA,AFY,38.726398468,30.6011009216
IATA,AFZ,36.16809844970703,57.59519958496094
IATA,AGA,30.325000762939453,-9.413069725036621
IATA,AGB,48.425278,10.931667
IATA,AGC,40.354400634765625,-79.9301986694336
IATA,AGE,53.782779693603516,7.913888931274414
IATA,AGF,44.17470169067383,0.5905560255050659
IATA,AGH,56.29610061645508,12.847100257873535
IATA,AGI,5.841128,-56.673328
IATA,AGJ,26.5925006866,127.240997314
IATA,AGN,57.503601,-134.585007
IATA,AGP,36.67490005493164,-4.499110221862793
IATA,AGQ,38.602001,21.3512001
IATA,AGR,27.155799865722656,77.96089935302734
IATA,AGS,33.36989974975586,-81.9645004272461
IATA,AGT,-25.454516,-54.842682
IATA,AGU,21.705601,-102.318001
IATA,AGV,9.553375244140625,-69.23786926269531
IATA,AGX,10.823699951171875,72.1760025024414
IATA,AGZ,-29.28179931640625,18.813899993896484
IATA,AHB,18.240400314299997,42.65660095210001
IATA,AHE,-14.428099632263184,-146.2570037841797
IATA,AHJ,32.53154,102.35224
IATA,AHN,33.94860076904297,-83.32630157470703
IATA,AHO,40.632099,8.29077
IATA,AHS,15.4722,-84.352203
IATA,AHU,35.177101135253906,-3.83951997756958
IATA,AIA,42.0531997681,-102.804000854
IATA,AID,40.10860061649999,-85.6129989624
IATA,AIK,33.649399,-81.684998
IATA,AIN,70.6380004883,-159.994995117
IATA,AIP,31.4338,75.758797
IATA,AIR,-10.188278,-59.457273
IATA,AIS,-2.61611008644104,176.80299377441406
IATA,AIT,-18.830900192260742,-159.76400756835938
IATA,AIU,-19.96780014038086,-158.11900329589844
IATA,AIZ,38.0960006714,-92.54949951170002
IATA,AJA,41.92359924316406,8.8029203414917
IATA,AJF,29.78510093688965,40.099998474121094
IATA,AJI,39.654541015625,43.025978088378906
IATA,AJK,34.138099670410156,49.8473014831543
IATA,AJL,23.840599060099997,92.6196975708
IATA,AJN,-12.131699562072754,44.430301666259766
IATA,AJR,65.59030151367188,19.28190040588379
IATA,AJU,-10.984000206,-37.0703010559
IATA,AJY,16.965999603271484,8.000109672546387
IATA,AKA,32.708099,108.931
IATA,AKB,52.22029877,-174.2059937
IATA,AKC,41.0374984741,-81.4669036865
IATA,AKD,20.698999,77.058601
IATA,AKF,24.178699493408203,23.31399917602539
IATA,AKH,24.062700271606445,47.580501556396484
IATA,AKI,60.9029006958,-161.231002808
IATA,AKJ,43.670799255371094,142.44700622558594
IATA,AKK,56.9387016296,-154.182998657
IATA,AKL,-37.008098602299995,174.792007446
IATA,AKN,58.67679977,-156.6490021
IATA,AKO,40.1755981445,-103.222000122
IATA,AKP,68.13359833,-151.7429962
IATA,AKR,7.246739864349365,5.3010101318359375
IATA,AKS,-8.70257,160.682007
IATA,AKT,34.590401,32.9879
IATA,AKU,41.262501,80.291702
IATA,AKV,60.818599700927734,-78.14859771728516
IATA,AKW,30.7444,49.6772
IATA,AKX,50.2458,57.206699
IATA,AKY,20.132699966430664,92.87259674072266
IATA,ALA,43.35210037231445,77.04049682617188
IATA,ALB,42.74829864501953,-73.80169677734375
IATA,ALC,38.28219985961914,-0.5581560134887695
IATA,ALE,30.384199142499998,-103.683998108
IATA,ALF,69.976097106934,23.371700286865
IATA,ALG,36.691001892089844,3.215409994125366
IATA,ALH,-34.94329833984375,117.80899810791016
IATA,ALI,27.740900039699998,-98.02690124510002
IATA,ALJ,-28.575001,16.5333
IATA,ALL,44.050598,8.12743
IATA,ALM,32.8399009705,-105.990997314
IATA,ALN,38.89030075069999,-90.0459976196
IATA,ALO,42.557098388671875,-92.40029907226562
IATA,ALP,36.18069839477539,37.22439956665039
IATA,ALR,-45.211700439453125,169.3730010986328
IATA,ALS,37.434898,-105.866997
IATA,ALU,11.9582,50.748
IATA,ALW,46.09489822,-118.288002
IATA,ALX,32.914699554399995,-85.9629974365
IATA,ALY,31.183900833129883,29.94890022277832
IATA,AMA,35.219398,-101.706001
IATA,AMB,-13.188400268554688,48.987998962402344
IATA,AMC,11.0340003967,20.274000167799997
IATA,AMD,23.0771999359,72.63469696039999
IATA,AMH,6.0393900871276855,37.59049987792969
IATA,AMI,-8.560709953309999,116.095001221
IATA,AMM,31.7226009369,35.9931983948
IATA,AMN,43.322101593,-84.68800354
IATA,AMQ,-3.7102599144,128.089004517
IATA,AMS,52.308601,4.76389
IATA,AMT,-26.108299255371094,131.20700073242188
IATA,AMV,69.76329803466797,61.556400299072266
IATA,AMZ,-37.029701232910156,174.97300720214844
IATA,ANB,33.5882,-85.8581
IATA,ANC,61.174400329589844,-149.99600219726562
IATA,AND,34.4945983887,-82.70939636230001
IATA,ANE,47.560299,-0.312222
IATA,ANF,-23.444501,-70.445099
IATA,ANG,45.72919845581055,0.22145600616931915
IATA,ANI,61.581600189208984,-159.54299926757812
IATA,ANK,39.949798584,32.6885986328
IATA,ANM,-14.99940013885498,50.3202018737793
IATA,ANN,55.04240036010742,-131.57200622558594
IATA,ANP,38.942902,-76.568398
IATA,ANQ,41.639702,-85.083504
IATA,ANR,51.1893997192,4.46027994156
IATA,ANS,-13.706399917602539,-73.35040283203125
IATA,ANU,17.1367,-61.792702
IATA,ANV,62.646702,-160.190994
IATA,ANX,69.292503356934,16.144199371338
IATA,AOC,50.981945,12.506389
IATA,AOE,39.809898,30.5194
IATA,AOG,41.105301,122.853996
IATA,AOH,40.706902,-84.026703
IATA,AOI,43.616299,13.3623
IATA,AOJ,40.73469924926758,140.6909942626953
IATA,AOK,35.4213981628418,27.145999908447266
IATA,AOL,-29.6894,-57.1521
IATA,AOO,40.29639816,-78.31999969
IATA,AOP,-2.79612994194,-76.46659851070001
IATA,AOR,6.189670085906982,100.39800262451172
IATA,AOT,45.738499,7.36872
IATA,AOU,14.814715357,106.821699142
IATA,APA,39.57009888,-104.848999
IATA,APC,38.2132,-122.280998
IATA,APF,26.1525993347,-81.7752990723
IATA,APG,39.466202,-76.1688
IATA,API,4.07607,-73.5627
IATA,APK,-15.5736,-146.414993
IATA,APL,-15.105600357055664,39.28179931640625
IATA,APN,45.0780983,-83.56030273
IATA,APO,7.81196,-76.7164
IATA,APQ,-9.775360107421875,-36.62919998168945
IATA,APT,35.060699,-85.585297
IATA,APW,-13.829999923706055,-172.00799560546875
IATA,APZ,-38.975498,-70.113602
IATA,AQA,-21.812000274699997,-48.1329994202
IATA,AQB,15.012200355529785,-91.15059661865234
IATA,AQG,30.582199,117.050003
IATA,AQI,28.335199,46.125099
IATA,AQJ,29.611600875854492,35.01810073852539
IATA,AQP,-16.3411006927,-71.5830993652
IATA,ARA,30.0378,-91.883904
IATA,ARB,42.2229995728,-83.74559783939999
IATA,ARC,68.1147,-145.578995
IATA,ARD,-8.132340431213379,124.59700012207031
IATA,ARE,18.4500007629,-66.6753005981
IATA,ARH,64.60030364990234,40.71670150756836
IATA,ARI,-18.348499,-70.338699
IATA,ARK,-3.3677899837493896,36.63330078125
IATA,ARM,-30.528099060099997,151.617004395
IATA,ARN,59.651901245117,17.918600082397
IATA,ARR,-45.013599,-70.812202
IATA,ART,43.99190139770508,-76.02169799804688
IATA,ARU,-21.1413002014,-50.4247016907
IATA,ARV,45.92789841,-89.73090363
IATA,ARW,46.17660140991211,21.261999130249023
IATA,ARY,-37.30939865112305,142.98899841308594
IATA,ASA,13.071800231933594,42.64500045776367
IATA,ASB,37.986801,58.361
IATA,ASD,24.697900772094727,-77.79560089111328
IATA,ASE,39.22320175,-106.8690033
IATA,ASF,46.2832984924,48.0063018799
IATA,ASH,42.7817001343,-71.51480102539999
IATA,ASI,-7.9696,-14.3937
IATA,ASJ,28.430599212646484,129.71299743652344
IATA,ASK,6.9031701088,-5.36558008194
IATA,ASM,15.291899681091309,38.910701751708984
IATA,ASN,33.569900512699995,-86.05090332030001
IATA,ASO,10.018500328063965,34.586299896240234
IATA,ASP,-23.806699752807617,133.90199279785156
IATA,ASR,38.770401001,35.4953994751
IATA,ASS,-24.744165,31.522499
IATA,AST,46.158000946,-123.878997803
IATA,ASU,-25.239999771118164,-57.52000045776367
IATA,ASV,-2.645050048828125,37.25310134887695
IATA,ASW,23.9643993378,32.8199996948
IATA,ATA,-9.347439765930176,-77.59839630126953
IATA,ATB,17.710344314575195,34.0570182800293
IATA,ATC,24.6294,-75.673797
IATA,ATD,-8.87333,161.011002
IATA,ATF,-1.2120699882507324,-78.57460021972656
IATA,ATG,33.8690986633,72.4009017944
IATA,ATH,37.9364013672,23.9444999695
IATA,ATI,-30.400699615478516,-56.50790023803711
IATA,ATJ,-19.8392214824,47.063713073699994
IATA,ATK,70.46730041503906,-157.43600463867188
IATA,ATL,33.6367,-84.428101
IATA,ATM,-3.2539100646973,-52.254001617432
IATA,ATO,39.2109985352,-82.23139953610001
IATA,ATQ,31.7096004486,74.7973022461
IATA,ATR,20.506799697875977,-13.04319953918457
IATA,ATW,44.258098602299995,-88.5190963745
IATA,ATY,44.91400146,-97.15470123
IATA,ATZ,27.0464992523,31.0119991302
IATA,AUA,12.5014,-70.015198
IATA,AUC,7.06888,-70.7369
IATA,AUF,47.85020065307617,3.497109889984131
IATA,AUG,44.320598602299995,-69.7973022461
IATA,AUH,24.433000564575195,54.651100158691406
IATA,AUK,62.680042266799994,-164.659927368
IATA,AUO,32.615101,-85.433998
IATA,AUQ,-9.76879024506,-139.011001587
IATA,AUR,44.89139938354492,2.4219400882720947
IATA,AUS,30.194499969482422,-97.6698989868164
IATA,AUU,-13.354067,141.72065
IATA,AUW,44.9262008667,-89.6266021729
IATA,AUX,-7.22787,-48.240501
IATA,AUY,-20.2492008209,169.770996094
IATA,AVA,26.2605555556,105.873333333
IATA,AVB,46.031898,12.596503
IATA,AVI,22.027099609375,-78.78959655761719
IATA,AVK,46.250301361083984,102.802001953125
IATA,AVL,35.43619918823242,-82.54180145263672
IATA,AVN,43.90729904174805,4.901830196380615
IATA,AVO,27.59119987,-81.52780151
IATA,AVP,41.338500976599995,-75.72339630130001
IATA,AVR,38.883301,-9.0301
IATA,AVV,-38.039398,144.468994
IATA,AVW,32.4095993042,-111.218002319
IATA,AVX,33.4049,-118.416
IATA,AWA,7.066999912261963,38.5
IATA,AWD,-19.2346,169.6009
IATA,AWK,19.282100677490234,166.63600158691406
IATA,AWZ,31.337400436399996,48.7620010376
IATA,AXA,18.2048,-63.055099
IATA,AXD,40.855899810791016,25.956300735473633
IATA,AXF,38.74831,105.58858
IATA,AXJ,32.482498,130.158997
IATA,AXK,14.551300048828125,46.82619857788086
IATA,AXM,4.45278,-75.7664
IATA,AXN,45.8662986755,-95.39469909670001
IATA,AXP,22.441799163800003,-73.97090148930002
IATA,AXR,-15.248299598693848,-146.61700439453125
IATA,AXT,39.6156005859375,140.218994140625
IATA,AXU,14.14680004119873,38.77280044555664
IATA,AYK,50.318599700927734,66.95279693603516
IATA,AYO,-27.370554,-56.854064
IATA,AYP,-13.154800415039062,-74.20439910888672
IATA,AYQ,-25.1861,130.975998
IATA,AYS,31.2490997314,-82.39550018310001
IATA,AYT,36.898701,30.800501
IATA,AYW,-1.1593,132.4633
IATA,AZA,33.30780029,-111.6549988
IATA,AZD,31.9048995972,54.2765007019
IATA,AZI,24.428300857543945,54.458099365234375
IATA,AZN,40.7276992798,72.2939987183
IATA,AZO,42.234901428222656,-85.5521011352539
IATA,AZR,27.837600708007812,-0.18641400337219238
IATA,AZS,19.2670001984,-69.7419967651
IATA,BAB,39.136100769,-121.43699646
IATA,BAD,32.5018005371,-93.6626968384
IATA,BAF,42.157799,-72.715599
IATA,BAG,16.375099182128906,120.62000274658203
IATA,BAH,26.27079963684082,50.63359832763672
IATA,BAI,9.163949,-83.330171
IATA,BAL,37.929000854499996,41.1166000366
IATA,BAQ,10.8896,-74.7808
IATA,BAR,19.13824,110.454775
IATA,BAS,-6.990745,155.886656
IATA,BAT,-20.584499359131,-48.594100952148
IATA,BAU,-22.3449993134,-49.0537986755
IATA,BAV,40.560001373291016,109.99700164794922
IATA,BAX,53.363800048828125,83.53849792480469
IATA,BAY,47.65840148925781,23.469999313354492
IATA,BAZ,-0.981292,-62.919601
IATA,BBA,-45.916099548339844,-71.68949890136719
IATA,BBC,28.9733009338,-95.8635025024
IATA,BBD,31.1793003082,-99.3238983154
IATA,BBG,3.08583,172.811005
IATA,BBH,54.338253,12.710515
IATA,BBI,20.244400024399997,85.8178024292
IATA,BBJ,49.945278,6.565
IATA,BBK,-17.83289909362793,25.162399291992188
IATA,BBL,-27.405633,141.809458
IATA,BBM,13.095600128173828,103.2239990234375
IATA,BBN,3.7338900566101074,115.47899627685547
IATA,BBO,10.389200210571289,44.94110107421875
IATA,BBP,50.6781005859,-1.10943996906
IATA,BBQ,17.635799,-61.828602
IATA,BBR,16.0132999420166,-61.7421989440918
IATA,BBS,51.32389831542969,-0.8475000262260437
IATA,BBT,4.2215800285339355,15.786399841308594
IATA,BBU,44.50320053100586,26.102100372314453
IATA,BBX,40.1375007629,-75.2650985718
IATA,BCA,20.365299224853516,-74.5062026977539
IATA,BCD,10.7764,123.014999
IATA,BCE,37.706401825,-112.144996643
IATA,BCH,-8.489029884339999,126.401000977
IATA,BCI,-23.5652999878,145.307006836
IATA,BCL,10.768699645996094,-83.58560180664062
IATA,BCM,46.52190017700195,26.91029930114746
IATA,BCN,41.2971,2.07846
IATA,BCO,5.78287,36.562
IATA,BCT,26.3784999847,-80.1076965332
IATA,BCU,10.482833,9.744
IATA,BDA,32.36399841308594,-64.67870330810547
IATA,BDB,-24.903900146499996,152.319000244
IATA,BDD,-10.149999618499999,142.1734
IATA,BDE,48.7284011841,-94.612197876
IATA,BDH,26.531999588,54.824798584
IATA,BDI,-3.72472,55.205299
IATA,BDJ,-3.4423599243164062,114.76300048828125
IATA,BDL,41.9388999939,-72.68319702149999
IATA,BDM,40.31800079345703,27.977699279785156
IATA,BDN,24.84149932861328,68.8384017944336
IATA,BDO,-6.900629997253418,107.57599639892578
IATA,BDP,26.5708007812,88.07959747310001
IATA,BDQ,22.336201,73.226303
IATA,BDR,41.16350173950195,-73.1261978149414
IATA,BDS,40.6576,17.947001
IATA,BDT,4.253210067749023,20.975299835205078
IATA,BDU,69.055801391602,18.540399551392
IATA,BEB,57.48109817504883,-7.3627800941467285
IATA,BEC,37.694499969499994,-97.21499633790002
IATA,BED,42.47000122,-71.28900146
IATA,BEF,11.991000175476074,-83.77410125732422
IATA,BEG,44.8184013367,20.3090991974
IATA,BEI,9.38638973236084,34.52190017700195
IATA,BEJ,2.1555,117.431999
IATA,BEK,28.4221000671,79.45079803470001
IATA,BEL,-1.3792500495900002,-48.4762992859
IATA,BEM,32.401895,-6.315905
IATA,BEN,32.096801757799994,20.2695007324
IATA,BEO,-33.0667,151.647995
IATA,BEP,15.162799835205078,76.88279724121094
IATA,BEQ,52.34260177612305,0.7729390263557434
IATA,BES,48.447898864746094,-4.418540000915527
IATA,BET,60.77980042,-161.8379974
IATA,BEU,-24.346099853515625,139.4600067138672
IATA,BEV,31.287000656128,34.722999572754
IATA,BEW,-19.79640007019043,34.90760040283203
IATA,BEX,51.616401672399995,-1.09582996368
IATA,BEY,33.820899963378906,35.488399505615234
IATA,BEZ,-1.3547199964523315,176.0070037841797
IATA,BFD,41.8031005859375,-78.64009857177734
IATA,BFE,51.964722,8.544444
IATA,BFF,41.87400055,-103.5960007
IATA,BFH,-25.4050998688,-49.23199844359999
IATA,BFI,47.529998779296875,-122.302001953125
IATA,BFJ,27.267066,105.472097
IATA,BFK,39.701698303200004,-104.751998901
IATA,BFL,35.43360138,-119.0569992
IATA,BFM,30.626800537100003,-88.06809997559999
IATA,BFN,-29.092699050900002,26.302400589
IATA,BFO,-21.008101,31.5786
IATA,BFP,40.7724990845,-80.39140319820001
IATA,BFS,54.6575012207,-6.2158298492399995
IATA,BFT,32.4122009277,-80.6343994141
IATA,BFU,32.8477333333,117.320244444
IATA,BFV,15.229499816894531,103.25299835205078
IATA,BFW,35.1717987061,-0.593275010586
IATA,BFX,5.536920070650001,10.354599952700001
IATA,BGA,7.1265,-73.1848
IATA,BGC,41.8578,-6.70713
IATA,BGD,35.700901031499995,-101.393997192
IATA,BGE,30.9715004,-84.63739777
IATA,BGF,4.39847993850708,18.518800735473633
IATA,BGG,38.8592605591,40.5959625244
IATA,BGI,13.0746002197,-59.4925003052
IATA,BGL,28.212799072265625,83.66629791259766
IATA,BGM,42.20869827,-75.97979736
IATA,BGN,68.556602,146.231506
IATA,BGO,60.29339981,5.218140125
IATA,BGR,44.80739974975586,-68.8281021118164
IATA,BGW,33.262500762900004,44.2346000671
IATA,BGX,-31.39049911499,-54.112201690674
IATA,BGY,45.673901,9.70417
IATA,BGZ,41.5871009827,-8.445139884949999
IATA,BHB,44.45000076,-68.3615036
IATA,BHD,54.618099212646484,-5.872499942779541
IATA,BHE,-41.5182991027832,173.8699951171875
IATA,BHG,15.7631,-84.543602
IATA,BHH,19.984399795532227,42.62089920043945
IATA,BHI,-38.725,-62.1693
IATA,BHJ,23.2877998352,69.6701965332
IATA,BHK,39.775001525878906,64.4832992553711
IATA,BHM,33.56290054,-86.75350189
IATA,BHN,14.781999588012695,45.72010040283203
IATA,BHO,23.2875003815,77.3374023438
IATA,BHP,27.14739990234375,87.05079650878906
IATA,BHQ,-32.0013999939,141.472000122
IATA,BHR,27.678101,84.429398
IATA,BHS,-33.4094009399,149.651992798
IATA,BHU,21.752199173,72.1852035522
IATA,BHV,29.348100662231445,71.71800231933594
IATA,BHW,32.056098938,72.94840240479999
IATA,BHX,52.453899383499994,-1.74802994728
IATA,BHY,21.5394,109.293999
IATA,BIA,42.55270004272461,9.48373031616211
IATA,BIB,3.102220058441162,43.62860107421875
IATA,BID,41.1680984497,-71.577796936
IATA,BIF,31.84950066,-106.3799973
IATA,BIG,63.9944992065,-145.722000122
IATA,BIH,37.3731002808,-118.363998413
IATA,BIK,-1.190019965171814,136.10800170898438
IATA,BIL,45.807701110839844,-108.54299926757812
IATA,BIM,25.6998996735,-79.2647018433
IATA,BIN,34.81700134277344,67.81700134277344
IATA,BIO,43.30110168457031,-2.9106099605560303
IATA,BIQ,43.4683333,-1.5311111
IATA,BIR,26.48150062561035,87.26399993896484
IATA,BIS,46.772701263427734,-100.74600219726562
IATA,BIU,65.64129638671875,-23.546199798583984
IATA,BIX,30.4104003906,-88.92440032959999
IATA,BIY,-32.8970985413,27.279100418099997
IATA,BJA,36.7120018005,5.0699200630200005
IATA,BJB,37.49300003051758,57.30820083618164
IATA,BJC,39.90879822,-105.1169968
IATA,BJF,70.60050201416,29.691400527954
IATA,BJH,29.538999557495117,81.1854019165039
IATA,BJI,47.50939941,-94.93370056
IATA,BJL,13.338000297546387,-16.65220069885254
IATA,BJM,-3.3240199089050293,29.318500518798828
IATA,BJO,-22.7733001709,-64.31289672850001
IATA,BJP,-22.979162,-46.537508
IATA,BJR,11.608099937438965,37.32160186767578
IATA,BJU,29.50200080871582,81.66899871826172
IATA,BJV,37.25059890749999,27.6643009186
IATA,BJW,-8.70743498008,121.057426929
IATA,BJX,20.9935,-101.481003
IATA,BJY,44.935299,20.2575
IATA,BJZ,38.891300201416016,-6.8213300704956055
IATA,BKA,55.6171989441,38.0600013733
IATA,BKB,28.070600509643555,73.20719909667969
IATA,BKC,65.9815979004,-161.149002075
IATA,BKD,32.71900177,-98.89099884030001
IATA,BKE,44.837299346900004,-117.808998108
IATA,BKG,36.532082,-93.200544
IATA,BKH,22.022800445599998,-159.785003662
IATA,BKI,5.9372100830078125,116.0510025024414
IATA,BKK,13.681099891662598,100.74700164794922
IATA,BKL,41.51750183105469,-81.68329620361328
IATA,BKM,3.9739999771118164,115.61799621582031
IATA,BKO,12.5335,-7.94994
IATA,BKQ,-24.427799224900003,145.429000854
IATA,BKS,-3.8637,102.338997
IATA,BKW,37.787300109899995,-81.1241989136
IATA,BKY,-2.3089799880981445,28.808799743652344
IATA,BKZ,-1.332,31.8212
IATA,BLA,10.111111,-64.692222
IATA,BLB,8.91479,-79.599602
IATA,BLE,60.422000885009766,15.515199661254883
IATA,BLF,37.295799255371094,-81.20770263671875
IATA,BLG,2.65000009537,113.766998291
IATA,BLH,33.6192016602,-114.717002869
IATA,BLI,48.79280090332031,-122.53800201416016
IATA,BLJ,35.752101898199996,6.308589935300001
IATA,BLK,53.77170181274414,-3.0286099910736084
IATA,BLL,55.7402992249,9.15178012848
IATA,BLN,-36.55189895629883,146.0070037841797
IATA,BLQ,44.5354,11.2887
IATA,BLR,13.1979,77.706299
IATA,BLT,-23.603099822998047,148.8070068359375
IATA,BLV,38.5452,-89.835197
IATA,BLZ,-15.679100036621094,34.9739990234375
IATA,BMA,59.354400634765625,17.941699981689453
IATA,BMB,2.18278,22.481701
IATA,BMC,41.552399,-112.061996
IATA,BMD,-19.6867008209,44.541900634799994
IATA,BME,-17.944700241088867,122.23200225830078
IATA,BMG,39.145999908447266,-86.61669921875
IATA,BMI,40.47710037,-88.91590118
IATA,BMK,53.59639,6.709167
IATA,BMM,2.0756399631500244,11.493200302124023
IATA,BMO,24.268999099731445,97.24620056152344
IATA,BMP,-20.803300857543945,149.27000427246094
IATA,BMR,53.72472381591797,7.373332977294922
IATA,BMT,30.0706996918,-94.21579742430002
IATA,BMU,-8.5396499633789,118.68699645996
IATA,BMV,12.668299675,108.120002747
IATA,BMW,21.375,0.923888981342
IATA,BMX,59.3611984253,-155.259002686
IATA,BMY,-19.720600128173828,163.66099548339844
IATA,BNA,36.1245002746582,-86.6781997680664
IATA,BNB,-0.21699999272823334,20.850000381469727
IATA,BNC,0.575,29.4739
IATA,BND,27.218299865722656,56.37779998779297
IATA,BNE,-27.384199142456055,153.11700439453125
IATA,BNG,33.9230995178,-116.850997925
IATA,BNI,6.316979885101318,5.5995001792907715
IATA,BNJ,50.7688903809,7.16333293915
IATA,BNK,-28.8339004517,153.56199646
IATA,BNM,-9.107777777779999,147.666722222
IATA,BNN,65.461097717285,12.217499732971
IATA,BNO,43.5918998718,-118.955001831
IATA,BNP,32.9729,70.527901
IATA,BNS,8.615,-70.21416667
IATA,BNU,-26.83060073852539,-49.090301513671875
IATA,BNX,44.94139862060547,17.297500610351562
IATA,BOA,-5.854000091552734,13.064000129699707
IATA,BOB,-16.444400787353516,-151.75100708007812
IATA,BOC,9.340849876403809,-82.25080108642578
IATA,BOD,44.828300476100004,-0.715556025505
IATA,BOG,4.70159,-74.1469
IATA,BOH,50.779998779296875,-1.8424999713897705
IATA,BOI,43.5644,-116.223
IATA,BOJ,42.56959915161133,27.515199661254883
IATA,BOM,19.0886993408,72.8678970337
IATA,BON,12.130999565124512,-68.26850128173828
IATA,BOO,67.26920318603516,14.365300178527832
IATA,BOR,47.655601501465,7.0108299255371
IATA,BOS,42.36429977,-71.00520325
IATA,BOU,47.058101654052734,2.3702800273895264
IATA,BOW,27.943399429299998,-81.78340148930002
IATA,BOX,-16.075300216674805,136.302001953125
IATA,BOY,11.160099983215332,-4.33096981048584
IATA,BPC,6.039239883422852,10.122599601745605
IATA,BPE,39.666389,119.058889
IATA,BPF,-8.56202777778,158.119305556
IATA,BPG,-15.861300468400001,-52.3889007568
IATA,BPH,8.19594955444336,126.3219985961914
IATA,BPI,42.58509827,-110.1110001
IATA,BPL,44.895,82.3
IATA,BPM,17.4531002045,78.4675979614
IATA,BPN,-1.26827001572,116.893997192
IATA,BPS,-16.438601,-39.080898
IATA,BPT,29.9507999420166,-94.02069854736328
IATA,BPX,30.553600311279297,97.1082992553711
IATA,BPY,-16.744530296500002,44.4824838638
IATA,BQA,15.729309,121.500034
IATA,BQB,-33.6884231567,115.401596069
IATA,BQE,11.297355651855469,-15.838079452514648
IATA,BQG,52.38,140.448
IATA,BQH,51.33079910279999,0.0324999988079
IATA,BQJ,67.648002624512,134.69500732422
IATA,BQK,31.258800506591797,-81.46649932861328
IATA,BQL,-22.913299560546875,139.89999389648438
IATA,BQN,18.49489974975586,-67.12940216064453
IATA,BQS,50.42539978027344,127.41200256347656
IATA,BQT,52.108299,23.8981
IATA,BQU,12.9884004593,-61.2620010376
IATA,BRA,-12.078900337219238,-45.00899887084961
IATA,BRC,-41.151199,-71.157501
IATA,BRD,46.39830017,-94.13809967
IATA,BRE,53.0475006104,8.78666973114
IATA,BRI,41.138901,16.760599
IATA,BRK,-30.039199829101562,145.95199584960938
IATA,BRL,40.783199310302734,-91.12550354003906
IATA,BRM,10.042746543884277,-69.3586196899414
IATA,BRN,46.914100647,7.497149944309999
IATA,BRO,25.90679931640625,-97.4259033203125
IATA,BRQ,49.15129852294922,16.694400787353516
IATA,BRR,57.0228,-7.44306
IATA,BRS,51.382702,-2.71909
IATA,BRT,-11.769200325012207,130.6199951171875
IATA,BRU,50.901401519800004,4.48443984985
IATA,BRV,53.506943,8.572778
IATA,BRW,71.285402,-156.766008
IATA,BRX,18.25149917602539,-71.12039947509766
IATA,BSA,11.275300025939941,49.14939880371094
IATA,BSB,-15.86916732788086,-47.920833587646484
IATA,BSC,6.20292,-77.3947
IATA,BSD,25.053301,99.168297
IATA,BSF,19.760099411,-155.554000854
IATA,BSG,1.9054700136184692,9.805680274963379
IATA,BSJ,-37.88750076293945,147.5679931640625
IATA,BSK,34.793300628699996,5.73823022842
IATA,BSL,47.59,7.5291667
IATA,BSO,20.4513,121.980003
IATA,BSR,30.549100875854492,47.66210174560547
IATA,BST,31.55970001220703,64.36499786376953
IATA,BSU,1.2247200012207031,19.78890037536621
IATA,BSX,16.815201,94.7799
IATA,BTC,7.70576,81.678802
IATA,BTE,7.5324201583862305,-12.518899917602539
IATA,BTH,1.12102997303,104.119003296
IATA,BTI,70.1340026855,-143.582000732
IATA,BTJ,5.522872024010001,95.42063713070002
IATA,BTK,56.370601654052734,101.697998046875
IATA,BTL,42.307300567599995,-85.2515029907
IATA,BTM,45.95479965209961,-112.49700164794922
IATA,BTR,30.533199,-91.149597
IATA,BTS,48.17020034790039,17.21269989013672
IATA,BTT,66.91390228,-151.529007
IATA,BTU,3.12385010719,113.019996643
IATA,BTV,44.471900939899996,-73.15329742429999
IATA,BTW,-3.4124100208300003,115.995002747
IATA,BTZ,40.233299255371094,29.009199142456055
IATA,BUA,-5.4223198890686035,154.67300415039062
IATA,BUC,-17.748600006103516,139.53399658203125
IATA,BUD,47.42976,19.261093
IATA,BUF,42.94049835,-78.73220062
IATA,BUG,-12.609000206,13.4036998749
IATA,BUI,-3.6822,138.6755
IATA,BUJ,35.33250045776367,4.206389904022217
IATA,BUL,-7.216286671410001,146.649541855
IATA,BUN,3.81963,-76.9898
IATA,BUO,9.5275,45.5549
IATA,BUP,30.270099639892578,74.75579833984375
IATA,BUQ,-20.017401,28.617901
IATA,BUR,34.20069885253906,-118.35900115966797
IATA,BUS,41.6102981567,41.5997009277
IATA,BUT,27.5622,90.7471
IATA,BUU,-1.1278,102.135
IATA,BUW,-5.486879825592041,122.56900024414062
IATA,BUX,1.5657199621200562,30.220800399780273
IATA,BUY,-33.378299713134766,115.677001953125
IATA,BUZ,28.9447994232,50.8345985413
IATA,BVA,49.45439910888672,2.1127800941467285
IATA,BVB,2.84138894081,-60.6922225952
IATA,BVC,16.136499404907227,-22.888900756835938
IATA,BVE,45.039722,1.485556
IATA,BVG,70.871399,29.034201
IATA,BVH,-12.694399833679,-60.098300933838
IATA,BVI,-25.897499084472656,139.34800720214844
IATA,BVS,-1.6365300416946411,-50.443599700927734
IATA,BVY,42.584201812699995,-70.91649627689999
IATA,BWA,27.505685,83.416293
IATA,BWB,-20.86440086364746,115.40599822998047
IATA,BWE,52.319199,10.5561
IATA,BWF,54.1286111,-3.2675
IATA,BWG,36.964500427199994,-86.41970062259999
IATA,BWH,5.4659199714660645,100.39099884033203
IATA,BWI,39.1754,-76.668297
IATA,BWK,43.285701751708984,16.67970085144043
IATA,BWN,4.944200038909912,114.9280014038086
IATA,BWO,51.8582992554,47.7456016541
IATA,BWQ,-29.973899841308594,146.81700134277344
IATA,BWT,-40.9989013671875,145.7310028076172
IATA,BWU,-33.924400329589844,150.98800659179688
IATA,BWW,22.621299743699996,-79.1472015381
IATA,BWX,-8.31015,114.3401
IATA,BXB,-2.5322399139404297,133.43899536132812
IATA,BXE,14.847299575805664,-12.468299865722656
IATA,BXG,-36.7393989563,144.330001831
IATA,BXH,46.8932991027832,75.00499725341797
IATA,BXK,33.42039871,-112.685997
IATA,BXN,37.140098571777344,27.669700622558594
IATA,BXO,46.974444,8.396944
IATA,BXP,52.00078,23.1325278
IATA,BXR,29.084199905395508,58.45000076293945
IATA,BXU,8.9515,125.4788
IATA,BXY,45.621994,63.210773
IATA,BYC,-21.960899353027344,-63.65169906616211
IATA,BYF,49.9715003967,2.69765996933
IATA,BYH,35.9642982483,-89.94400024410001
IATA,BYI,42.542598724399994,-113.772003174
IATA,BYJ,38.078899,-7.9324
IATA,BYK,7.738800048828125,-5.073669910430908
IATA,BYM,20.396400451660156,-76.62139892578125
IATA,BYN,46.163299560546875,100.7040023803711
IATA,BYO,-21.247299,-56.452499
IATA,BYP,-22.673900604248,119.16600036621
IATA,BYQ,3.45571994781,117.866996765
IATA,BYR,57.277198791503906,11.000100135803223
IATA,BYS,35.2804985046,-116.629997253
IATA,BYT,51.66859817504883,-9.484169960021973
IATA,BYU,49.985001,11.64
IATA,BZA,13.949999809265137,-84.5999984741211
IATA,BZC,-22.770999908447266,-41.96289825439453
IATA,BZD,-34.623600006103516,143.5780029296875
IATA,BZE,17.539100646972656,-88.30819702148438
IATA,BZG,53.096801757799994,17.9776992798
IATA,BZH,-16.8169994354,28.3500003815
IATA,BZI,39.619300842285156,27.926000595092773
IATA,BZK,53.214199,34.176399
IATA,BZL,22.801000595092773,90.30120086669922
IATA,BZN,45.77750015,-111.1529999
IATA,BZO,46.460201,11.3264
IATA,BZR,43.32350158691406,3.3538999557495117
IATA,BZU,2.818350076675415,24.793699264526367
IATA,BZV,-4.251699924468994,15.253000259399414
IATA,BZY,47.843056,27.777222
IATA,BZZ,51.75,-1.58362
IATA,CAB,-5.59699010848999,12.188400268554688
IATA,CAC,-25.0002994537,-53.500801086399996
IATA,CAE,33.93880081176758,-81.11949920654297
IATA,CAF,-4.871520042419434,-66.89749908447266
IATA,CAG,39.251499,9.05428
IATA,CAH,9.177667,105.177778
IATA,CAI,30.12190055847168,31.40559959411621
IATA,CAJ,6.231988906860352,-62.85443115234375
IATA,CAK,40.916099548339844,-81.44219970703125
IATA,CAL,55.437198638916016,-5.686389923095703
IATA,CAN,23.39240074157715,113.29900360107422
IATA,CAP,19.733,-72.194702
IATA,CAQ,7.96847,-75.1985
IATA,CAR,46.871498107899995,-68.0178985596
IATA,CAT,38.724998,-9.35523
IATA,CAU,-8.282389640808105,-36.01350021362305
IATA,CAW,-21.698299408,-41.301700592
IATA,CAX,54.9375,-2.8091700077056885
IATA,CAY,4.819809913639999,-52.360401153599994
IATA,CAZ,-31.538299560546875,145.79400634765625
IATA,CBB,-17.421100616455078,-66.1771011352539
IATA,CBD,9.152509689331055,92.8196029663086
IATA,CBE,39.615398407,-78.7609024048
IATA,CBF,41.2592010498,-95.760597229
IATA,CBG,52.205002,0.175
IATA,CBH,31.645700454711914,-2.269860029220581
IATA,CBJ,17.929000854492188,-71.6447982788086
IATA,CBL,8.12216091156,-63.5369567871
IATA,CBM,33.6437988281,-88.44380187990001
IATA,CBN,-6.756140232090001,108.540000916
IATA,CBO,7.1652398109436035,124.20999908447266
IATA,CBQ,4.976019859313965,8.347200393676758
IATA,CBR,-35.30690002441406,149.19500732421875
IATA,CBT,-12.4792,13.4869
IATA,CBU,51.889442,14.531944
IATA,CBV,15.468999862670898,-90.40670013427734
IATA,CCA,-16.976834,-65.145568
IATA,CCB,34.1115989685,-117.68800354
IATA,CCC,22.461000442499998,-78.32839965820001
IATA,CCF,43.215999603271484,2.3063199520111084
IATA,CCH,-46.58330154418945,-71.6874008178711
IATA,CCI,-27.180599212646484,-52.05270004272461
IATA,CCJ,11.1367998123,75.95529937740001
IATA,CCK,-12.1883001328,96.8339004517
IATA,CCL,-26.774999618530273,150.61700439453125
IATA,CCM,-28.7244434357,-49.4213905334
IATA,CCN,34.53300094604492,65.26699829101562
IATA,CCP,-36.772701,-73.063103
IATA,CCR,37.9897003174,-122.056999207
IATA,CCS,10.601194,-66.991222
IATA,CCU,22.654699325561523,88.44670104980469
IATA,CCV,-16.264999,167.923996
IATA,CCX,-16.04360008239746,-57.62990188598633
IATA,CCY,43.0726013184,-92.6108016968
IATA,CCZ,25.41710090637207,-77.88089752197266
IATA,CDA,-12.903300285339355,132.53199768066406
IATA,CDB,55.20610046386719,-162.72500610351562
IATA,CDC,37.70100021362305,-113.0989990234375
IATA,CDE,41.1225,118.073889
IATA,CDG,49.012798,2.55
IATA,CDJ,-8.348349571228027,-49.30149841308594
IATA,CDN,34.2835998535,-80.56490325930001
IATA,CDP,14.51,78.772778
IATA,CDR,42.837600708,-103.095001221
IATA,CDS,34.4337997437,-100.288002014
IATA,CDT,40.213889,0.073333
IATA,CDU,-34.04029846191406,150.68699645996094
IATA,CDV,60.4917984,-145.4779968
IATA,CDW,40.875198364300005,-74.2814025879
IATA,CEB,10.307499885559,123.97899627686
IATA,CEC,41.78020096,-124.2369995
IATA,CED,-32.13059997558594,133.7100067138672
IATA,CEE,59.273601532,38.015800476100004
IATA,CEF,42.19400024,-72.53479767
IATA,CEG,53.1781005859375,-2.9777801036834717
IATA,CEI,19.952299118,99.88289642330001
IATA,CEJ,51.4021987915,31.1583003998
IATA,CEK,55.305801,61.5033
IATA,CEM,65.57379913,-144.7830048
IATA,CEN,27.39259910583496,-109.83300018310547
IATA,CEQ,43.542,6.95348
IATA,CER,49.65010070800781,-1.4702800512313843
IATA,CES,-32.787498,151.341995
IATA,CET,47.08209991455078,-0.8770639896392822
IATA,CEU,34.6719017,-82.8864975
IATA,CEW,30.778799057,-86.522102356
IATA,CEZ,37.3030014038,-108.627998352
IATA,CFB,-22.921699523900003,-42.074298858599995
IATA,CFC,-26.78840065,-50.9398002625
IATA,CFD,30.715700149499998,-96.3313980103
IATA,CFE,45.7867012024,3.1691699028
IATA,CFG,22.149999618530273,-80.41419982910156
IATA,CFK,36.2126998901,1.33176994324
IATA,CFN,55.0442008972168,-8.340999603271484
IATA,CFO,-10.634400367736816,-51.5635986328125
IATA,CFR,49.173301696777344,-0.44999998807907104
IATA,CFS,-30.3206005096,153.115997314
IATA,CFU,39.601898193359375,19.911699295043945
IATA,CFV,37.09400177,-95.5718994141
IATA,CGB,-15.6528997421,-56.1166992188
IATA,CGD,28.9188995361,111.63999939
IATA,CGF,41.5651016235,-81.4863967896
IATA,CGH,-23.626110076904297,-46.65638732910156
IATA,CGI,37.22529983520508,-89.57080078125
IATA,CGJ,-12.572799682617,27.893899917603
IATA,CGK,-6.1255698204,106.65599823
IATA,CGM,9.253520011901855,124.70700073242188
IATA,CGN,50.8658981323,7.1427397728
IATA,CGO,34.519699096699995,113.841003418
IATA,CGP,22.24959945678711,91.81330108642578
IATA,CGQ,43.9962005615,125.684997559
IATA,CGR,-20.468700408900002,-54.6725006104
IATA,CGX,41.85879898071289,-87.60790252685547
IATA,CGY,8.612203,124.456496
IATA,CGZ,32.954899,-111.766998
IATA,CHA,35.035301208496094,-85.20379638671875
IATA,CHC,-43.48939895629883,172.53199768066406
IATA,CHF,35.140248,128.696229
IATA,CHG,41.538101,120.434998
IATA,CHH,-6.201809883117676,-77.8561019897461
IATA,CHM,-9.149609565734863,-78.5238037109375
IATA,CHN,35.87808,127.119112
IATA,CHO,38.13859939575195,-78.4529037475586
IATA,CHQ,35.531700134277344,24.149700164794922
IATA,CHR,46.860278,1.721111
IATA,CHS,32.89860153,-80.04049683
IATA,CHT,-43.810001373291016,-176.45700073242188
IATA,CHU,61.579102,-159.216003
IATA,CHX,9.458962,-82.515062
IATA,CHY,-6.711944,156.396111
IATA,CIA,41.7994,12.5949
IATA,CIC,39.79539871,-121.8580017
IATA,CID,41.884700775146484,-91.71080017089844
IATA,CIF,42.23500061035156,118.90799713134766
IATA,CIH,36.247501,113.125999
IATA,CIJ,-11.040399551400002,-68.7829971313
IATA,CIK,66.6449966431,-143.740005493
IATA,CIO,-23.442363,-57.427253
IATA,CIP,-13.558300018310547,32.58720016479492
IATA,CIS,-2.7681200504300003,-171.710006714
IATA,CIT,42.364200592041016,69.47889709472656
IATA,CIU,46.25080108642578,-84.47239685058594
IATA,CIW,12.699,-61.3424
IATA,CIX,-6.787479877471924,-79.8281021118164
IATA,CIY,36.994601,14.607182
IATA,CIZ,-4.134059906005859,-63.132598876953125
IATA,CJA,-7.1391801834106445,-78.4894027709961
IATA,CJB,11.029999733,77.0434036255
IATA,CJC,-22.498199462890625,-68.90360260009766
IATA,CJF,-22.96669960022,118.81300354004
IATA,CJJ,36.717008,127.498741
IATA,CJL,35.886600494384766,71.80059814453125
IATA,CJM,10.711199760437012,99.36170196533203
IATA,CJN,-7.719895,108.488995
IATA,CJS,31.63610076904297,-106.42900085449219
IATA,CJU,33.51129913330078,126.49299621582031
IATA,CKB,39.2966003418,-80.2281036377
IATA,CKC,49.41559982299805,31.99530029296875
IATA,CKG,29.719200134277344,106.64199829101562
IATA,CKH,70.62310028076172,147.90199279785156
IATA,CKI,-11.164999961853027,132.48300170898438
IATA,CKL,55.8783,38.061699
IATA,CKS,-6.11527776718,-50.0013885498
IATA,CKT,36.50120162963867,61.06489944458008
IATA,CKV,36.6218986511,-87.4150009155
IATA,CKY,9.57689,-13.612
IATA,CKZ,40.1376991272,26.4267997742
IATA,CLD,33.12829971,-117.2799988
IATA,CLE,41.4117012024,-81.8498001099
IATA,CLJ,46.78519821166992,23.686199188232422
IATA,CLL,30.58860016,-96.36380005
IATA,CLM,48.120201110839844,-123.5
IATA,CLN,-7.32043981552124,-47.45869827270508
IATA,CLO,3.54322,-76.3816
IATA,CLP,58.83369827,-158.529007
IATA,CLQ,19.277,-103.577002
IATA,CLS,46.676998138399995,-122.983001709
IATA,CLT,35.2140007019043,-80.94309997558594
IATA,CLU,39.2619018555,-85.8963012695
IATA,CLV,-17.725299835205,-48.607498168945
IATA,CLW,27.9766998291,-82.7586975098
IATA,CLY,42.5244444,8.7930556
IATA,CLZ,8.92465591430664,-67.4170913696289
IATA,CMA,-28.030000686645508,145.6219940185547
IATA,CMB,7.180759906768799,79.88410186767578
IATA,CMD,-34.6239013671875,148.0279998779297
IATA,CME,18.65369987487793,-91.79900360107422
IATA,CMF,45.638099670410156,5.880229949951172
IATA,CMG,-19.0119438171,-57.6713905334
IATA,CMH,39.998001,-82.891899
IATA,CMI,40.03919983,-88.27809906
IATA,CMJ,23.2131004333,119.417999268
IATA,CMK,-14.306900024414062,35.13249969482422
IATA,CMN,33.36750030517578,-7.589970111846924
IATA,CMP,-9.31997013092041,-50.32849884033203
IATA,CMQ,-22.773099899291992,147.62100219726562
IATA,CMR,48.109901428222656,7.359010219573975
IATA,CMU,-6.024290084838867,144.9709930419922
IATA,CMW,21.420299530029297,-77.84750366210938
IATA,CMX,47.168399810791016,-88.48909759521484
IATA,CNB,-30.983299255371094,148.37600708007812
IATA,CNC,-10.050000190734863,143.07000732421875
IATA,CND,44.36220169067383,28.488300323486328
IATA,CNF,-19.62444305419922,-43.97194290161133
IATA,CNG,45.65829849243164,-0.3174999952316284
IATA,CNI,39.2666666667,122.666944444
IATA,CNJ,-20.668600082399998,140.503997803
IATA,CNL,57.503502,10.2294
IATA,CNM,32.337501525878906,-104.26300048828125
IATA,CNN,11.918614,75.547211
IATA,CNO,33.97470093,-117.637001
IATA,CNP,70.7431030273,-22.6504993439
IATA,CNQ,-27.4455,-58.7619
IATA,CNR,-26.332500457763672,-70.6072998046875
IATA,CNS,-16.885799408,145.755004883
IATA,CNU,37.668800354,-95.4850997925
IATA,CNW,31.637800216699997,-97.0740966797
IATA,CNX,18.766799926799997,98.962600708
IATA,CNY,38.75500107,-109.7549973
IATA,COC,-31.2969,-57.9966
IATA,COD,44.520198822,-109.024002075
IATA,COE,47.77429962,-116.8199997
IATA,COF,28.2348995209,-80.6100997925
IATA,COG,5.08333,-76.7
IATA,COH,26.330499649,89.4672012329
IATA,COJ,-31.332500457763672,149.26699829101562
IATA,COK,10.152,76.401901
IATA,CON,43.20270157,-71.50229645
IATA,COO,6.357230186462402,2.384350061416626
IATA,COQ,48.13570022583008,114.64600372314453
IATA,COR,-31.323601,-64.208
IATA,COS,38.805801,-104.700996
IATA,COT,28.45669937,-99.22029877
IATA,COU,38.81809997558594,-92.21959686279297
IATA,COX,24.158701,-77.589798
IATA,COZ,18.907499313354,-70.721900939941
IATA,CPA,4.3790202140808105,-7.6969499588012695
IATA,CPB,8.63333,-77.35
IATA,CPC,-40.075401,-71.137299
IATA,CPD,-29.040000915527344,134.7209930419922
IATA,CPE,19.816799163800003,-90.5002975464
IATA,CPH,55.617900848389,12.656000137329
IATA,CPO,-27.2611999512,-70.7791976929
IATA,CPQ,-22.85919952392578,-47.10820007324219
IATA,CPR,42.908001,-106.463997
IATA,CPT,-33.9648017883,18.6016998291
IATA,CPV,-7.26992,-35.8964
IATA,CPX,18.313289,-65.304324
IATA,CQA,-13.574443817138672,-52.27055740356445
IATA,CQD,32.2971992493,50.842201232899995
IATA,CQF,50.962100982666016,1.954759955406189
IATA,CQM,38.8563888889,-3.97
IATA,CQS,-12.421099662780762,-64.25160217285156
IATA,CRA,44.31809997558594,23.888599395751953
IATA,CRC,4.75818,-75.9557
IATA,CRD,-45.7853,-67.4655
IATA,CRE,33.8116989136,-78.72389984130001
IATA,CRG,30.3362998962,-81.51439666750001
IATA,CRI,22.745599746699998,-74.1824035645
IATA,CRK,15.186,120.559998
IATA,CRL,50.459202,4.45382
IATA,CRM,12.502400398254395,124.63600158691406
IATA,CRP,27.77039909362793,-97.5011978149414
IATA,CRQ,-17.652299880981,-39.253101348877
IATA,CRV,38.9972,17.0802
IATA,CRW,38.37310028076172,-81.59320068359375
IATA,CRZ,39.08330154418945,63.61330032348633
IATA,CSA,56.0574989319,-6.243060112
IATA,CSB,45.41999816894531,22.253299713134766
IATA,CSF,49.253501892089844,2.5191400051116943
IATA,CSG,32.516300201416016,-84.93890380859375
IATA,CSH,65.0299987793,35.7333335876
IATA,CSK,12.39533,-16.748
IATA,CSM,35.3398017883,-99.20050048830001
IATA,CSO,51.8563995361,11.42029953
IATA,CSV,35.9513015747,-85.08499908450001
IATA,CSX,28.189199447599997,113.220001221
IATA,CSY,56.090301513671875,47.3473014831543
IATA,CSZ,-37.446098,-61.889301
IATA,CTA,37.466801,15.0664
IATA,CTB,48.6083984375,-112.375999451
IATA,CTC,-28.5956001282,-65.751701355
IATA,CTD,7.987840175628662,-80.40969848632812
IATA,CTG,10.4424,-75.513
IATA,CTH,39.97900009,-75.8655014
IATA,CTL,-26.4132995605,146.261993408
IATA,CTM,18.50469970703125,-88.32679748535156
IATA,CTN,-15.444700241088867,145.1840057373047
IATA,CTS,42.77519989013672,141.69200134277344
IATA,CTT,43.252498626708984,5.785190105438232
IATA,CTU,30.578500747680664,103.9469985961914
IATA,CTY,29.6354999542,-83.10479736330001
IATA,CUA,25.053800582886,-111.61499786377
IATA,CUB,33.970500946,-80.9952011108
IATA,CUC,7.92757,-72.5115
IATA,CUD,-26.799999237060547,153.10000610351562
IATA,CUE,-2.88947,-78.984398
IATA,CUF,44.547001,7.62322
IATA,CUH,35.9499015808,-96.7731018066
IATA,CUL,24.7644996643,-107.474998474
IATA,CUM,10.450332641601562,-64.1304702758789
IATA,CUN,21.036500930800003,-86.8770980835
IATA,CUP,10.660014152526855,-63.261680603027344
IATA,CUQ,-13.761133,143.113311
IATA,CUR,12.1889,-68.959801
IATA,CUT,-38.939701080300004,-69.2646026611
IATA,CUU,28.702899932900003,-105.964996338
IATA,CUZ,-13.535699844400002,-71.9387969971
IATA,CVC,-33.70970153808594,136.5050048828125
IATA,CVE,9.40092,-75.6913
IATA,CVF,45.39670181274414,6.6347198486328125
IATA,CVG,39.0488014221,-84.6678009033
IATA,CVJ,18.834800720214844,-99.26129913330078
IATA,CVM,23.7033004761,-98.9564971924
IATA,CVN,34.4250984192,-103.07900238
IATA,CVO,44.49720001,-123.2900009
IATA,CVQ,-24.880211,113.67174
IATA,CVS,34.3828010559,-103.321998596
IATA,CVT,52.3697013855,-1.4797199964499999
IATA,CVU,39.671501,-31.1136
IATA,CWA,44.7775993347,-89.6668014526
IATA,CWB,-25.5284996033,-49.1758003235
IATA,CWC,48.259300231933594,25.98080062866211
IATA,CWE,30.116399765,30.915399551399997
IATA,CWI,41.8311004639,-90.3291015625
IATA,CWJ,23.273889,99.373611
IATA,CWL,51.39670181274414,-3.343329906463623
IATA,CWT,-33.84469985961914,148.6490020751953
IATA,CWW,-35.99470138549805,146.35699462890625
IATA,CXA,7.625510215759277,-66.16280364990234
IATA,CXB,21.452199935913086,91.96389770507812
IATA,CXH,49.2943992615,-123.111000061
IATA,CXI,1.9861600399017334,-157.35000610351562
IATA,CXJ,-29.197099685699996,-51.1875
IATA,CXL,32.6694984436,-115.513000488
IATA,CXO,30.351801,-95.414497
IATA,CXP,-7.645060062410001,109.033996582
IATA,CXR,11.998200416564941,109.21900177001953
IATA,CYA,18.271099090576172,-73.78829956054688
IATA,CYB,19.687000274658203,-79.88279724121094
IATA,CYF,60.1492004395,-164.285995483
IATA,CYG,-36.18280029296875,147.88800048828125
IATA,CYI,23.46179962158203,120.39299774169922
IATA,CYO,21.6165008545,-81.5459976196
IATA,CYP,12.072699546813965,124.54499816894531
IATA,CYR,-34.456401824951,-57.770599365234
IATA,CYS,41.15570068,-104.8119965
IATA,CYT,60.080974,-142.494541
IATA,CYU,10.858099937438965,121.06900024414062
IATA,CYW,20.546,-100.887001
IATA,CYX,68.7406005859375,161.33799743652344
IATA,CYZ,16.9298992157,121.752998352
IATA,CZA,20.6413002014,-88.4461975098
IATA,CZE,11.41494369506836,-69.68090057373047
IATA,CZF,61.78030014,-166.0390015
IATA,CZL,36.2760009765625,6.620389938354492
IATA,CZM,20.52239990234375,-86.92559814453125
IATA,CZS,-7.59990978241,-72.7695007324
IATA,CZU,9.33274,-75.2856
IATA,CZX,31.919701,119.778999
IATA,DAA,38.715000152600005,-77.1809997559
IATA,DAB,29.179899,-81.058098
IATA,DAC,23.843347,90.397783
IATA,DAD,16.043899536132812,108.1989974975586
IATA,DAG,34.85369873,-116.7870026
IATA,DAL,32.847099,-96.851799
IATA,DAM,33.4114990234375,36.51559829711914
IATA,DAN,36.572898864746094,-79.33609771728516
IATA,DAR,-6.87811,39.202599
IATA,DAT,40.060299,113.482002
IATA,DAU,-9.08675956726,143.207992554
IATA,DAV,8.390999794006348,-82.43499755859375
IATA,DAX,31.1302,107.4295
IATA,DAY,39.902400970458984,-84.21939849853516
IATA,DBA,28.878299713100002,64.3998031616
IATA,DBB,30.92449951171875,28.46139907836914
IATA,DBC,45.505278,123.019722
IATA,DBD,23.833999633789062,86.42530059814453
IATA,DBM,10.350000381469727,37.71699905395508
IATA,DBN,32.56439972,-82.98529816
IATA,DBO,-32.2167015076,148.574996948
IATA,DBQ,42.40200043,-90.70950317
IATA,DBT,11.967000007629395,38.0
IATA,DBV,42.5614013671875,18.268199920654297
IATA,DCA,38.8521,-77.037697
IATA,DCF,15.336700439453125,-61.3922004699707
IATA,DCI,39.354198,8.97248
IATA,DCM,43.55630111694336,2.289180040359497
IATA,DCN,-17.5813999176,123.82800293
IATA,DCT,22.181800842285156,-75.72949981689453
IATA,DCU,34.652698516799994,-86.94539642330001
IATA,DCY,29.323056,100.053333
IATA,DDC,37.76340103149414,-99.9655990600586
IATA,DDG,40.0247,124.286003
IATA,DEA,29.961000442504883,70.48590087890625
IATA,DEB,47.48889923095703,21.615299224853516
IATA,DEC,39.834598541259766,-88.8656997680664
IATA,DED,30.189699,78.180298
IATA,DEE,43.9584007263,145.682998657
IATA,DEF,32.434399,48.397598
IATA,DEL,28.5665,77.103104
IATA,DEM,8.553999900817871,34.858001708984375
IATA,DEN,39.861698150635,-104.672996521
IATA,DES,-5.6967,53.6558
IATA,DET,42.40919876,-83.00990295
IATA,DEX,-4.8557,139.482006
IATA,DEZ,35.2854,40.175999
IATA,DFW,32.896801,-97.038002
IATA,DGE,-32.5625,149.610992432
IATA,DGL,31.3425998688,-109.505996704
IATA,DGO,24.1242008209,-104.527999878
IATA,DGP,55.944721221900004,26.6650009155
IATA,DGT,9.3337097168,123.300003052
IATA,DHA,26.265399932900003,50.152000427199994
IATA,DHF,24.248199462900004,54.547698974599996
IATA,DHI,28.753299713134766,80.58190155029297
IATA,DHM,32.16510009765625,76.26339721679688
IATA,DHN,31.321300506591797,-85.44960021972656
IATA,DHR,52.92340087890625,4.780620098114014
IATA,DHT,36.0225982666,-102.54699707
IATA,DIA,25.261101,51.565102
IATA,DIB,27.4839000702,95.0168991089
IATA,DIE,-12.34939956665039,49.29169845581055
IATA,DIG,27.7936,99.6772
IATA,DIJ,47.268902,5.09
IATA,DIK,46.7974014282,-102.802001953
IATA,DIL,-8.54640007019,125.526000977
IATA,DIN,21.3974990845,103.008003235
IATA,DIQ,-20.180700302124,-44.870899200439
IATA,DIR,9.624699592590332,41.85419845581055
IATA,DIS,-4.20635,12.6599
IATA,DIU,20.71310043334961,70.92109680175781
IATA,DIY,37.893901825,40.201000213600004
IATA,DJB,-1.6380200386047363,103.64399719238281
IATA,DJE,33.875,10.775500297546387
IATA,DJG,24.292801,9.45244
IATA,DJJ,-2.5769500733,140.5160064698
IATA,DJO,6.792809963226318,-6.473189830780029
IATA,DKI,-17.9416999817,146.13999939
IATA,DKK,42.49330139,-79.27200317
IATA,DKR,14.739700317382812,-17.49020004272461
IATA,DKS,73.51780700683594,80.37966918945312
IATA,DKV,-24.860000610351562,129.07000732421875
IATA,DLA,4.0060801506,9.719479560849999
IATA,DLC,38.9656982421875,121.53900146484375
IATA,DLD,60.417301177978516,8.518349647521973
IATA,DLE,47.042686,5.435063
IATA,DLF,29.359501,-100.778002
IATA,DLG,59.04470062,-158.5050049
IATA,DLH,46.8420982361,-92.19360351559999
IATA,DLI,11.75,108.366997
IATA,DLK,-29.0132999420166,138.4810028076172
IATA,DLM,36.7131004333,28.7924995422
IATA,DLS,45.6184997559,-121.166999817
IATA,DLU,25.649401,100.319
IATA,DLY,-18.7693996429,169.00100708
IATA,DLZ,43.59170150756836,104.43000030517578
IATA,DMA,32.1665000916,-110.883003235
IATA,DMB,42.853599548339844,71.30359649658203
IATA,DMD,-17.9403,138.822006
IATA,DME,55.40879821777344,37.90629959106445
IATA,DMK,13.9125995636,100.607002258
IATA,DMM,26.471200942993164,49.79790115356445
IATA,DMN,32.262298584,-107.721000671
IATA,DMT,-14.376899719238281,-56.40039825439453
IATA,DMU,25.883899688699998,93.77110290530001
IATA,DNA,26.3556,127.767998
IATA,DND,56.45249938964844,-3.025830030441284
IATA,DNH,40.16109848022461,94.80919647216797
IATA,DNK,48.357200622558594,35.10060119628906
IATA,DNL,33.4664993286,-82.0393981934
IATA,DNN,34.72290039,-84.87020111
IATA,DNP,28.111099243164062,82.29419708251953
IATA,DNQ,-35.5593986511,144.945999146
IATA,DNR,48.58769989013672,-2.0799601078033447
IATA,DNV,40.19919968,-87.59590149
IATA,DNZ,37.7855987549,29.7012996674
IATA,DOB,-5.7722201347399995,134.212005615
IATA,DOD,-6.170440196990967,35.752601623535156
IATA,DOG,19.153900146499996,30.430099487299998
IATA,DOH,25.273056,51.608056
IATA,DOK,48.07360076904297,37.73970031738281
IATA,DOL,49.3652992249,0.154305994511
IATA,DOM,15.547,-61.299999
IATA,DOP,28.985700607299805,82.81909942626953
IATA,DOU,-22.2019,-54.926601
IATA,DOV,39.12950134,-75.46600342
IATA,DOY,37.5085983276,118.788002014
IATA,DPA,41.90779877,-88.24859619
IATA,DPL,8.60198349877,123.341875076
IATA,DPO,-41.1697006226,146.429992676
IATA,DPS,-8.7481698989868,115.16699981689
IATA,DQA,46.7463888889,125.140555556
IATA,DQM,19.501944,57.634167
IATA,DRA,36.6194,-116.032997
IATA,DRB,-17.3700008392334,123.66100311279297
IATA,DRE,46.0093002319,-83.74389648440001
IATA,DRG,66.0696029663,-162.76600647
IATA,DRI,30.8316993713,-93.33989715579999
IATA,DRJ,4.111359,-54.672766
IATA,DRK,8.71889019012,-83.6417007446
IATA,DRN,-28.591699600219727,148.2169952392578
IATA,DRO,37.1515007019,-107.753997803
IATA,DRS,51.1328010559082,13.767200469970703
IATA,DRT,29.3742008209,-100.927001953
IATA,DRV,5.1561,73.1302
IATA,DRW,-12.41469955444336,130.8769989013672
IATA,DSA,53.4805378105,-1.01065635681
IATA,DSD,16.296902,-61.0844
IATA,DSE,11.082500457763672,39.71139907836914
IATA,DSI,30.40010071,-86.47149658
IATA,DSK,31.909400939941406,70.89659881591797
IATA,DSM,41.534000396728516,-93.66310119628906
IATA,DSN,39.49,109.861388889
IATA,DSO,39.745201,127.473999
IATA,DSS,14.67,-17.073333
IATA,DTA,39.3805999756,-112.508003235
IATA,DTB,2.25973,98.991898
IATA,DTD,0.8106,114.5306
IATA,DTE,14.129199981689453,122.9800033569336
IATA,DTI,-18.232000351,-43.650398254399995
IATA,DTM,51.51829910279999,7.61223983765
IATA,DTN,32.5401992798,-93.7450027466
IATA,DTU,48.445,126.133
IATA,DTW,42.212398529052734,-83.35340118408203
IATA,DU9,42.872200012200004,-79.5958023071
IATA,DUB,53.421299,-6.27007
IATA,DUC,34.47090149,-97.9598999
IATA,DUD,-45.9281005859375,170.197998046875
IATA,DUE,-7.400889873504639,20.818500518798828
IATA,DUG,31.4689998627,-109.603996277
IATA,DUJ,41.17829895,-78.8986969
IATA,DUM,1.60919,101.433998
IATA,DUR,-29.6144444444,31.1197222222
IATA,DUS,51.289501,6.76678
IATA,DUT,53.900100708,-166.544006348
IATA,DVL,48.11420059,-98.90879822
IATA,DVO,7.1255202293396,125.64600372314453
IATA,DVT,33.6883010864,-112.083000183
IATA,DWA,-12.5183,34.131901
IATA,DWB,-16.10169,45.358837
IATA,DWC,24.896356,55.161389
IATA,DWD,24.4499,44.121201
IATA,DWH,30.0618000031,-95.55280303960001
IATA,DXB,25.2527999878,55.3643989563
IATA,DXR,41.371498107899995,-73.48220062259999
IATA,DYA,-22.62220001220703,148.36399841308594
IATA,DYG,29.1028,110.443001
IATA,DYL,40.3330001831,-75.1222991943
IATA,DYR,64.734902,177.740997
IATA,DYS,32.4207992554,-99.854598999
IATA,DYU,38.543300628699996,68.8249969482
IATA,DZA,-12.804699897766113,45.28110122680664
IATA,DZN,47.708302,67.733299
IATA,DZO,-33.3588981628418,-56.49919891357422
IATA,EAA,64.77639771,-141.151001
IATA,EAE,-17.0902996063,168.343002319
IATA,EAM,17.611400604248047,44.4192008972168
IATA,EAS,43.35649871826172,-1.7906099557876587
IATA,EAT,47.3988990784,-120.207000732
IATA,EAU,44.86579895019531,-91.48429870605469
IATA,EBA,42.7603,10.2394
IATA,EBB,0.042386,32.443501
IATA,EBD,13.153200149536133,30.23270034790039
IATA,EBG,7.59647,-74.8089
IATA,EBH,33.721666666699996,1.0925
IATA,EBJ,55.525902,8.5534
IATA,EBL,36.23759841918945,43.963199615478516
IATA,EBM,31.704299926757812,9.254619598388672
IATA,EBU,45.54059982299805,4.296390056610107
IATA,ECA,44.312801,-83.422302
IATA,ECG,36.26060104,-76.17459869
IATA,ECH,-36.15719985961914,144.76199340820312
IATA,ECI,11.427542,-86.033361
IATA,ECN,35.154701232910156,33.49610137939453
IATA,ECP,30.357106,-85.795414
IATA,ECV,40.370701,-3.78514
IATA,EDD,-25.205799102800004,133.253997803
IATA,EDF,61.250999450683594,-149.8070068359375
IATA,EDI,55.95000076293945,-3.372499942779541
IATA,EDL,0.4044579863548279,35.23889923095703
IATA,EDM,46.701900482177734,-1.3786300420761108
IATA,EDO,39.554599762,27.0137996674
IATA,EDR,-14.896451,141.60908
IATA,EDW,34.905399,-117.884003
IATA,EED,34.7663002014,-114.623001099
IATA,EEK,60.21367264,-162.0438843
IATA,EEN,42.898399353027344,-72.27079772949219
IATA,EFD,29.607299804700002,-95.1587982178
IATA,EFG,-9.15380555556,147.659805556
IATA,EFL,38.12009811401367,20.500499725341797
IATA,EGC,44.82529830932617,0.5186110138893127
IATA,EGE,39.64260101,-106.9179993
IATA,EGH,31.068559,34.129629
IATA,EGI,30.65040016,-86.52290344
IATA,EGM,-8.578889846801758,157.87600708007812
IATA,EGN,13.48169994354248,22.467199325561523
IATA,EGO,50.643798828125,36.5900993347168
IATA,EGS,65.2833023071289,-14.401399612426758
IATA,EGV,45.932300567599995,-89.26830291750001
IATA,EGX,58.1855010986,-157.375
IATA,EHL,-41.9431991577,-71.5323028564
IATA,EHM,58.646400451699996,-162.06300354
IATA,EIB,50.991604,10.47973
IATA,EIE,58.47420120239258,92.11250305175781
IATA,EIK,46.68,38.21
IATA,EIL,64.66570282,-147.102005
IATA,EIN,51.4500999451,5.37452983856
IATA,EIS,18.444799423217773,-64.54299926757812
IATA,EIY,30.621700286865234,35.20330047607422
IATA,EJA,7.02433,-73.8068
IATA,EJH,26.19860076904297,36.47639846801758
IATA,EJN,42.0155,101.0005
IATA,EKA,40.803398132299996,-124.112998962
IATA,EKB,51.590999603271484,75.21499633789062
IATA,EKI,41.7193984985,-86.00319671630001
IATA,EKN,38.88940048,-79.85710144
IATA,EKO,40.82490158081055,-115.79199981689453
IATA,EKS,49.1903,142.082993
IATA,EKT,59.35110092163086,16.70840072631836
IATA,ELB,9.04554,-73.9749
IATA,ELC,-12.019399642899998,135.570999146
IATA,ELD,33.22100067138672,-92.81330108642578
IATA,ELF,13.614899635314941,25.324600219726562
IATA,ELG,30.571300506591797,2.8595900535583496
IATA,ELH,25.474899292,-76.6835021973
IATA,ELI,64.61470032,-162.2720032
IATA,ELM,42.1599006652832,-76.8916015625
IATA,ELO,-26.3974990845,-54.5746994019
IATA,ELP,31.80719948,-106.3779984
IATA,ELQ,26.302799224853516,43.77439880371094
IATA,ELS,-33.0355987549,27.825899124099998
IATA,ELT,28.208999633789062,33.64550018310547
IATA,ELU,33.5113983154,6.77679014206
IATA,ELV,58.195201873799995,-136.347000122
IATA,ELY,39.29970169,-114.8420029
IATA,EMA,52.8311004639,-1.32806003094
IATA,EMD,-23.5674991608,148.179000854
IATA,EME,53.391109,7.2275
IATA,EMK,62.78609848,-164.4909973
IATA,EML,47.092444,8.305184
IATA,EMN,16.621999740600586,-7.3165998458862305
IATA,EMP,38.3320999146,-96.19120025630001
IATA,EMT,34.086102,-118.035004
IATA,ENA,60.57310104370117,-151.2449951171875
IATA,ENC,48.692100524902344,6.230460166931152
IATA,END,36.339199066199996,-97.9164962769
IATA,ENE,-8.8492898941,121.661003113
IATA,ENF,68.362602233887,23.424299240112
IATA,ENH,30.3202991486,109.48500061
IATA,ENK,54.39889907836914,-7.651669979095459
IATA,ENN,64.54730224609375,-149.07400512695312
IATA,ENO,-27.227366,-55.837495
IATA,ENS,52.275833,6.889167
IATA,ENT,11.340700149536133,162.3280029296875
IATA,ENU,6.474269866943359,7.561960220336914
IATA,ENV,40.7187004089,-114.03099823
IATA,ENW,42.59569931,-87.92780304
IATA,ENY,36.636902,109.554001
IATA,EOH,6.220549,-75.590582
IATA,EOI,59.19060134887695,-2.7722198963165283
IATA,EOK,40.459899902299995,-91.4284973145
IATA,EOR,6.733333110809326,-61.58333206176758
IATA,EOZ,7.0833330154418945,-69.53333282470703
IATA,EPA,-34.6099,-58.6126
IATA,EPL,48.325001,6.06998
IATA,EPR,-33.684399,121.822998
IATA,EPU,58.41899871826172,24.47279930114746
IATA,EQS,-42.908000946,-71.139503479
IATA,ERC,39.7102012634,39.527000427199994
IATA,ERD,46.814998626708984,36.75809860229492
IATA,ERF,50.979801177978516,10.958100318908691
IATA,ERG,61.2750015259,108.029998779
IATA,ERH,31.9475002289,-4.39833021164
IATA,ERI,42.0831270134,-80.1738667488
IATA,ERL,43.4225,112.096667
IATA,ERM,-27.66189956665039,-52.2682991027832
IATA,ERN,-6.639530181884766,-69.87979888916016
IATA,ERS,-22.612199783325195,17.080400466918945
IATA,ERV,29.9766998291,-99.08570098879999
IATA,ERZ,39.9565010071,41.17020034789999
IATA,ESB,40.128101348899996,32.995098114
IATA,ESC,45.7226982117,-87.0936965942
IATA,ESD,48.7081985474,-122.910003662
IATA,ESE,31.7953,-116.602997
IATA,ESF,31.3948993683,-92.2957992554
IATA,ESG,-22.049999237060547,-60.619998931884766
IATA,ESH,50.835602,-0.297222
IATA,ESK,39.7840995789,30.582099914599997
IATA,ESL,46.3739013671875,44.33089828491211
IATA,ESM,0.9785190224647522,-79.62660217285156
IATA,ESN,38.8041992188,-76.06900024410001
IATA,ESR,-26.311100006103516,-69.76519775390625
IATA,ESS,51.40230178833008,6.9373297691345215
IATA,ESU,31.3974990845,-9.6816701889
IATA,ETB,43.4221992493,-88.1278991699
IATA,ETH,29.56130027770996,34.96009826660156
IATA,ETM,29.723694,35.011416
IATA,ETR,-3.441986,-79.996957
IATA,ETS,31.29969978,-85.89990234
IATA,ETZ,48.9821014404,6.25131988525
IATA,EUA,-21.378299713100002,-174.957992554
IATA,EUF,31.9512996674,-85.1288986206
IATA,EUG,44.12459945678711,-123.21199798583984
IATA,EUM,54.079444885253906,9.941389083862305
IATA,EUN,27.151699,-13.2192
IATA,EUQ,10.765999794,121.932998657
IATA,EUX,17.49650001525879,-62.979400634765625
IATA,EVE,68.491302490234,16.678100585938
IATA,EVG,62.04779815673828,14.422900199890137
IATA,EVN,40.1473007202,44.3959007263
IATA,EVV,38.0369987488,-87.5324020386
IATA,EVW,41.27479935,-111.0350037
IATA,EVX,49.02870178222656,1.2198599576950073
IATA,EWB,41.67610168457031,-70.95690155029297
IATA,EWK,38.058200836199994,-97.2744979858
IATA,EWN,35.0730018616,-77.04290008539999
IATA,EWR,40.692501068115234,-74.168701171875
IATA,EXT,50.73440170288086,-3.4138898849487305
IATA,EYK,63.686901,66.698601
IATA,EYP,5.31911,-72.384
IATA,EYW,24.556100845336914,-81.75959777832031
IATA,EZE,-34.8222,-58.5358
IATA,EZS,38.6068992615,39.2914009094
IATA,EZV,63.92100143432617,65.03050231933594
IATA,FAA,10.0354995728,-10.7698001862
IATA,FAB,51.2757987976,-0.776332974434
IATA,FAC,-16.68670082092285,-145.32899475097656
IATA,FAE,62.0635986328125,-7.277219772338867
IATA,FAF,37.132499694799996,-76.60880279540001
IATA,FAH,32.367000579833984,62.18299865722656
IATA,FAI,64.81510162,-147.8560028
IATA,FAJ,18.308900833129883,-65.66190338134766
IATA,FAN,58.0994987487793,6.626049995422363
IATA,FAO,37.0144004822,-7.96590995789
IATA,FAR,46.92070007324219,-96.81580352783203
IATA,FAT,36.77619934082031,-119.71800231933594
IATA,FAV,-16.054100036621094,-145.65699768066406
IATA,FAY,34.9911994934082,-78.88030242919922
IATA,FAZ,28.891799926757812,53.72330093383789
IATA,FBA,-2.5326099395800004,-66.0831985474
IATA,FBD,37.121101,70.518097
IATA,FBE,-26.059200286865234,-53.063499450683594
IATA,FBG,35.13180161,-78.93669891
IATA,FBK,64.83750153,-147.6139984
IATA,FBM,-11.5913000107,27.5308990479
IATA,FBR,41.3918991089,-110.406997681
IATA,FBU,59.89580154418945,10.617199897766113
IATA,FCA,48.31050109863281,-114.25599670410156
IATA,FCB,-28.82309913635254,27.908899307250977
IATA,FCM,44.8272018433,-93.45709991460001
IATA,FCN,53.7677001953,8.658499717709999
IATA,FCO,41.8002778,12.2388889
IATA,FCS,38.67839813,-104.7570038
IATA,FDF,14.590999603271484,-61.00320053100586
IATA,FDH,47.671298980699994,9.51148986816
IATA,FDO,-34.4532,-58.5896
IATA,FDU,-3.3113200664520264,17.38170051574707
IATA,FDY,41.013500213600004,-83.66870117190001
IATA,FEG,40.358798980699994,71.7450027466
IATA,FEL,48.205555,11.266944
IATA,FEN,-3.85493,-32.423302
IATA,FET,41.44910049,-96.52020264
IATA,FEZ,33.9272994995,-4.977960109709999
IATA,FFA,36.0181999207,-75.67130279540001
IATA,FFD,51.6822013855,-1.7900300025900002
IATA,FFO,39.8260993958,-84.0483016968
IATA,FFT,38.18249893,-84.90470123
IATA,FFU,-43.18920135498047,-71.8510971069336
IATA,FGI,-13.848699569699999,-171.740005493
IATA,FGU,-15.819899559020996,-140.88699340820312
IATA,FHU,31.588499069213867,-110.34400177001953
IATA,FIE,59.53580093383789,-1.628059983253479
IATA,FIG,10.350600242615,-13.569199562073
IATA,FIH,-4.38575,15.4446
IATA,FIK,-25.5946998596,134.582992554
IATA,FIZ,-18.181900024414062,125.55899810791016
IATA,FJR,25.112199783325195,56.32400131225586
IATA,FKB,48.7793998718,8.08049964905
IATA,FKI,0.481638997793,25.3379993439
IATA,FKJ,36.1427993774,136.223999023
IATA,FKL,41.3778991699,-79.8603973389
IATA,FKQ,-2.9201900959014893,132.26699829101562
IATA,FKS,37.22740173339844,140.43099975585938
IATA,FLA,1.58919,-75.5644
IATA,FLB,-6.8463897705078125,-43.077301025390625
IATA,FLD,43.7711982727,-88.48840332030001
IATA,FLF,54.77333450317383,9.378889083862305
IATA,FLG,35.13850021,-111.6709976
IATA,FLL,26.072599,-80.152702
IATA,FLN,-27.670278549194336,-48.5525016784668
IATA,FLO,34.18539810180664,-79.7238998413086
IATA,FLP,36.29090118,-92.59030151
IATA,FLR,43.810001,11.2051
IATA,FLS,-40.0917015076,147.992996216
IATA,FLV,39.3683013916,-94.9147033691
IATA,FLW,39.455299377441406,-31.131399154663086
IATA,FLZ,1.55594,98.888901
IATA,FMA,-26.2127,-58.2281
IATA,FME,39.08539962769999,-76.7593994141
IATA,FMH,41.6584014893,-70.5214004517
IATA,FMI,-5.8755598068237305,29.25
IATA,FMM,47.988800048799995,10.2395000458
IATA,FMN,36.741199493399996,-108.230003357
IATA,FMO,52.134601593,7.68483018875
IATA,FMY,26.58659935,-81.86329650879999
IATA,FNA,8.61644,-13.1955
IATA,FNB,53.6022,13.306
IATA,FNC,32.697899,-16.7745
IATA,FNI,43.75740051269531,4.4163498878479
IATA,FNJ,39.224098,125.669998
IATA,FNL,40.451804,-105.011
IATA,FNR,58.2543983459,-134.897994995
IATA,FNT,42.96540069580078,-83.74359893798828
IATA,FNU,39.895308,8.642661
IATA,FOC,25.935100555419922,119.66300201416016
IATA,FOD,42.55149841,-94.19259644
IATA,FOE,38.950901031499995,-95.66359710690001
IATA,FOG,41.432899,15.535
IATA,FOK,40.8437004089,-72.6317977905
IATA,FOM,5.636919975280762,10.750800132751465
IATA,FON,10.478,-84.634499
IATA,FOR,-3.776279926300049,-38.53260040283203
IATA,FOS,-30.83810043334961,128.11500549316406
IATA,FPO,26.5587005615,-78.695602417
IATA,FPR,27.49510002,-80.36830139
IATA,FRA,50.033333,8.570556
IATA,FRB,-33.363602,147.934998
IATA,FRC,-20.592199,-47.3829
IATA,FRD,48.5219993591,-123.024002075
IATA,FRE,-8.1075,159.576996
IATA,FRG,40.7288017273,-73.4133987427
IATA,FRI,39.05530167,-96.76450348
IATA,FRJ,43.4175,6.7357
IATA,FRL,44.194801,12.0701
IATA,FRN,61.26639938,-149.6529999
IATA,FRO,61.583599090576,5.0247201919556
IATA,FRS,16.913799285899998,-89.86640167239999
IATA,FRU,43.0612983704,74.4776000977
IATA,FRW,-21.15959930419922,27.47450065612793
IATA,FRY,43.991100311299995,-70.9478988647
IATA,FRZ,51.1146,9.286
IATA,FSC,41.5005989074707,9.097780227661133
IATA,FSD,43.582000732400004,-96.741897583
IATA,FSI,34.64979935,-98.40219879
IATA,FSM,35.33660125732422,-94.36740112304688
IATA,FSP,46.762901306152344,-56.173099517822266
IATA,FSS,57.6493988037,-3.56064009666
IATA,FST,30.9157009125,-102.916000366
IATA,FTA,-19.516399383499998,170.231994629
IATA,FTE,-50.2803,-72.053101
IATA,FTI,-14.2172,-169.425003
IATA,FTK,37.907100677500004,-85.9720993042
IATA,FTU,-25.03809928894043,46.95610046386719
IATA,FTW,32.819801,-97.362396
IATA,FTX,-0.5313500165939331,15.95009994506836
IATA,FTY,33.7790985107,-84.5214004517
IATA,FUE,28.452699661254883,-13.863800048828125
IATA,FUG,32.882157,115.734364
IATA,FUJ,32.66630172729492,128.83299255371094
IATA,FUK,33.585899353027344,130.4510040283203
IATA,FUL,33.8720016479,-117.980003357
IATA,FUN,-8.525,179.195999
IATA,FUO,23.083299636799996,113.069999695
IATA,FUT,-14.3114004135,-178.065994263
IATA,FWA,40.97850037,-85.19509888
IATA,FWH,32.76919937,-97.4414978
IATA,FXE,26.1972999573,-80.1707000732
IATA,FXO,-14.815,36.529999
IATA,FYJ,48.199494,134.366447
IATA,FYN,46.804169,89.512006
IATA,FYT,17.91710090637207,19.111099243164062
IATA,FYU,66.57150268554688,-145.25
IATA,FYV,36.00510025024414,-94.17009735107422
IATA,FZO,51.5194015503,-2.59083008766
IATA,GAD,33.972599,-86.088996
IATA,GAE,33.87689971923828,10.103300094604492
IATA,GAF,34.422000885009766,8.822500228881836
IATA,GAH,-25.61440086364746,151.61900329589844
IATA,GAI,39.168300628699996,-77.1660003662
IATA,GAJ,38.411899566699994,140.371002197
IATA,GAL,64.73619843,-156.9369965
IATA,GAM,63.76679992675781,-171.73300170898438
IATA,GAN,-0.693342,73.155602
IATA,GAO,20.08530044555664,-75.1583023071289
IATA,GAQ,16.24839973449707,-0.005456000100821257
IATA,GAS,-0.4635080099105835,39.64830017089844
IATA,GAU,26.10610008239746,91.58589935302734
IATA,GAY,24.744300842285156,84.95120239257812
IATA,GBA,51.668095,-2.05694
IATA,GBB,40.826667,47.7125
IATA,GBD,38.3442993164,-98.8591995239
IATA,GBE,-24.555201,25.9182
IATA,GBG,40.937999725299996,-90.431098938
IATA,GBJ,15.86870002746582,-61.27000045776367
IATA,GBK,7.767000198364258,-12.383000373840332
IATA,GBT,36.909400939899996,54.4012985229
IATA,GBZ,-36.24140167236328,175.4720001220703
IATA,GCC,44.348899841299996,-105.539001465
IATA,GCH,30.337600708,50.827999115
IATA,GCI,49.435001373291016,-2.6019699573516846
IATA,GCJ,-25.986299514799995,28.1401004791
IATA,GCK,37.9275016785,-100.723999023
IATA,GCM,19.292800903299998,-81.3576965332
IATA,GCN,35.95240020751953,-112.14700317382812
IATA,GDC,34.758301,-82.376404
IATA,GDE,5.93513011932,43.5786018372
IATA,GDL,20.521799087524414,-103.31099700927734
IATA,GDN,54.377601623535156,18.46619987487793
IATA,GDO,7.233333110809326,-70.80000305175781
IATA,GDQ,12.51990032196045,37.433998107910156
IATA,GDT,21.444499969482422,-71.14230346679688
IATA,GDV,47.13869858,-104.8069992
IATA,GDW,43.9706001282,-84.47499847410002
IATA,GDX,59.9109992980957,150.72000122070312
IATA,GDZ,44.5820926295,38.0124807358
IATA,GEA,-22.25830078125,166.47300720214844
IATA,GEC,35.235947,33.724358
IATA,GED,38.68920135,-75.35890198
IATA,GEG,47.61989974975586,-117.53399658203125
IATA,GEL,-28.2817,-54.169102
IATA,GEO,6.498549938201904,-58.25410079956055
IATA,GER,21.834699630737305,-82.78379821777344
IATA,GES,6.05800008774,125.096000671
IATA,GET,-28.796101,114.707001
IATA,GEV,67.13240051269531,20.814599990844727
IATA,GEX,-38.224998474121094,144.33299255371094
IATA,GFF,-34.2508010864,146.067001343
IATA,GFK,47.949299,-97.176102
IATA,GFL,43.3412017822,-73.6102981567
IATA,GFN,-29.7593994140625,153.02999877929688
IATA,GFO,6.358864,-58.655207
IATA,GFR,48.88309860229492,-1.564170002937317
IATA,GFY,-19.60219955444336,18.122699737548828
IATA,GGE,33.3116989136,-79.3196029663
IATA,GGG,32.38399887084961,-94.71150207519531
IATA,GGM,0.271342009306,34.7873001099
IATA,GGS,-48.7831,-70.150002
IATA,GGT,23.5625991821,-75.8779983521
IATA,GGW,48.212502,-106.614998
IATA,GHA,32.38410186767578,3.794110059738159
IATA,GHB,25.2847003937,-76.3310012817
IATA,GHC,25.7383,-77.840103
IATA,GHF,49.648101806599996,9.966489791870002
IATA,GHT,25.1455993652,10.142600059500001
IATA,GHU,-33.0103,-58.6131
IATA,GIB,36.1511993408,-5.3496599197400005
IATA,GIC,-9.23278045654,142.218002319
IATA,GID,-3.417209,29.911308
IATA,GIF,28.062901,-81.753304
IATA,GIG,-22.8099994659,-43.2505569458
IATA,GII,11.432999610901,-9.1669998168945
IATA,GIL,35.918800354003906,74.33360290527344
IATA,GIR,4.27624,-74.7967
IATA,GIS,-38.663299560546875,177.97799682617188
IATA,GIT,-2.813667,32.172472
IATA,GIU,7.956669807430001,80.7285003662
IATA,GIZ,16.901100158691406,42.58580017089844
IATA,GJA,16.4454,-85.906601
IATA,GJL,36.7951011658,5.87361001968
IATA,GJM,-10.786399841308594,-65.28479766845703
IATA,GJR,65.99530029296875,-21.326900482177734
IATA,GJT,39.1223983765,-108.527000427
IATA,GKA,-6.081689834590001,145.391998291
IATA,GKE,50.9608,6.04242
IATA,GKK,0.7324,73.4336
IATA,GKL,-23.1833000183,150.942001343
IATA,GKN,62.1548996,-145.4570007
IATA,GLA,55.8718986511,-4.43306016922
IATA,GLD,39.37060165,-101.6989975
IATA,GLF,8.654009819030762,-83.18219757080078
IATA,GLH,33.4828987121582,-90.98560333251953
IATA,GLI,-29.674999237060547,151.68899536132812
IATA,GLK,6.78082990646,47.45470047
IATA,GLO,51.89419937133789,-2.167220115661621
IATA,GLR,45.013500213600004,-84.7035980225
IATA,GLS,29.265300750732422,-94.86039733886719
IATA,GLT,-23.869699,151.223007
IATA,GLU,26.88456,90.46412
IATA,GLV,64.5504989624,-163.007003784
IATA,GLW,37.03179932,-85.9536972
IATA,GLZ,51.56740188598633,4.931829929351807
IATA,GMA,3.2353699207299997,19.771299362199997
IATA,GMB,8.12876033782959,34.5630989074707
IATA,GMD,33.655399,-7.22145
IATA,GME,52.527000427246094,31.016700744628906
IATA,GML,50.60350036621094,30.1919002532959
IATA,GMO,10.298333333299999,10.896388888899999
IATA,GMP,37.5583,126.791
IATA,GMQ,34.418066,100.301144
IATA,GMR,-23.07990074157715,-134.88999938964844
IATA,GMU,34.847900390599996,-82.34999847410002
IATA,GMV,37.016700744599994,-110.200996399
IATA,GMZ,28.029600143432617,-17.214599609375
IATA,GNA,53.60200119018555,24.053800582885742
IATA,GNB,45.36289978027344,5.329370021820068
IATA,GND,12.004199981689453,-61.78620147705078
IATA,GNI,22.673900604248047,121.46600341796875
IATA,GNM,-14.208200454711914,-42.74610137939453
IATA,GNR,-39.0007019043,-67.6204986572
IATA,GNS,1.16638,97.704697
IATA,GNT,35.167301178,-107.902000427
IATA,GNV,29.6900997162,-82.2717971802
IATA,GNY,37.445663,38.895592
IATA,GNZ,-21.6924991607666,21.658100128173828
IATA,GOA,44.4133,8.8375
IATA,GOB,7.1160634,40.0463033
IATA,GOH,64.19090271,-51.6781005859
IATA,GOI,15.3808002472,73.8313980103
IATA,GOJ,56.230098724365,43.784000396729
IATA,GOM,-1.6708099842071533,29.238500595092773
IATA,GON,41.330101013183594,-72.04509735107422
IATA,GOO,-28.521400451660156,150.32000732421875
IATA,GOP,26.739700317399997,83.4496994019
IATA,GOQ,36.4006,94.786102
IATA,GOR,8.1614,35.5529
IATA,GOT,57.662799835205,12.279800415039
IATA,GOU,9.33588981628418,13.370100021362305
IATA,GOV,-12.269399642899998,136.817993164
IATA,GOZ,43.15140151977539,25.712900161743164
IATA,GPA,38.1511,21.4256
IATA,GPB,-25.3875007629,-51.520198822
IATA,GPI,2.57013,-77.8986
IATA,GPL,10.2172002792,-83.79699707030001
IATA,GPN,-11.40250015258789,130.4219970703125
IATA,GPO,-35.6962013245,-63.7583007812
IATA,GPS,-0.45375800132751465,-90.26589965820312
IATA,GPT,30.40730094909668,-89.07009887695312
IATA,GPZ,47.21110153,-93.50980377
IATA,GQQ,40.7533988953,-82.7238006592
IATA,GRB,44.48509979248047,-88.12960052490234
IATA,GRF,47.07920074,-122.5810013
IATA,GRI,40.967498779296875,-98.30960083007812
IATA,GRJ,-34.0056,22.378902
IATA,GRK,31.067199707,-97.82890319820001
IATA,GRM,47.8382987976,-90.38289642330001
IATA,GRO,41.901000977,2.7605500221
IATA,GRP,-11.73960018157959,-49.132198333740234
IATA,GRQ,53.1197013855,6.57944011688
IATA,GRR,42.88079834,-85.52279663
IATA,GRS,42.759701,11.0719
IATA,GRU,-23.435556411743164,-46.47305679321289
IATA,GRW,39.092201232910156,-28.029800415039062
IATA,GRX,37.18870162963867,-3.777359962463379
IATA,GRY,66.5458,-18.0173
IATA,GRZ,46.9911003112793,15.439599990844727
IATA,GSB,35.33940125,-77.96060181
IATA,GSE,57.7747,11.8704
IATA,GSI,4.285833,-54.373056
IATA,GSJ,13.936200141899999,-90.83580017090001
IATA,GSO,36.097801208496094,-79.93730163574219
IATA,GSP,34.8956985474,-82.2189025879
IATA,GSQ,22.5856990814209,28.71660041809082
IATA,GST,58.4253006,-135.7070007
IATA,GTE,-13.975000381500001,136.460006714
IATA,GTF,47.48199844,-111.3710022
IATA,GTI,54.3833312988,13.3255558014
IATA,GTN,-43.906700134277344,170.1280059814453
IATA,GTO,0.63711899519,122.849998474
IATA,GTR,33.450298309299995,-88.5914001465
IATA,GUA,14.5833,-90.527496
IATA,GUB,28.0261,-114.024002
IATA,GUC,38.53390121,-106.9329987
IATA,GUF,30.29050064,-87.67179871
IATA,GUH,-30.96109962463379,150.25100708007812
IATA,GUI,10.574077606200001,-62.3126678467
IATA,GUJ,-22.79159927368164,-45.20479965209961
IATA,GUL,-34.810298919677734,149.7259979248047
IATA,GUM,13.4834003448,144.796005249
IATA,GUP,35.511100769,-108.789001465
IATA,GUQ,9.026944160461426,-69.7551498413086
IATA,GUR,-10.3114995956,150.333999634
IATA,GUS,40.648101806599996,-86.1520996094
IATA,GUT,51.922798,8.30633
IATA,GUU,64.99140167236328,-23.224700927734375
IATA,GUW,47.12189865112305,51.8213996887207
IATA,GUX,24.654699,77.347298
IATA,GUY,36.6851005554,-101.508003235
IATA,GUZ,-20.646499633800005,-40.491901397700005
IATA,GVA,46.23809814453125,6.108950138092041
IATA,GVL,34.27259827,-83.8302002
IATA,GVN,48.926998138399995,140.033996582
IATA,GVR,-18.89520072937,-41.982200622559
IATA,GVT,33.0677986145,-96.0652999878
IATA,GVX,60.593299865722656,16.951400756835938
IATA,GWD,25.233299255371094,62.329498291015625
IATA,GWE,-19.436399459838867,29.861900329589844
IATA,GWL,26.29330062866211,78.22779846191406
IATA,GWO,33.4943008423,-90.0847015381
IATA,GWT,54.9132003784,8.34047031403
IATA,GWY,53.300201416015625,-8.941590309143066
IATA,GXF,15.9660997391,48.78829956049999
IATA,GXG,-7.754509925842285,15.287699699401855
IATA,GXH,34.8105,102.6447
IATA,GXQ,-45.594200134277344,-72.1061019897461
IATA,GXY,40.4374008179,-104.633003235
IATA,GYA,-10.820599556,-65.3455963135
IATA,GYD,40.467498779296875,50.04669952392578
IATA,GYE,-2.1574199199699997,-79.88359832760001
IATA,GYG,62.103484,129.545288
IATA,GYI,-1.6771999597549438,29.258899688720703
IATA,GYL,-16.6369,128.451004
IATA,GYM,27.9689998626709,-110.92500305175781
IATA,GYN,-16.631999969482422,-49.220699310302734
IATA,GYR,33.4225006104,-112.375999451
IATA,GYS,32.3911018371582,105.7020034790039
IATA,GYU,36.0788888889,106.216944444
IATA,GYY,41.61629867553711,-87.41280364990234
IATA,GZA,31.24640083313,34.276100158691
IATA,GZI,33.5312004089,68.412902832
IATA,GZM,36.027199,14.2728
IATA,GZO,-8.09778022766,156.863998413
IATA,GZP,36.299217,32.300598
IATA,GZT,36.9472007751,37.4786987305
IATA,GZW,36.240101,50.0471
IATA,HAA,70.486701965332,22.139699935913
IATA,HAC,33.1150016785,139.785995483
IATA,HAD,56.69110107421875,12.820199966430664
IATA,HAF,37.513401031499995,-122.500999451
IATA,HAH,-11.5337,43.2719
IATA,HAJ,52.461101532,9.685079574580001
IATA,HAK,19.934900283813477,110.45899963378906
IATA,HAM,53.630401611328,9.9882297515869
IATA,HAN,21.221200942993164,105.80699920654297
IATA,HAO,39.363800048799995,-84.5220031738
IATA,HAQ,6.744229793548584,73.17050170898438
IATA,HAR,40.2170982361,-76.85150146480001
IATA,HAS,27.437901,41.686298
IATA,HAU,59.34529876709,5.2083601951599
IATA,HAV,22.989200592041016,-82.40910339355469
IATA,HAW,51.833099365234375,-4.9611101150512695
IATA,HBA,-42.836101532,147.509994507
IATA,HBE,30.917699813842773,29.696399688720703
IATA,HBG,31.26479912,-89.25279999
IATA,HBR,34.991317,-99.051313
IATA,HBX,15.361700058,75.08489990230001
IATA,HCJ,24.805,107.6997
IATA,HCN,22.041099548339844,120.7300033569336
IATA,HCQ,-18.23390007019043,127.66999816894531
IATA,HCR,62.18830108642578,-159.77499389648438
IATA,HCW,34.71289825,-79.95700073
IATA,HDD,25.3181,68.366096
IATA,HDE,40.452099,-99.336502
IATA,HDF,53.8787002563,14.152299881
IATA,HDG,36.5258333333,114.425555556
IATA,HDH,21.5795001984,-158.197006226
IATA,HDI,35.22010040283203,-84.8323974609375
IATA,HDM,34.86920166015625,48.5525016784668
IATA,HDN,40.48120117,-107.2180023
IATA,HDR,27.158300399780273,56.17250061035156
IATA,HDS,-24.368600845299998,31.0487003326
IATA,HDY,6.93320989609,100.392997742
IATA,HEA,34.209999084472656,62.22829818725586
IATA,HEH,20.746999740600586,96.79199981689453
IATA,HEI,54.153331756600004,8.90166664124
IATA,HEK,50.1716209371,127.308883667
IATA,HEL,60.317199707031,24.963300704956
IATA,HEM,60.254600524902344,25.042800903320312
IATA,HER,35.3396987915,25.180299758900002
IATA,HET,40.851398,111.823997
IATA,HEW,37.893299,23.726101
IATA,HEX,18.4696998596,-69.9693984985
IATA,HFA,32.80939865112305,35.04309844970703
IATA,HFD,41.736698150635,-72.649398803711
IATA,HFE,31.780000686645508,117.2979965209961
IATA,HFN,64.295601,-15.2272
IATA,HFS,60.02009963989258,13.578900337219238
IATA,HFT,70.679702758789,23.668600082397
IATA,HGA,9.518170356750488,44.08879852294922
IATA,HGD,-20.815000534057617,144.22500610351562
IATA,HGE,10.462474,-66.092779
IATA,HGH,30.22949981689453,120.43399810791016
IATA,HGI,10.529167,32.500556
IATA,HGL,54.185279846200004,7.91583299637
IATA,HGN,19.301300048828125,97.97579956054688
IATA,HGO,9.38718032837,-5.55666017532
IATA,HGR,39.707901,-77.72949982
IATA,HGS,8.397130012512207,-13.12909984588623
IATA,HGU,-5.826789855957031,144.29600524902344
IATA,HHE,40.556400299072266,141.46600341796875
IATA,HHH,32.2243995667,-80.6975021362
IATA,HHI,21.48349953,-158.0399933
IATA,HHN,49.9487,7.26389
IATA,HHP,22.2893714905,114.152153015
IATA,HHQ,12.6361999512,99.951499939
IATA,HHR,33.922798,-118.334999
IATA,HHZ,-17.544700622558594,-142.61399841308594
IATA,HIA,33.7908333333,119.125
IATA,HIB,47.38660049,-92.83899689
IATA,HID,-10.586400032,142.289993286
IATA,HIF,41.12403,-111.973086
IATA,HII,34.571098,-114.358002
IATA,HIJ,34.4361000061,132.919006348
IATA,HIM,8.04981,80.9814
IATA,HIN,35.088591,128.071747
IATA,HIO,45.540401,-122.949997
IATA,HIR,-9.4280004501343,160.05499267578
IATA,HIW,34.36690139770508,132.41400146484375
IATA,HJJ,27.4411111111,109.7
IATA,HJR,24.817199707,79.91860198970001
IATA,HKD,41.7700004578,140.822006226
IATA,HKG,22.308901,113.915001
IATA,HKK,-42.713600158691406,170.98500061035156
IATA,HKN,-5.462170124053955,150.40499877929688
IATA,HKT,8.1132,98.316902
IATA,HKY,35.74110031,-81.38950348
IATA,HLA,-25.938499450699997,27.9260997772
IATA,HLD,49.2050018311,119.824996948
IATA,HLE,-15.957725,-5.645943
IATA,HLF,57.525799,15.8233
IATA,HLG,40.1749992371,-80.6463012695
IATA,HLH,46.195333,122.008333
IATA,HLI,36.8932991028,-121.410003662
IATA,HLJ,56.07059860229492,23.5580997467041
IATA,HLN,46.6068000793457,-111.98300170898438
IATA,HLP,-6.266610145568848,106.89099884033203
IATA,HLR,31.138700485199998,-97.71450042720001
IATA,HLT,-37.64889907836914,142.06500244140625
IATA,HLZ,-37.8666992188,175.332000732
IATA,HMA,61.028499603271484,69.08609771728516
IATA,HMB,26.342778,31.742778
IATA,HME,31.673000335699996,6.140439987180001
IATA,HMG,-23.93000030517578,132.80499267578125
IATA,HMI,42.8414,93.669197
IATA,HMJ,49.359699,26.933399
IATA,HMN,32.8525009155,-106.107002258
IATA,HMO,29.095899581900003,-111.047996521
IATA,HMR,60.81809997558594,11.067999839782715
IATA,HMV,65.80609893798828,15.082799911499023
IATA,HMY,36.703999,126.486
IATA,HNA,39.4286003112793,141.13499450683594
IATA,HND,35.552299,139.779999
IATA,HNH,58.0961,-135.410111
IATA,HNL,21.32062,-157.924228
IATA,HNM,20.79560089111328,-156.01400756835938
IATA,HNS,59.24380111694336,-135.5240020751953
IATA,HNY,26.9053,112.627998
IATA,HOA,-1.5219999551773071,40.00400161743164
IATA,HOB,32.6875,-103.2170029
IATA,HOD,14.753000259399414,42.97629928588867
IATA,HOE,20.2572994232,100.43699646
IATA,HOF,25.28529930114746,49.485198974609375
IATA,HOG,20.785600662231445,-76.31510162353516
IATA,HOH,47.3849983215,9.69999980927
IATA,HOI,-18.074800491333008,-140.9459991455078
IATA,HOK,-18.3367004395,130.638000488
IATA,HOM,59.645599365234375,-151.4770050048828
IATA,HON,44.38520050048828,-98.22850036621094
IATA,HOP,36.668598175,-87.49620056150002
IATA,HOQ,50.288612365722656,11.856389045715332
IATA,HOR,38.519901275634766,-28.715900421142578
IATA,HOS,-37.444698333699996,-70.2225036621
IATA,HOT,34.47800064086914,-93.09619903564453
IATA,HOU,29.64539909,-95.27890015
IATA,HOV,62.180000305176,6.0741000175476
IATA,HOX,24.899599075317383,94.91400146484375
IATA,HPA,-19.777000427246094,-174.34100341796875
IATA,HPB,61.52389908,-166.1470032
IATA,HPG,31.626,110.34
IATA,HPH,20.819400787353516,106.7249984741211
IATA,HPN,41.06700134277344,-73.70760345458984
IATA,HQM,46.971199035599994,-123.93699646
IATA,HRB,45.6234016418457,126.25
IATA,HRE,-17.931801,31.0928
IATA,HRG,27.178300857543945,33.799400329589844
IATA,HRI,6.284467,81.124128
IATA,HRK,49.924800872802734,36.290000915527344
IATA,HRL,26.228500366210938,-97.65440368652344
IATA,HRM,32.93040084838867,3.311539888381958
IATA,HRO,36.26150131225586,-93.15470123291016
IATA,HRS,-28.23509979248047,29.106199264526367
IATA,HRT,54.0489006042,-1.2527500391
IATA,HSG,33.149700164799995,130.302001953
IATA,HSH,35.9728012085,-115.134002686
IATA,HSK,42.0760993958,-0.316666990519
IATA,HSL,65.69789886,-156.3509979
IATA,HSM,-36.669700622558594,142.17300415039062
IATA,HSN,29.9342002869,122.361999512
IATA,HSS,29.179399490356445,75.75530242919922
IATA,HST,25.48859978,-80.38359833
IATA,HSV,34.637199401855,-86.775100708008
IATA,HSZ,24.8180007935,120.939002991
IATA,HTA,52.026299,113.306
IATA,HTG,71.97810363769531,102.49099731445312
IATA,HTI,-20.3581008911,148.95199585
IATA,HTL,44.359798,-84.671095
IATA,HTN,37.03850173950195,79.86489868164062
IATA,HTR,24.0589008331,123.805999756
IATA,HTS,38.36669922,-82.55799866
IATA,HTT,38.201984,90.841495
IATA,HTU,-35.715301513671875,142.36000061035156
IATA,HTV,30.7469005585,-95.5871963501
IATA,HTY,36.36277771,36.282222747800006
IATA,HUA,34.67869949,-86.68479919
IATA,HUE,14.25,36.58300018310547
IATA,HUF,39.4515,-87.307602
IATA,HUH,-16.68720054626465,-151.02200317382812
IATA,HUI,16.401500701899998,107.70300293
IATA,HUL,46.1231002808,-67.792098999
IATA,HUN,24.023099899291992,121.61799621582031
IATA,HUO,45.487222,119.407222
IATA,HUQ,29.11009979248047,15.96560001373291
IATA,HUS,66.04109955,-154.2630005
IATA,HUT,38.0654983521,-97.86060333250002
IATA,HUU,-9.878809928894043,-76.20480346679688
IATA,HUV,61.7681007385,17.0806999207
IATA,HUW,-7.532120227810001,-63.072101593
IATA,HUX,15.7753,-96.262604
IATA,HUY,53.57440185546875,-0.350832998752594
IATA,HUZ,23.0499992371,114.599998474
IATA,HVA,-14.62969970703125,47.76380157470703
IATA,HVB,-25.3188991547,152.880004883
IATA,HVD,47.9541015625,91.6281967163086
IATA,HVG,71.009696960449,25.983600616455
IATA,HVN,41.26369858,-72.88680267
IATA,HVR,48.54299927,-109.762001
IATA,HVS,34.4030990601,-80.11920166019999
IATA,HWD,37.659198761,-122.122001648
IATA,HWN,-18.629899978637695,27.020999908447266
IATA,HWO,26.0012,-80.2407
IATA,HXD,37.125286,97.268658
IATA,HXX,-34.53139877319336,144.8300018310547
IATA,HYA,41.66930008,-70.28040314
IATA,HYC,51.6116981506,-0.8083329796790001
IATA,HYD,17.2313175201,78.4298553467
IATA,HYG,55.206298828125,-132.8280029296875
IATA,HYN,28.56220054626465,121.42900085449219
IATA,HYR,46.025199890100005,-91.44429779050002
IATA,HYS,38.84220123,-99.27320099
IATA,HYV,60.6543998718,24.8810997009
IATA,HZB,50.61840057373047,2.642240047454834
IATA,HZG,33.134136,107.206014
IATA,HZH,26.32217,109.1499
IATA,HZK,65.952301,-17.426001
IATA,HZL,40.986801147499996,-75.9949035645
IATA,HZP,57.3816986084,-111.700996399
IATA,IAA,67.43720245361328,86.62190246582031
IATA,IAB,37.62189865,-97.26820374
IATA,IAD,38.94449997,-77.45580292
IATA,IAG,43.1072998046875,-78.94619750976562
IATA,IAH,29.984399795532227,-95.34140014648438
IATA,IAM,28.0515,9.64291
IATA,IAN,66.9759979248,-160.43699646
IATA,IAO,9.8591,126.014
IATA,IAR,57.560699462890625,40.15739822387695
IATA,IAS,47.17850112915039,27.6205997467041
IATA,IBA,7.362460136413574,3.97832989692688
IATA,IBB,-0.942628026009,-90.9530029297
IATA,IBE,4.42161,-75.1333
IATA,IBP,-11.411600112915039,-69.48870086669922
IATA,IBR,36.181098938,140.414993286
IATA,IBZ,38.872898101800004,1.3731199502899998
IATA,ICC,10.794432,-63.98159
IATA,ICI,-17.7432994843,-179.341995239
IATA,ICK,5.955560207366943,-57.039398193359375
IATA,ICN,37.46910095214844,126.45099639892578
IATA,ICT,37.649899,-97.433098
IATA,IDA,43.514599,-112.070999
IATA,IDP,37.1584014893,-95.77839660640001
IATA,IDR,22.7217998505,75.8011016846
IATA,IDY,46.71860122680664,-2.3911099433898926
IATA,IEG,52.138500213600004,15.7986001968
IATA,IEJ,26.7220001221,127.785003662
IATA,IES,51.2936096191,13.3561105728
IATA,IEV,50.40194,30.45194
IATA,IFH,32.92890167236328,51.561100006103516
IATA,IFJ,66.05809783935547,-23.135299682617188
IATA,IFL,-17.55940055847168,146.01199340820312
IATA,IFN,32.75080108642578,51.86130142211914
IATA,IFO,48.88420104980469,24.686100006103516
IATA,IFU,5.7083,73.025
IATA,IGA,20.975000381469727,-73.66690063476562
IATA,IGB,-41.320899963399995,-69.5748977661
IATA,IGD,39.9766273499,43.8766479492
IATA,IGG,59.32400131225586,-155.90199279785156
IATA,IGL,38.513000488299994,27.010099411
IATA,IGR,-25.737301,-54.4734
IATA,IGS,48.7156982421875,11.534000396728516
IATA,IGT,43.322299957300004,45.0125999451
IATA,IGU,-25.600278854370117,-54.48500061035156
IATA,IHC,-25.9971446991,32.929351806599996
IATA,IHR,27.2360992432,60.7200012207
IATA,IIA,53.09299850463867,-9.568059921264648
IATA,IIL,33.58660125732422,46.40480041503906
IATA,IJK,56.82809829711914,53.45750045776367
IATA,IKA,35.416099548339844,51.152198791503906
IATA,IKB,36.2228012085,-81.09829711910001
IATA,IKI,33.7490005493,129.785003662
IATA,IKK,41.07139968869999,-87.8462982178
IATA,IKL,-1.048109,23.372501
IATA,IKO,52.94160079956055,-168.8489990234375
IATA,IKS,71.697700500488,128.90299987793
IATA,IKT,52.268001556396,104.38899993896
IATA,IKU,42.58792,76.713046
IATA,ILA,-3.97648,137.6225
IATA,ILD,41.728185,0.535023
IATA,ILF,56.0614013672,-95.613899231
IATA,ILG,39.67869949,-75.60649872
IATA,ILI,59.75439835,-154.9109955
IATA,ILM,34.270599365234375,-77.90260314941406
IATA,ILN,39.427898407,-83.792098999
IATA,ILO,10.833017,122.493358
IATA,ILP,-22.588899612426758,167.45599365234375
IATA,ILQ,-17.69499969482422,-71.34400177001953
IATA,ILR,8.440210342407227,4.493919849395752
IATA,ILU,-2.9106099605560303,38.06520080566406
IATA,ILY,55.68190002441406,-6.256669998168945
IATA,ILZ,49.231498718299996,18.6135005951
IATA,IMB,5.7081098556518555,-60.2942008972168
IATA,IMF,24.7600002289,93.896697998
IATA,IMK,29.971099853515625,81.81890106201172
IATA,IMM,26.43320084,-81.40100098
IATA,IMP,-5.53129,-47.459999
IATA,IMT,45.8184013367,-88.1145019531
IATA,INA,66.0548324584961,60.110321044921875
IATA,IND,39.7173,-86.294403
IATA,ING,-50.336102,-72.248596
IATA,INH,-23.876399993896484,35.40850067138672
IATA,INI,43.337299,21.853701
IATA,INK,31.779600143399996,-103.200996399
IATA,INL,48.566200256347656,-93.4030990600586
IATA,INN,47.260201,11.344
IATA,INO,-1.947219967842102,18.28580093383789
IATA,INQ,53.064701080322266,-9.510899543762207
IATA,INS,36.587200164799995,-115.672996521
IATA,INT,36.13370132446289,-80.22200012207031
IATA,INU,-0.547458,166.919006
IATA,INV,57.54249954223633,-4.047500133514404
IATA,INW,35.021900177,-110.722999573
IATA,INZ,27.250999450699997,2.51202011108
IATA,IOA,39.6963996887207,20.822500228881836
IATA,IOM,54.08330154418945,-4.623889923095703
IATA,ION,1.6169999837875366,18.066999435424805
IATA,IOR,53.1067008972168,-9.653610229492188
IATA,IOS,-14.815999984741,-39.033199310303
IATA,IOW,41.639198303200004,-91.5465011597
IATA,IPA,-18.856389,169.283333
IATA,IPC,-27.1648006439,-109.42199707
IATA,IPH,4.567969799041748,101.09200286865234
IATA,IPI,0.861925,-77.6718
IATA,IPL,32.834201812699995,-115.57900238
IATA,IPN,-19.470699310303,-42.487598419189
IATA,IPT,41.241798400878906,-76.92109680175781
IATA,IQA,33.7855987549,42.4412002563
IATA,IQM,38.233611,85.465556
IATA,IQN,35.799702,107.602997
IATA,IQQ,-20.535200119018555,-70.1812973022461
IATA,IQT,-3.7847399711608887,-73.30879974365234
IATA,IRA,-10.449700355500001,161.897994995
IATA,IRB,30.9057006836,-101.891998291
IATA,IRC,65.830498,-144.076008
IATA,IRD,24.15250015258789,89.04940032958984
IATA,IRG,-12.7869,143.304993
IATA,IRI,-7.668630123138428,35.75210189819336
IATA,IRJ,-29.3815994263,-66.7957992554
IATA,IRK,40.09349822998047,-92.5448989868164
IATA,IRP,2.8276100158691406,27.588300704956055
IATA,IRZ,-0.3786,-64.9923
IATA,ISA,-20.663900375399997,139.488998413
IATA,ISB,33.560713,72.851613
IATA,ISC,49.913299560546875,-6.291669845581055
IATA,ISE,37.8554000854,30.368400573699997
IATA,ISG,24.396389,124.245
IATA,ISJ,21.2450008392334,-86.73999786376953
IATA,ISK,20.119101,73.912903
IATA,ISL,40.976898,28.8146
IATA,ISM,28.2898006439,-81.4371032715
IATA,ISN,48.177898407,-103.641998291
IATA,ISO,35.331401825,-77.60880279540001
IATA,ISP,40.79520035,-73.10019684
IATA,IST,41.275278,28.751944
IATA,ISU,35.5617485046,45.316738128699996
IATA,ISW,44.3602981567,-89.83899688720001
IATA,ITA,-3.1272599697113037,-58.481201171875
IATA,ITB,-4.2423400878906,-56.000701904297
IATA,ITH,42.49100112915039,-76.4583969116211
IATA,ITM,34.785499572753906,135.43800354003906
IATA,ITO,19.721399307250977,-155.04800415039062
IATA,ITP,-21.219299316399997,-41.8759002686
IATA,ITR,-18.4447002411,-49.2134017944
IATA,IUE,-19.079030990600586,-169.92559814453125
IATA,IVA,-13.484816,48.632702
IATA,IVC,-46.41239929199219,168.31300354003906
IATA,IVL,68.607299804688,27.405300140381
IATA,IVR,-29.888299942,151.143997192
IATA,IWA,56.93939971923828,40.940799713134766
IATA,IWJ,34.676399231,131.789993286
IATA,IWK,34.143902,132.235992
IATA,IWO,24.784000396728516,141.322998046875
IATA,IWS,29.818199157699997,-95.67259979250001
IATA,IXA,23.8869991302,91.24040222170001
IATA,IXB,26.68120002746582,88.32859802246094
IATA,IXC,30.673500061035156,76.78849792480469
IATA,IXD,25.440099716186523,81.73390197753906
IATA,IXE,12.9612998962,74.8900985718
IATA,IXG,15.859299659700001,74.6183013916
IATA,IXH,24.30820083618164,92.0072021484375
IATA,IXI,27.295499801635742,94.09760284423828
IATA,IXJ,32.6890983582,74.8374023438
IATA,IXK,21.317100524902344,70.27040100097656
IATA,IXL,34.1358985901,77.5465011597
IATA,IXM,9.83450984955,78.09339904790001
IATA,IXP,32.233611,75.634444
IATA,IXR,23.314300537100003,85.3217010498
IATA,IXS,24.9129009247,92.97869873050001
IATA,IXT,28.066099166870117,95.33560180664062
IATA,IXU,19.862699508666992,75.39810180664062
IATA,IXV,28.17530059814453,94.802001953125
IATA,IXW,22.8132,86.1688
IATA,IXY,23.1127,70.100304
IATA,IXZ,11.641200065612793,92.72969818115234
IATA,IYK,35.65879822,-117.8300018
IATA,IZA,-21.5130558014,-43.1730575562
IATA,IZO,35.4136009216,132.88999939
IATA,IZT,16.449301,-95.093697
IATA,JAA,34.39979934692383,70.49859619140625
IATA,JAB,-12.658300399780273,132.89300537109375
IATA,JAC,43.6072998046875,-110.73799896240234
IATA,JAD,-32.09749984741211,115.88099670410156
IATA,JAE,-5.59248,-78.774002
IATA,JAF,9.792329788208008,80.07009887695312
IATA,JAG,28.28420066833496,68.44969940185547
IATA,JAI,26.8242,75.812202
IATA,JAK,18.241100311279297,-72.51850128173828
IATA,JAL,19.4750995636,-96.7975006104
IATA,JAM,42.4548988342,26.3521995544
IATA,JAN,32.3111991882,-90.0758972168
IATA,JAP,9.98141002655,-84.7726974487
IATA,JAR,28.586700439499996,53.5791015625
IATA,JAS,30.88570023,-94.03489685
IATA,JAU,-11.7831001282,-75.47339630130001
IATA,JAV,69.2432022095,-51.0570983887
IATA,JAX,30.49410057067871,-81.68789672851562
IATA,JBQ,18.572500228881836,-69.98560333251953
IATA,JBR,35.83169937133789,-90.64640045166016
IATA,JCB,-27.1714000702,-51.5532989502
IATA,JCH,68.822815547,-51.1734473705
IATA,JCI,38.8308982849,-94.890296936
IATA,JCK,-20.66830062866211,141.72300720214844
IATA,JCR,-6.233160018920898,-57.77690124511719
IATA,JCT,30.5112991333,-99.7634963989
IATA,JDF,-21.791500091552734,-43.38679885864258
IATA,JDG,33.3996009827,126.711997986
IATA,JDH,26.251100540161133,73.04889678955078
IATA,JDO,-7.21895980835,-39.270099639899996
IATA,JDZ,29.3386001587,117.176002502
IATA,JED,21.6796,39.156502
IATA,JEE,18.66309928894043,-74.17030334472656
IATA,JEF,38.5912017822,-92.15609741210001
IATA,JEG,68.7218017578,-52.7846984863
IATA,JER,49.20790100097656,-2.195509910583496
IATA,JFK,40.63980103,-73.77890015
IATA,JFR,61.9921989441,-49.6624984741
IATA,JGA,22.465499877929688,70.01260375976562
IATA,JGD,50.371389,124.1175
IATA,JGN,39.856899,98.3414
IATA,JGO,69.251181993,-53.5148763657
IATA,JGS,26.856899261499997,114.736999512
IATA,JHB,1.64131,103.669998
IATA,JHG,21.973899841308594,100.76000213623047
IATA,JHM,20.962900161743164,-156.67300415039062
IATA,JHQ,-20.277221,148.755556
IATA,JHS,66.9513015747,-53.7293014526
IATA,JHW,42.15340042,-79.25800323
IATA,JIA,-11.419444,-58.701668
IATA,JIB,11.547300338745117,43.15950012207031
IATA,JIC,38.542222222199996,102.348333333
IATA,JIJ,9.3325,42.9121
IATA,JIK,37.6827011108,26.3470993042
IATA,JIM,7.66609001159668,36.81660079956055
IATA,JIQ,29.5133333333,108.831111111
IATA,JIU,29.476944,115.801111
IATA,JIW,25.067800521900004,61.8054008484
IATA,JJG,-28.6753,-49.0596
IATA,JJI,-7.169099807739258,-76.72859954833984
IATA,JJM,0.165083006024,38.1951408386
IATA,JJN,24.7964,118.589996
IATA,JJU,60.715684155299996,-46.0299186409
IATA,JKG,57.757598876953125,14.068699836730957
IATA,JKH,38.34320068359375,26.140600204467773
IATA,JKL,36.9632987976,26.9405994415
IATA,JKR,26.708799362199997,85.9224014282
IATA,JLN,37.151798248291016,-94.49829864501953
IATA,JLR,23.177799224853516,80.052001953125
IATA,JMJ,22.415833,99.786389
IATA,JMK,37.43510055541992,25.348100662231445
IATA,JMO,28.780426,83.723
IATA,JMS,46.92969894,-98.67819977
IATA,JMU,46.84339904789999,130.464996338
IATA,JNB,-26.1392,28.246
IATA,JNG,35.292778,116.346667
IATA,JNI,-34.5459,-60.9306
IATA,JNN,60.141883975899994,-45.232976675
IATA,JNS,60.9172827256,-46.059923172
IATA,JNU,58.35499954223633,-134.5760040283203
IATA,JNX,37.0811004639,25.3680992126
IATA,JNZ,41.10139846801758,121.06199645996094
IATA,JOE,62.662899017334,29.607500076294
IATA,JOG,-7.788179874420166,110.43199920654297
IATA,JOH,-31.605899810791016,29.519800186157227
IATA,JOI,-26.22450065612793,-48.797401428222656
IATA,JOJ,68.1252746582,-106.585281372
IATA,JOK,56.700599670410156,47.904701232910156
IATA,JOL,6.0536699295043945,121.01100158691406
IATA,JON,16.7285995483,-169.533996582
IATA,JOS,9.639829635620117,8.869050025939941
IATA,JOT,41.51779938,-88.17549896
IATA,JPA,-7.145833015440001,-34.9486122131
IATA,JPR,-10.870800018299999,-61.8465003967
IATA,JQA,70.7341995239,-52.6962013245
IATA,JQE,7.51777982711792,-78.1572036743164
IATA,JRA,40.754501,-74.007103
IATA,JRB,40.70119858,-74.00900269
IATA,JRF,21.3074,-158.070009
IATA,JRH,26.7315006256,94.1754989624
IATA,JRN,-10.305832862854004,-58.489444732666016
IATA,JRO,-3.42940998077,37.0745010376
IATA,JSA,26.888700485229492,70.86499786376953
IATA,JSH,35.21609878540039,26.101299285888672
IATA,JSI,39.177101135253906,23.503700256347656
IATA,JSJ,47.11,132.660278
IATA,JSK,25.653601,57.799301
IATA,JSM,-44.048599243199995,-70.4589004517
IATA,JSR,23.183799743652344,89.16079711914062
IATA,JST,40.31610107421875,-78.83390045166016
IATA,JSU,65.4124984741,-52.9393997192
IATA,JSY,37.4227981567,24.950899124099998
IATA,JTC,-22.166859140899998,-49.0502866745
IATA,JTR,36.399200439453125,25.479299545288086
IATA,JTY,36.5798988342,26.3757991791
IATA,JUA,-11.2966,-57.5495
IATA,JUB,4.87201023102,31.6011009216
IATA,JUH,30.7403,117.6856
IATA,JUI,53.68111038208008,7.055832862854004
IATA,JUJ,-24.392799,-65.097801
IATA,JUL,-15.467100143432617,-70.158203125
IATA,JUM,29.2742,82.193298
IATA,JUV,72.7901992798,-56.1305999756
IATA,JUZ,28.965799,118.899002
IATA,JVA,-18.80501,45.273467
IATA,JVL,42.620300293,-89.0416030884
IATA,JWA,-24.6023006439209,24.69099998474121
IATA,JWN,36.7737007141,48.3594017029
IATA,JXA,45.293,131.193
IATA,JXN,42.259799957300004,-84.45939636230001
IATA,JYR,28.726900100699996,57.67029953
IATA,JYV,62.399501800537,25.678300857544
IATA,JZH,32.8533333333,103.682222222
IATA,KAA,-10.216699600219727,31.13330078125
IATA,KAB,-16.519800186157227,28.885000228881836
IATA,KAC,37.020599365234375,41.19139862060547
IATA,KAD,10.696000099182129,7.320109844207764
IATA,KAG,37.753601,128.943915
IATA,KAI,5.17275476456,-59.491481781
IATA,KAJ,64.285499572754,27.692399978638
IATA,KAL,64.31909943,-158.7409973
IATA,KAN,12.0476,8.52462
IATA,KAO,65.987602233887,29.239400863647
IATA,KAR,5.865340232849121,-60.614200592041016
IATA,KAT,-35.06999969482422,173.28500366210938
IATA,KAU,63.127102,23.051399
IATA,KAW,10.049300193786621,98.53800201416016
IATA,KAX,-27.692813,114.259169
IATA,KAZ,1.1852799654006958,127.89600372314453
IATA,KBL,34.565899,69.212303
IATA,KBN,-6.132999897,24.4829998016
IATA,KBP,50.345001220703125,30.894699096679688
IATA,KBQ,-13.014599800109863,33.46860122680664
IATA,KBR,6.1668500900268555,102.29299926757812
IATA,KBS,7.944399833679199,-11.76099967956543
IATA,KBV,8.09912014008,98.9861984253
IATA,KBZ,-42.42499923706055,173.60499572753906
IATA,KCA,41.677856,82.872917
IATA,KCF,27.1667003632,69.31670379639999
IATA,KCH,1.4846999645233154,110.34700012207031
IATA,KCK,57.773,108.064
IATA,KCM,37.5388259888,36.9535217285
IATA,KCO,40.73500061035156,30.08329963684082
IATA,KCS,-24.42329978942871,131.8350067138672
IATA,KCT,5.993680000305176,80.32029724121094
IATA,KCZ,33.546101,133.669006
IATA,KDA,12.898500442504883,-14.968099594116211
IATA,KDC,11.14479,2.940381
IATA,KDD,27.790599823,66.6473007202
IATA,KDH,31.505800247192383,65.8478012084961
IATA,KDI,-4.081610202789307,122.41799926757812
IATA,KDL,58.99079895019531,22.830699920654297
IATA,KDM,0.48813098669052124,72.99690246582031
IATA,KDO,1.8591699600219727,73.52189636230469
IATA,KDT,14.1020002365,99.9171981812
IATA,KDU,35.33549880981445,75.53600311279297
IATA,KDV,-19.058099746699998,178.156997681
IATA,KDX,11.137999534600002,29.7010993958
IATA,KDY,62.7890014648,136.854995728
IATA,KED,16.159500122070312,-13.507599830627441
IATA,KEF,63.985000610352,-22.605600357056
IATA,KEJ,55.27009963989258,86.1072006225586
IATA,KEL,54.37944412231445,10.145277976989746
IATA,KEM,65.778701782227,24.582099914551
IATA,KEN,7.891290187835693,-11.176600456237793
IATA,KEO,9.5,-7.566999912261963
IATA,KEP,28.103599548339844,81.66699981689453
IATA,KER,30.274400711099997,56.9510993958
IATA,KES,56.0374984741,-96.50969696039999
IATA,KET,21.301599502563477,99.63600158691406
IATA,KEV,61.856039,24.786686
IATA,KEW,52.991100311299995,-92.8364028931
IATA,KEY,-0.3899,35.242093
IATA,KFA,16.59000015258789,-11.406200408935547
IATA,KFE,-22.290754,119.437143
IATA,KFG,-17.431900024414062,130.80799865722656
IATA,KFP,54.8474006652832,-163.41000366210938
IATA,KFS,41.31420135498047,33.795799255371094
IATA,KGA,-5.90005016327,22.4692001343
IATA,KGC,-35.71390151977539,137.52099609375
IATA,KGD,54.88999938964844,20.592599868774414
IATA,KGE,-7.3305,157.585
IATA,KGF,49.670799255371094,73.33439636230469
IATA,KGG,12.57229995727539,-12.22029972076416
IATA,KGI,-30.789400100699996,121.461997986
IATA,KGJ,-9.953570365905762,33.893001556396484
IATA,KGK,59.726600647,-157.259002686
IATA,KGL,-1.96863,30.1395
IATA,KGO,48.54280090332031,32.28499984741211
IATA,KGP,62.190399169921875,74.53379821777344
IATA,KGS,36.79330062866211,27.091699600219727
IATA,KGT,30.1575,101.734722
IATA,KGW,-9.135916666670001,147.669444444
IATA,KGY,-26.580799102783203,151.84100341796875
IATA,KHC,45.372501373291016,36.40140151977539
IATA,KHD,33.43539810180664,48.282901763916016
IATA,KHE,46.6758,32.506401
IATA,KHG,39.5429000854,76.0199966431
IATA,KHH,22.57710075378418,120.3499984741211
IATA,KHI,24.9065,67.160797
IATA,KHJ,62.4625015259,22.3931007385
IATA,KHK,29.260299682617188,50.32389831542969
IATA,KHM,25.988300323486328,95.67440032958984
IATA,KHN,28.864999771118164,115.9000015258789
IATA,KHS,26.17099952697754,56.2406005859375
IATA,KHT,33.3334007263,69.952003479
IATA,KHV,48.52799987793,135.18800354004
IATA,KHW,-19.149999618530273,23.783000946044922
IATA,KHY,38.4275016784668,44.97359848022461
IATA,KHZ,-15.780799865722656,-145.12399291992188
IATA,KID,55.92169952392578,14.08549976348877
IATA,KIF,53.01250076293945,-89.85530090332031
IATA,KIH,26.5261993408,53.980201721200004
IATA,KIJ,37.9558982849,139.121002197
IATA,KIK,35.46950149536133,44.348899841308594
IATA,KIM,-28.802799224900003,24.7651996613
IATA,KIN,17.935699462890625,-76.7874984741211
IATA,KIO,5.644515,169.119507
IATA,KIR,52.18090057373047,-9.52377986907959
IATA,KIS,-0.0861390009522438,34.72890090942383
IATA,KIT,36.2742996216,23.0170001984
IATA,KIV,46.92770004272461,28.930999755859375
IATA,KIW,-12.900500297546387,28.149900436401367
IATA,KIX,34.42729949951172,135.24400329589844
IATA,KIY,-8.91123,39.508619
IATA,KJA,56.172901,92.493301
IATA,KJH,26.972,107.988
IATA,KJI,48.2223,86.9959
IATA,KJK,50.817199707,3.20472002029
IATA,KJP,26.168300628699996,127.292999268
IATA,KKA,64.9394989014,-161.154006958
IATA,KKC,16.466600418099997,102.783996582
IATA,KKE,-35.26279830932617,173.91200256347656
IATA,KKH,59.960800170899994,-162.880996704
IATA,KKJ,33.8459014893,131.035003662
IATA,KKN,69.725799560547,29.891300201416
IATA,KKR,-15.663299560546875,-146.88499450683594
IATA,KKS,33.895302,51.577
IATA,KKW,-5.035769939422607,18.785600662231445
IATA,KKX,28.321300506599997,129.927993774
IATA,KLC,14.146900177001953,-16.051300048828125
IATA,KLD,56.82469940185547,35.7577018737793
IATA,KLF,54.5499992371,36.3666687012
IATA,KLG,61.53630065917969,-160.34100341796875
IATA,KLH,16.6646995544,74.2893981934
IATA,KLI,4.157639980316162,21.65089988708496
IATA,KLJ,55.7118988037,21.242799758900002
IATA,KLM,37.3833007812,55.4519996643
IATA,KLN,57.5350990295,-153.977996826
IATA,KLO,11.679400444,122.375999451
IATA,KLR,56.68550109863281,16.287599563598633
IATA,KLS,46.11800003049999,-122.898002625
IATA,KLU,46.642502,14.3377
IATA,KLV,50.202999114990234,12.914999961853027
IATA,KLW,55.579200744599994,-133.076004028
IATA,KLX,37.06829833984375,22.02549934387207
IATA,KLZ,-29.6884002686,17.093999862700002
IATA,KMA,-7.96361017227,145.770996094
IATA,KMC,27.9009,45.528198
IATA,KME,-2.462239980697632,28.907899856567383
IATA,KMG,25.1019444,102.9291667
IATA,KMH,-27.45669937133789,23.411399841308594
IATA,KMI,31.877199173,131.449005127
IATA,KMJ,32.83729934692383,130.85499572753906
IATA,KMN,-8.642020225524902,25.252899169921875
IATA,KMO,58.990200042699996,-159.050003052
IATA,KMP,-26.5398006439209,18.111400604248047
IATA,KMQ,36.39459991455078,136.40699768066406
IATA,KMS,6.714560031890869,-1.5908199548721313
IATA,KMU,-0.3773530125617981,42.45920181274414
IATA,KMV,23.188800811767578,94.05110168457031
IATA,KMW,57.7969017029,41.019401550299996
IATA,KMX,18.297300338745117,42.80350112915039
IATA,KNA,-32.9496,-71.4786
IATA,KND,-2.91917991638,25.915399551399997
IATA,KNF,52.648395,0.550692
IATA,KNG,-3.6445200443267822,133.6959991455078
IATA,KNH,24.4279,118.359001
IATA,KNO,3.642222,98.885278
IATA,KNP,-9.76937007904,15.4553194046
IATA,KNQ,-21.05430030822754,164.83700561523438
IATA,KNR,27.820499420166016,52.35219955444336
IATA,KNS,-39.877498626708984,143.8780059814453
IATA,KNU,26.404301,80.410103
IATA,KNW,59.4499015808,-157.32800293
IATA,KNX,-15.7781000137,128.707992554
IATA,KOA,19.738783,-156.045603
IATA,KOC,-20.546300888061523,164.25599670410156
IATA,KOE,-10.171600341796875,123.6709976196289
IATA,KOI,58.957801818847656,-2.9049999713897705
IATA,KOJ,31.80340003967285,130.718994140625
IATA,KOK,63.721199035645,23.143100738525
IATA,KOO,-5.39444,26.99
IATA,KOP,17.383800506591797,104.64299774169922
IATA,KOQ,51.7211112976,11.952777862500001
IATA,KOS,10.57970047,103.637001038
IATA,KOT,63.0306015015,-163.533004761
IATA,KOU,-1.1846100091934,12.441300392151
IATA,KOV,53.329102,69.594597
IATA,KOW,25.853333,114.778889
IATA,KOX,-4.71075,136.43515
IATA,KPC,65.2537002563,-166.85899353
IATA,KPN,59.932998657199995,-164.031005859
IATA,KPO,35.987955,129.420383
IATA,KPS,-31.074399948120117,152.77000427246094
IATA,KPV,55.905998,-159.162993
IATA,KQA,54.1337704415,-165.778895617
IATA,KQH,26.601473,74.814147
IATA,KQT,37.86640167236328,68.86470031738281
IATA,KRA,-35.751399993896484,143.93899536132812
IATA,KRB,-17.45669937133789,140.8300018310547
IATA,KRC,-2.093,101.4683
IATA,KRF,63.04859924316406,17.76889991760254
IATA,KRH,51.2136001587,-0.138611003757
IATA,KRI,-7.424379825592041,144.2500762939453
IATA,KRK,50.077702,19.7848
IATA,KRL,41.69779968261719,86.12889862060547
IATA,KRN,67.821998596191,20.336799621582
IATA,KRO,55.47529983520508,65.41560363769531
IATA,KRP,56.29750061035156,9.124629974365234
IATA,KRQ,48.70560073852539,37.62889862060547
IATA,KRR,45.034698486328,39.170501708984
IATA,KRS,58.204201,8.08537
IATA,KRT,15.589500427246094,32.553199768066406
IATA,KRW,40.063301,53.007198
IATA,KRY,45.46655,84.9527
IATA,KRZ,-1.434999942779541,19.02400016784668
IATA,KSA,5.35698,162.957993
IATA,KSC,48.66310119628906,21.241100311279297
IATA,KSD,59.444698333699996,13.337400436400001
IATA,KSE,0.18299999833106995,30.100000381469727
IATA,KSF,51.417273,9.384967
IATA,KSH,34.3459014893,47.1581001282
IATA,KSI,9.1605596542358,-10.124400138855
IATA,KSJ,35.4213981628,26.909999847399998
IATA,KSK,59.34590148925781,14.49590015411377
IATA,KSL,15.387499809265137,36.328800201416016
IATA,KSM,62.0605011,-163.302002
IATA,KSN,53.20690155029297,63.55030059814453
IATA,KSO,40.4463005066,21.2821998596
IATA,KSQ,38.8335990906,65.9215011597
IATA,KSS,11.333000183105469,-5.699999809265137
IATA,KSU,63.111801147461,7.824520111084
IATA,KSY,40.562198638916016,43.1150016784668
IATA,KSZ,61.235801696777344,46.6974983215332
IATA,KTA,-20.712200164799995,116.773002625
IATA,KTD,25.9447002411,131.32699585
IATA,KTE,4.537220001220703,103.427001953125
IATA,KTF,-40.81330108642578,172.77499389648438
IATA,KTG,-1.816640019416809,109.96299743652344
IATA,KTI,12.48799991607666,106.05500030517578
IATA,KTL,0.9719889760017395,34.95859909057617
IATA,KTM,27.6966,85.3591
IATA,KTN,55.35559845,-131.7140045
IATA,KTP,17.98859977722168,-76.82379913330078
IATA,KTQ,62.1661,30.073601
IATA,KTR,-14.521100044250488,132.3780059814453
IATA,KTS,65.3312988281,-166.466003418
IATA,KTT,67.700996398926,24.846799850464
IATA,KTU,25.160200119,75.84559631350001
IATA,KTW,50.4743,19.08
IATA,KUA,3.7753899097442627,103.20899963378906
IATA,KUC,0.2186110019683838,173.44200134277344
IATA,KUD,6.922500133514404,116.83599853515625
IATA,KUF,53.504901885986,50.16429901123
IATA,KUG,-10.225000381500001,142.218002319
IATA,KUH,43.041000366199995,144.192993164
IATA,KUK,60.87440109,-162.5240021
IATA,KUL,2.745579957962,101.70999908447
IATA,KUM,30.3855991364,130.658996582
IATA,KUN,54.96390151977539,24.084800720214844
IATA,KUO,63.007099151611,27.797800064087
IATA,KUT,42.176700592,42.4826011658
IATA,KUU,31.876699447631836,77.15440368652344
IATA,KUV,35.90380096435547,126.61599731445312
IATA,KVA,40.913299560546875,24.619199752807617
IATA,KVB,58.45640182495117,13.972700119018555
IATA,KVC,55.11629867553711,-162.26600646972656
IATA,KVD,40.737701416015625,46.31760025024414
IATA,KVG,-2.57940006256,150.807998657
IATA,KVK,67.46330261230469,33.58829879760742
IATA,KVL,67.73619842529297,-164.56300354003906
IATA,KVM,64.667,170.417007
IATA,KVR,44.2726,135.029
IATA,KVX,58.503299713135,49.348300933838
IATA,KWA,8.720120429992676,167.73199462890625
IATA,KWB,-5.80091,110.47838
IATA,KWE,26.53849983215332,106.8010025024414
IATA,KWG,48.04330062866211,33.209999084472656
IATA,KWI,29.226600646972656,47.96889877319336
IATA,KWJ,35.123173,126.805444
IATA,KWK,59.876499,-163.169005
IATA,KWL,25.21809959411621,110.03900146484375
IATA,KWM,-15.485600471496582,141.75100708007812
IATA,KWN,59.7551,-161.845
IATA,KWT,60.790298461899994,-161.444000244
IATA,KWZ,-10.765899658203125,25.505699157714844
IATA,KXE,-26.8710994720459,26.718000411987305
IATA,KXF,-17.3458003998,179.42199707
IATA,KXK,50.409000396728516,136.9340057373047
IATA,KYA,37.979,32.561901
IATA,KYD,22.027000427246094,121.53500366210938
IATA,KYE,34.589298248291016,36.01129913330078
IATA,KYI,-31.470600128173828,131.8249969482422
IATA,KYK,57.5671005249,-154.449996948
IATA,KYP,19.42639923095703,93.53479766845703
IATA,KYS,14.481200218200684,-11.404399871826172
IATA,KYU,64.8760986328,-157.727005005
IATA,KYZ,51.66939926147461,94.40059661865234
IATA,KZC,12.255200386,104.564002991
IATA,KZF,-7.50025,146.033833333
IATA,KZG,49.743099,10.2006
IATA,KZI,40.28609848022461,21.84079933166504
IATA,KZN,55.606201171875,49.278701782227
IATA,KZO,44.706902,65.592499
IATA,KZR,39.113079,30.128111
IATA,KZS,36.1417007446,29.576400756799995
IATA,LAA,38.069698333699996,-102.68800354
IATA,LAD,-8.85837,13.2312
IATA,LAE,-6.569803,146.725977
IATA,LAF,40.41230010986328,-86.93689727783203
IATA,LAI,48.754398,-3.47166
IATA,LAJ,-27.782100677499997,-50.28150177
IATA,LAK,68.223297,-135.00599
IATA,LAL,27.988899,-82.018602
IATA,LAM,35.8797988892,-106.268997192
IATA,LAN,42.77870178222656,-84.58740234375
IATA,LAO,18.1781005859375,120.53199768066406
IATA,LAP,24.072700500499998,-110.361999512
IATA,LAQ,32.788700103759766,21.96430015563965
IATA,LAR,41.31209945678711,-105.67500305175781
IATA,LAS,36.08010101,-115.1520004
IATA,LAU,-2.252419948577881,40.91310119628906
IATA,LAW,34.5676994324,-98.4166030884
IATA,LAX,33.94250107,-118.4079971
IATA,LAY,-28.5816993713,29.749700546299998
IATA,LAZ,-13.2621002197,-43.4081001282
IATA,LBA,53.86589813232422,-1.6605700254440308
IATA,LBB,33.663601,-101.822998
IATA,LBC,53.8054008484,10.7192001343
IATA,LBD,40.21540069580078,69.6947021484375
IATA,LBE,40.27590179,-79.40480042
IATA,LBF,41.12620163,-100.6839981
IATA,LBG,48.969398498535156,2.441390037536621
IATA,LBI,43.91389846801758,2.1130599975585938
IATA,LBJ,-8.48666,119.889
IATA,LBL,37.0442009,-100.9599991
IATA,LBQ,-0.7043889760971069,10.245699882507324
IATA,LBR,-7.278969764709473,-64.76950073242188
IATA,LBS,-16.466699600219727,179.33999633789062
IATA,LBT,34.6099014282,-79.05940246579999
IATA,LBU,5.300680160522461,115.25
IATA,LBV,0.458600014448,9.412280082699999
IATA,LBW,3.9028,115.6921
IATA,LBX,13.855400085449219,120.1050033569336
IATA,LBY,47.289398193359375,-2.3463900089263916
IATA,LBZ,-8.445727348330001,20.7320861816
IATA,LCA,34.875099182128906,33.624900817871094
IATA,LCC,40.239201,18.133301
IATA,LCE,15.7425,-86.852997
IATA,LCG,43.302101,-8.37726
IATA,LCH,30.126100540161133,-93.22329711914062
IATA,LCJ,51.721900939899996,19.3980998993
IATA,LCK,39.813801,-82.927803
IATA,LCL,22.33609962463379,-83.64189910888672
IATA,LCQ,30.1819992065,-82.57689666750001
IATA,LCX,25.6746997833,116.747001648
IATA,LCY,51.505299,0.055278
IATA,LDB,-23.333599090599996,-51.1301002502
IATA,LDE,43.1786994934082,-0.006438999902456999
IATA,LDG,64.8960037231,45.7229995728
IATA,LDH,-31.5382995605,159.07699585
IATA,LDI,-9.85111,39.757801
IATA,LDJ,40.617401123,-74.2445983887
IATA,LDK,58.4655,13.1744
IATA,LDM,43.96250153,-86.40789795
IATA,LDN,27.25309944152832,86.66999816894531
IATA,LDS,47.7520555556,129.019125
IATA,LDU,5.032249927520752,118.3239974975586
IATA,LDV,48.53030014038086,-4.151639938354492
IATA,LDX,5.48306,-54.034401
IATA,LDY,55.04280090332031,-7.161109924316406
IATA,LEA,-22.235599517799997,114.088996887
IATA,LEB,43.626098632799994,-72.30419921880001
IATA,LEC,-12.4822998047,-41.2770004272
IATA,LED,59.80030059814453,30.262500762939453
IATA,LEE,28.82309914,-81.80870056
IATA,LEH,49.53390121459961,0.08805599808692932
IATA,LEI,36.84389877319336,-2.3701000213623047
IATA,LEJ,51.423889,12.236389
IATA,LEK,11.326100349426,-12.286800384521
IATA,LEL,-12.498900413513184,135.80599975585938
IATA,LEN,42.5890007019043,-5.65556001663208
IATA,LEQ,50.102798,-5.67056
IATA,LER,-27.843299865722656,120.7030029296875
IATA,LET,-4.19355,-69.9432
IATA,LEU,42.3386,1.40917
IATA,LEV,-17.7110996246,178.759002686
IATA,LEW,44.048500061,-70.2835006714
IATA,LEX,38.0364990234375,-84.60590362548828
IATA,LEY,52.4603,5.52722
IATA,LFB,-15.0331001282,40.671699523899996
IATA,LFI,37.082901001,-76.360496521
IATA,LFK,31.2339992523,-94.75
IATA,LFM,27.3726997375,53.18880081179999
IATA,LFQ,36.132629,111.641236
IATA,LFR,8.239167213439941,-72.27102661132812
IATA,LFT,30.20529938,-91.98760223
IATA,LFW,6.165609836578369,1.2545100450515747
IATA,LGA,40.77719879,-73.87259674
IATA,LGB,33.81769943,-118.1520004
IATA,LGC,33.0089,-85.072601
IATA,LGD,45.2901992798,-118.007003784
IATA,LGG,50.63740158081055,5.443220138549805
IATA,LGH,-30.59830093383789,138.42599487304688
IATA,LGI,23.1790008545,-75.09359741210001
IATA,LGK,6.329730033874512,99.72869873046875
IATA,LGL,3.4210000038099997,115.153999329
IATA,LGO,53.74250030517578,7.497777938842773
IATA,LGP,13.1575,123.735
IATA,LGS,-35.493598938,-69.5743026733
IATA,LGU,41.7911987305,-111.851997375
IATA,LGW,51.148102,-0.190278
IATA,LHA,48.3693008423,7.82772016525
IATA,LHE,31.5216007232666,74.40360260009766
IATA,LHG,-29.45669937133789,147.98399353027344
IATA,LHK,32.389400482177734,111.69499969482422
IATA,LHR,51.4706,-0.461941
IATA,LHS,-46.53829956049999,-68.9653015137
IATA,LHV,41.13560104,-77.42230225
IATA,LHW,36.5152015686,103.620002747
IATA,LID,52.166099548300004,4.41794013977
IATA,LIF,-20.774799346923828,167.24000549316406
IATA,LIG,45.86280059814453,1.1794400215148926
IATA,LIH,21.97599983215332,-159.33900451660156
IATA,LII,-3.7018,137.957
IATA,LIL,50.563332,3.086886
IATA,LIM,-12.0219,-77.114305
IATA,LIN,45.445099,9.27674
IATA,LIO,9.95796012878418,-83.02200317382812
IATA,LIP,-21.663999557495,-49.730499267578
IATA,LIQ,2.17066,21.496901
IATA,LIR,10.5933,-85.544403
IATA,LIS,38.7813,-9.13592
IATA,LIT,34.729400634799994,-92.2242965698
IATA,LIW,19.691499710083008,97.21479797363281
IATA,LIX,-12.075833,34.737222
IATA,LIY,31.889099,-81.562303
IATA,LJA,-3.4170000553131104,23.450000762939453
IATA,LJG,26.6800003052,100.246002197
IATA,LJN,29.1086006165,-95.462097168
IATA,LJU,46.223701,14.4576
IATA,LKB,-18.1991996765,-178.817001343
IATA,LKG,4.20412015914917,34.348201751708984
IATA,LKH,3.299999952316284,114.78299713134766
IATA,LKL,70.068801879883,24.973499298096
IATA,LKN,68.152496337891,13.609399795532
IATA,LKO,26.7605991364,80.8892974854
IATA,LKP,44.2644996643,-73.96189880370001
IATA,LKV,42.161098480199996,-120.399002075
IATA,LKY,-3.376310110092163,35.81829833984375
IATA,LKZ,52.409301757799994,0.56099998951
IATA,LLA,65.543800354004,22.121999740601
IATA,LLB,25.4525,107.961667
IATA,LLE,-25.4300003052,31.5767002106
IATA,LLF,26.338661,111.610043
IATA,LLI,11.975000381469727,38.97999954223633
IATA,LLK,38.746398925799994,48.8180007935
IATA,LLU,60.46445,-45.56917
IATA,LLV,37.683333,111.142778
IATA,LLW,-13.7894001007,33.78099823
IATA,LLY,39.942901611299995,-74.845703125
IATA,LMA,63.886002,-152.302002
IATA,LME,47.94860076904297,0.20166699588298798
IATA,LMM,25.6851997375,-109.081001282
IATA,LMN,4.808300018310547,115.01000213623047
IATA,LMO,57.7052001953125,-3.339169979095459
IATA,LMP,35.497898,12.6181
IATA,LMQ,30.37809944152832,19.576400756835938
IATA,LMR,-28.36009979248047,23.43910026550293
IATA,LMT,42.156101,-121.733002
IATA,LNA,26.59300041,-80.08509827
IATA,LNB,-16.584199905400002,168.158996582
IATA,LND,42.8152008057,-108.730003357
IATA,LNE,-15.865599632299999,168.17199707
IATA,LNJ,23.738100051900002,100.025001526
IATA,LNK,40.85100173950195,-96.75920104980469
IATA,LNL,33.788,105.797
IATA,LNN,41.683998107899995,-81.3897018433
IATA,LNO,-28.87809944152832,121.31500244140625
IATA,LNR,43.2117004395,-90.181602478
IATA,LNS,40.121700286865234,-76.29609680175781
IATA,LNX,54.824,32.025
IATA,LNY,20.785600662231445,-156.9510040283203
IATA,LNZ,48.2332,14.1875
IATA,LOD,-15.3066997528,167.966995239
IATA,LOE,17.43910026550293,101.72200012207031
IATA,LOH,-3.99589,-79.371902
IATA,LOK,3.1219699382781982,35.608699798583984
IATA,LOL,40.0663986206,-118.565002441
IATA,LOO,33.764400482199996,2.92833995819
IATA,LOP,-8.757322,116.276675
IATA,LOS,6.5773701667785645,3.321160078048706
IATA,LOT,41.6072998,-88.09619904
IATA,LOU,38.2280006409,-85.6636962891
IATA,LOV,26.9557,-101.470001
IATA,LOZ,37.0821990967,-84.08489990230001
IATA,LPA,27.931900024414062,-15.38659954071045
IATA,LPB,-16.5132999420166,-68.19229888916016
IATA,LPC,34.665599823,-120.468002319
IATA,LPD,-1.32861,-69.5797
IATA,LPF,26.609417,104.979
IATA,LPG,-34.9722,-57.8947
IATA,LPI,58.4062004089,15.680500030500001
IATA,LPK,52.70280075073242,39.53779983520508
IATA,LPL,53.33359909057617,-2.849720001220703
IATA,LPM,-16.4611228,167.829253
IATA,LPP,61.044601,28.144743
IATA,LPQ,19.897300720214844,102.16100311279297
IATA,LPS,48.4838981628418,-122.93800354003906
IATA,LPT,18.27090072631836,99.50420379638672
IATA,LPU,1.704486,114.970297
IATA,LPX,56.51750183105469,21.096900939941406
IATA,LPY,45.0806999206543,3.762890100479126
IATA,LQM,-0.182278,-74.7708
IATA,LRA,39.650253,22.4655
IATA,LRD,27.543800354003906,-99.46160125732422
IATA,LRE,-23.4342002869,144.279998779
IATA,LRF,34.916900634799994,-92.14969635010002
IATA,LRH,46.17919921875,-1.1952799558639526
IATA,LRL,9.767330169677734,1.091249942779541
IATA,LRM,18.450700759887695,-68.91179656982422
IATA,LRR,27.6746997833,54.3833007812
IATA,LRS,37.184898,26.800301
IATA,LRT,47.76060104370117,-3.440000057220459
IATA,LRU,32.289398193359375,-106.9219970703125
IATA,LRV,11.9499998093,-66.66999816890001
IATA,LSC,-29.916201,-71.199501
IATA,LSE,43.879002,-91.256699
IATA,LSF,32.337299346900004,-84.9913024902
IATA,LSH,22.9778995513916,97.752197265625
IATA,LSI,59.87889862060547,-1.2955600023269653
IATA,LSL,11.035300254821777,-84.70610046386719
IATA,LSP,11.78077507019043,-70.15149688720703
IATA,LSQ,-37.40169906616211,-72.42539978027344
IATA,LSS,15.86439991,-61.5806007385
IATA,LST,-41.54529953,147.214004517
IATA,LSV,36.2361984253,-115.033996582
IATA,LSW,5.226679801940918,96.95030212402344
IATA,LSX,5.069509983062744,97.25920104980469
IATA,LSY,-28.8302993774,153.259994507
IATA,LSZ,44.5657997131,14.3930997849
IATA,LTA,-23.8243999481,30.329299926799997
IATA,LTD,30.15169906616211,9.715310096740723
IATA,LTI,46.376399993896484,96.22109985351562
IATA,LTK,35.401100158691406,35.948699951171875
IATA,LTM,3.37276,-59.789398
IATA,LTN,51.874698638916016,-0.36833301186561584
IATA,LTO,25.989200592041016,-111.3479995727539
IATA,LTQ,50.517398834228516,1.6205899715423584
IATA,LTS,34.667098999,-99.2667007446
IATA,LTT,43.205399,6.482
IATA,LTX,-0.906833,-78.615799
IATA,LUA,27.686899185180664,86.72969818115234
IATA,LUC,-16.74810028076172,-179.66700744628906
IATA,LUD,-26.687400817871094,15.242899894714355
IATA,LUF,33.534999847399995,-112.383003235
IATA,LUG,46.00429916379999,8.9105796814
IATA,LUH,30.854700088500977,75.95259857177734
IATA,LUK,39.10329819,-84.41860199
IATA,LUM,24.4011,98.5317
IATA,LUN,-15.3308000565,28.4526004791
IATA,LUO,-11.768099784851074,19.8976993560791
IATA,LUP,21.21100044,-156.973999
IATA,LUQ,-33.2732009888,-66.3563995361
IATA,LUR,68.87509918,-166.1100006
IATA,LUV,-5.661620140075684,132.7310028076172
IATA,LUW,-1.03892,122.772003
IATA,LUX,49.6233333,6.2044444
IATA,LUZ,51.240278,22.713611
IATA,LVA,48.03139877319336,-0.7429860234260559
IATA,LVI,-17.821800231933594,25.82270050048828
IATA,LVK,37.6934013367,-121.819999695
IATA,LVM,45.6994018555,-110.447998047
IATA,LVO,-28.61359977722168,122.42400360107422
IATA,LVP,26.810300827026367,53.356300354003906
IATA,LVS,35.6542015076,-105.141998291
IATA,LWB,37.8582992554,-80.3994979858
IATA,LWC,39.01119995,-95.21659851
IATA,LWK,60.192199707,-1.24361002445
IATA,LWM,42.717201232899995,-71.1233978271
IATA,LWN,40.7504005432,43.859298706100006
IATA,LWO,49.8125,23.956100463867188
IATA,LWR,53.228599548339844,5.760560035705566
IATA,LWS,46.3745002746582,-117.01499938964844
IATA,LWT,47.04930114746094,-109.46700286865234
IATA,LWY,4.84917,115.407997
IATA,LXA,29.2978000641,90.91190338130001
IATA,LXG,20.966999,101.400002
IATA,LXN,40.791000366199995,-99.7772979736
IATA,LXR,25.671,32.7066
IATA,LXS,39.917098999,25.236299514799995
IATA,LYA,34.741100311299995,112.388000488
IATA,LYB,19.660161,-80.088826
IATA,LYC,64.54830169677734,18.71619987487793
IATA,LYE,51.5051,-1.99343
IATA,LYG,34.571667,118.873611
IATA,LYH,37.326698303222656,-79.20040130615234
IATA,LYI,35.04610061645508,118.41200256347656
IATA,LYM,51.08,1.013
IATA,LYN,45.72719955444336,4.944270133972168
IATA,LYP,31.364999771118164,72.99479675292969
IATA,LYR,78.246101379395,15.465600013733
IATA,LYS,45.725556,5.081111
IATA,LYU,47.82450104,-91.83070374
IATA,LYX,50.95610046386719,0.9391670227050781
IATA,LZC,18.0016994476,-102.221000671
IATA,LZH,24.2075,109.390999
IATA,LZN,26.1598,119.958
IATA,LZO,28.85219955444336,105.39299774169922
IATA,LZR,-14.673273,145.454571
IATA,LZU,33.97809982,-83.96240234
IATA,LZY,29.303300857543945,94.33529663085938
IATA,MAA,12.990005493164062,80.16929626464844
IATA,MAB,-5.36858987808,-49.138000488299994
IATA,MAD,40.471926,-3.56264
IATA,MAE,36.9886016846,-120.111999512
IATA,MAF,31.9424991607666,-102.2020034790039
IATA,MAG,-5.20707988739,145.789001465
IATA,MAH,39.86259841918945,4.218649864196777
IATA,MAI,-14.482999801635742,35.266998291015625
IATA,MAJ,7.064760208129883,171.27200317382812
IATA,MAK,9.55897045135498,31.65220069885254
IATA,MAM,25.7698993683,-97.5252990723
IATA,MAN,53.35369873046875,-2.2749500274658203
IATA,MAO,-3.0386099815368652,-60.04970169067383
IATA,MAQ,16.699899673461914,98.54509735107422
IATA,MAR,10.5582084656,-71.7278594971
IATA,MAS,-2.06189,147.423996
IATA,MAT,-5.799610137939453,13.440400123596191
IATA,MAU,-16.42650032043457,-152.24400329589844
IATA,MAX,15.593600273132324,-13.322799682617188
IATA,MAY,24.287700653076172,-77.68460083007812
IATA,MAZ,18.255699157714844,-67.14849853515625
IATA,MBA,-4.034830093383789,39.594200134277344
IATA,MBD,-25.798400878900004,25.548000335699996
IATA,MBE,44.303901672399995,143.404006958
IATA,MBG,45.54650116,-100.4079971
IATA,MBH,-25.5133,152.714996
IATA,MBI,-8.919942,33.273981
IATA,MBJ,18.503700256347656,-77.91339874267578
IATA,MBL,44.2723999,-86.24690247
IATA,MBO,13.208100318908691,120.6050033569336
IATA,MBS,43.532901763916016,-84.07959747314453
IATA,MBT,12.369682,123.630095
IATA,MBU,-9.7475004196167,159.83900451660156
IATA,MBW,-37.975799560546875,145.1020050048828
IATA,MBX,46.47990036010742,15.686100006103516
IATA,MBZ,-3.37217,-57.7248
IATA,MCB,31.17849922,-90.47190094
IATA,MCC,38.66759872,-121.401001
IATA,MCE,37.28469849,-120.5139999
IATA,MCF,27.84930038,-82.52120209
IATA,MCG,62.95289993,-155.6060028
IATA,MCH,-3.2689,-79.961601
IATA,MCI,39.2976,-94.713898
IATA,MCJ,11.2325,-72.4901
IATA,MCK,40.20629883,-100.5920029
IATA,MCL,63.7326011658,-148.910995483
IATA,MCN,32.69279861450195,-83.64920043945312
IATA,MCO,28.429399490356445,-81.30899810791016
IATA,MCP,0.0506640002131,-51.0722007751
IATA,MCS,-30.2719,-57.6402
IATA,MCT,23.593299865722656,58.284400939941406
IATA,MCU,46.222599029541016,2.363960027694702
IATA,MCV,-16.4424991608,136.083999634
IATA,MCW,43.157798767100005,-93.3312988281
IATA,MCX,42.81679916381836,47.65230178833008
IATA,MCY,-26.6033,153.091003
IATA,MCZ,-9.510809898376465,-35.79169845581055
IATA,MDC,1.5492600202560425,124.9260025024414
IATA,MDE,6.16454,-75.4231
IATA,MDG,44.5241012573,129.569000244
IATA,MDH,37.778099060058594,-89.25199890136719
IATA,MDI,7.70388,8.61394
IATA,MDK,0.0226000007242,18.2887001038
IATA,MDL,21.702199935913086,95.97789764404297
IATA,MDQ,-37.9342,-57.5733
IATA,MDS,21.82602,-71.8025
IATA,MDT,40.1935005188,-76.7633972168
IATA,MDU,-6.14774,143.656998
IATA,MDW,41.785999,-87.752403
IATA,MDY,28.20170021057129,-177.38099670410156
IATA,MDZ,-32.8316993713,-68.7929000854
IATA,MEA,-22.343000412,-41.7659988403
IATA,MEB,-37.7281,144.901993
IATA,MEC,-0.9460780024528503,-80.67880249023438
IATA,MED,24.5534,39.705101
IATA,MEE,-21.481700897216797,168.03799438476562
IATA,MEG,-9.525090217590332,16.312400817871094
IATA,MEH,71.02970123291,27.826700210571
IATA,MEI,32.33259963989258,-88.75189971923828
IATA,MEK,33.87910079956055,-5.515120029449463
IATA,MEL,-37.673302,144.843002
IATA,MEM,35.04240036010742,-89.97669982910156
IATA,MEN,44.502102,3.53282
IATA,MEO,35.91899872,-75.69550323
IATA,MEQ,4.25,96.21700286865234
IATA,MER,37.38050079,-120.5680008
IATA,MES,3.559167,98.671111
IATA,MEU,-0.889839,-52.6022
IATA,MEX,19.4363,-99.072098
IATA,MEY,27.5774,84.22875
IATA,MFA,-7.917478,39.668502
IATA,MFD,40.82139968869999,-82.5166015625
IATA,MFE,26.17580032,-98.23860168
IATA,MFG,34.3390007019043,73.50859832763672
IATA,MFI,44.6369018555,-90.18930053710001
IATA,MFJ,-18.566699981699998,179.951004028
IATA,MFK,26.224199,120.002998
IATA,MFM,22.149599,113.592003
IATA,MFN,-44.673301696777344,167.92300415039062
IATA,MFQ,13.5024995803833,7.1267499923706055
IATA,MFR,42.37419891357422,-122.87300109863281
IATA,MFU,-13.258899688720703,31.936599731445312
IATA,MFX,45.407003,6.577942
IATA,MGA,12.141500473022461,-86.16819763183594
IATA,MGB,-37.745601654052734,140.78500366210938
IATA,MGC,41.703300476100004,-86.8211975098
IATA,MGE,33.91540146,-84.51629639
IATA,MGF,-23.479444503799996,-52.01222229
IATA,MGH,-30.8574008942,30.343000412
IATA,MGJ,41.50999832,-74.26460266
IATA,MGL,51.230278,6.504444
IATA,MGM,32.30059814,-86.39399719
IATA,MGN,9.28474,-74.8461
IATA,MGQ,2.0144400596618652,45.3046989440918
IATA,MGS,-21.895986557006836,-157.9066619873047
IATA,MGT,-12.0944004059,134.893997192
IATA,MGW,39.64289856,-79.91629791
IATA,MGY,39.5890007019,-84.224899292
IATA,MGZ,12.439800262451172,98.62149810791016
IATA,MHA,5.277490139007568,-59.151100158691406
IATA,MHC,-42.340388,-73.715693
IATA,MHD,36.235198974609375,59.64099884033203
IATA,MHE,43.774799346900004,-98.03859710690001
IATA,MHG,49.473057,8.514167
IATA,MHH,26.5114,-77.083503
IATA,MHK,39.14099884033203,-96.6707992553711
IATA,MHP,53.864498138427734,27.53969955444336
IATA,MHQ,60.122200012207,19.898199081421
IATA,MHR,38.55390167,-121.2979965
IATA,MHT,42.932598,-71.435699
IATA,MHU,-37.0475006104,147.333999634
IATA,MHV,35.05939865,-118.1520004
IATA,MHX,-10.376700401306152,-161.0019989013672
IATA,MHZ,52.361900329589844,0.48640599846839905
IATA,MIA,25.79319953918457,-80.29060363769531
IATA,MIB,48.4156,-101.358002
IATA,MID,20.937000274699997,-89.657699585
IATA,MIE,40.2422981262207,-85.3958969116211
IATA,MIG,31.4281005859375,104.74099731445312
IATA,MII,-22.1968994141,-49.926399231
IATA,MIJ,6.08333,171.733002
IATA,MIK,61.6866,27.201799
IATA,MIM,-36.9085998535,149.901000977
IATA,MIP,30.776100158691406,34.66669845581055
IATA,MIR,35.75809860229492,10.75469970703125
IATA,MIS,-10.689200401299999,152.837997437
IATA,MIU,11.855299949645996,13.080900192260742
IATA,MIV,39.367802,-75.072197
IATA,MJA,-21.426105,44.316509
IATA,MJC,7.272069931030273,-7.58735990524292
IATA,MJD,27.3351993560791,68.14309692382812
IATA,MJF,65.783996582031,13.214900016785
IATA,MJI,32.894100189208984,13.276000022888184
IATA,MJK,-25.8938999176,113.577003479
IATA,MJL,-1.845139980316162,11.056699752807617
IATA,MJM,-6.121240139010001,23.569000244099996
IATA,MJN,-15.6668417421,46.351232528699995
IATA,MJT,39.0567016602,26.5983009338
IATA,MJV,37.775001525878906,-0.8123890161514282
IATA,MJZ,62.534698486328125,114.03900146484375
IATA,MKC,39.123199462890625,-94.5927963256836
IATA,MKE,42.947200775146484,-87.89659881591797
IATA,MKG,43.16949844,-86.23819733
IATA,MKK,21.15290069580078,-157.0959930419922
IATA,MKL,35.599899,-88.915604
IATA,MKM,2.90639,112.080002
IATA,MKP,-16.583900451660156,-143.6580047607422
IATA,MKQ,-8.52029037475586,140.41799926757812
IATA,MKR,-26.6117000579834,118.5479965209961
IATA,MKS,10.7254,38.7415
IATA,MKU,0.5792109966278076,12.890899658203125
IATA,MKW,-0.8918330073356628,134.0489959716797
IATA,MKY,-21.171699523900003,149.179992676
IATA,MKZ,2.2633600235,102.251998901
IATA,MLA,35.857498,14.4775
IATA,MLB,28.102800369262695,-80.64530181884766
IATA,MLC,34.882401,-95.783501
IATA,MLE,4.191830158233643,73.52909851074219
IATA,MLG,-7.926559925079999,112.714996338
IATA,MLI,41.44850158691406,-90.50749969482422
IATA,MLL,61.8642997742,-162.026000977
IATA,MLM,19.849899292,-101.025001526
IATA,MLN,35.279800415,-2.9562599659
IATA,MLO,36.696899,24.4769
IATA,MLS,46.428001403808594,-105.88600158691406
IATA,MLU,32.51089859008789,-92.0376968383789
IATA,MLW,6.289060115814209,-10.758700370788574
IATA,MLX,38.435298919699996,38.0909996033
IATA,MLY,64.99759674069999,-150.643997192
IATA,MLZ,-32.33789825439453,-54.21670150756836
IATA,MMB,43.8805999756,144.164001465
IATA,MMD,25.8465003967,131.263000488
IATA,MME,54.50920104980469,-1.4294099807739258
IATA,MMG,-28.116100311279297,117.84200286865234
IATA,MMH,37.62409973,-118.8379974
IATA,MMI,35.39730072,-84.56259918
IATA,MMJ,36.16680145263672,137.92300415039062
IATA,MMK,68.78170013427734,32.75080108642578
IATA,MMO,15.155900001525879,-23.213699340820312
IATA,MMT,33.92079926,-80.80130005
IATA,MMU,40.799400329589844,-74.41490173339844
IATA,MMX,55.536305364,13.376197814900001
IATA,MMY,24.782800674399997,125.294998169
IATA,MMZ,35.93080139160156,64.76090240478516
IATA,MNA,4.00694,126.672997
IATA,MNB,-5.9308600425720215,12.351799964904785
IATA,MNC,-14.488200187683105,40.71220016479492
IATA,MNF,-17.6730995178,177.098007202
IATA,MNG,-12.0560998917,134.23399353
IATA,MNH,23.640556,57.4875
IATA,MNI,16.791400909423828,-62.19329833984375
IATA,MNJ,-21.201799392700195,48.358299255371094
IATA,MNK,1.0036100149154663,173.031005859375
IATA,MNL,14.5086,121.019997
IATA,MNM,45.126701,-87.638397
IATA,MNR,-15.254500389099121,23.16230010986328
IATA,MNS,-11.13700008392334,28.872600555419922
IATA,MNU,16.444700241088867,97.66069793701172
IATA,MNX,-5.8113799095154,-61.278301239014
IATA,MNY,-7.416940212249756,155.56500244140625
IATA,MNZ,38.72140121,-77.51540375
IATA,MOA,20.653900146484375,-74.92220306396484
IATA,MOB,30.691200256348,-88.242797851562
IATA,MOC,-16.706899642899998,-43.818901062
IATA,MOD,37.62580109,-120.9540024
IATA,MOE,23.092500686645508,96.64530181884766
IATA,MOF,-8.64064979553,122.236999512
IATA,MOG,20.516799926757812,99.25679779052734
IATA,MOI,-19.842500686645508,-157.7030029296875
IATA,MOJ,5.6076,-54.4003
IATA,MOL,62.744701385498,7.2624998092651
IATA,MON,-43.76499938964844,170.13299560546875
IATA,MOO,-28.09939956665039,140.19700622558594
IATA,MOQ,-20.284700393676758,44.31760025024414
IATA,MOT,48.2593994140625,-101.27999877929688
IATA,MOU,62.095401763916016,-163.6820068359375
IATA,MOV,-22.057800293,148.07699585
IATA,MOZ,-17.49,-149.761993
IATA,MPA,-17.634399,24.176701
IATA,MPH,11.9245,121.954002
IATA,MPK,34.7588996887,126.379997253
IATA,MPL,43.57619857788086,3.96301007270813
IATA,MPM,-25.920799,32.572601
IATA,MPN,-51.82279968261719,-58.447200775146484
IATA,MPO,41.137503,-75.378897
IATA,MPV,44.20349884,-72.56230164
IATA,MPW,47.07609939575195,37.44960021972656
IATA,MPY,3.6575,-54.037201
IATA,MQC,47.095500946,-56.3802986145
IATA,MQF,53.39310073852539,58.755699157714844
IATA,MQH,-13.5491,-48.195301
IATA,MQJ,66.450861,143.261551
IATA,MQL,-34.229198455799995,142.085998535
IATA,MQM,37.223300933800004,40.6316986084
IATA,MQN,66.363899230957,14.301400184631
IATA,MQP,-25.3831996918,31.1056003571
IATA,MQQ,8.624409675598145,16.071399688720703
IATA,MQS,12.887900352478027,-61.180198669433594
IATA,MQT,46.353599548300004,-87.395401001
IATA,MQU,5.21256,-74.8836
IATA,MQX,13.467399597167969,39.53350067138672
IATA,MQY,36.0089988708,-86.5201034546
IATA,MRB,39.40190125,-77.98459625
IATA,MRD,8.582078,-71.161041
IATA,MRE,-1.406111,35.008057
IATA,MRF,30.371099,-104.017997
IATA,MRG,-17.06920051574707,145.41900634765625
IATA,MRI,61.2135009765625,-149.843994140625
IATA,MRK,25.995001,-81.672501
IATA,MRN,35.820202,-81.611397
IATA,MRO,-40.97330093383789,175.63400268554688
IATA,MRQ,13.361000061035156,121.82599639892578
IATA,MRR,-4.37823009491,-79.94100189210002
IATA,MRS,43.439271922,5.22142410278
IATA,MRU,-20.430201,57.683601
IATA,MRV,44.225101470947266,43.08190155029297
IATA,MRW,54.699299,11.4401
IATA,MRX,30.55620002746582,49.15190124511719
IATA,MRY,36.58700180053711,-121.84300231933594
IATA,MRZ,-29.498899459799997,149.845001221
IATA,MSA,53.44139862060547,-91.76280212402344
IATA,MSC,33.4608001709,-111.727996826
IATA,MSE,51.342201,1.34611
IATA,MSH,20.675399780273438,58.890499114990234
IATA,MSJ,40.703201293899994,141.367996216
IATA,MSL,34.74530029,-87.61019897
IATA,MSN,43.13990020751953,-89.3375015258789
IATA,MSO,46.91630173,-114.0910034
IATA,MSP,44.882,-93.221802
IATA,MSQ,53.882499694824,28.030700683594
IATA,MSR,38.747798919677734,41.66120147705078
IATA,MSS,44.93579864501953,-74.84559631347656
IATA,MST,50.911701,5.77014
IATA,MSU,-29.462299346923828,27.552499771118164
IATA,MSW,15.670000076293945,39.37009811401367
IATA,MSY,29.99340057373047,-90.25800323486328
IATA,MSZ,-15.261199951171875,12.14680004119873
IATA,MTC,42.613463,-82.836919
IATA,MTF,6.9571,35.5547
IATA,MTG,-14.9942,-59.9458
IATA,MTH,24.726101,-81.051399
IATA,MTJ,38.509799957300004,-107.893997192
IATA,MTK,3.3744399547576904,172.99200439453125
IATA,MTL,-32.701265,151.492912
IATA,MTM,55.131001,-131.578003
IATA,MTN,39.325699,-76.413803
IATA,MTP,41.0765,-71.920797
IATA,MTR,8.82374,-75.8258
IATA,MTS,-26.52899932861328,31.3075008392334
IATA,MTT,18.1033992767,-94.58070373540001
IATA,MTV,-13.6660003662,167.712005615
IATA,MTY,25.7784996033,-100.107002258
IATA,MTZ,31.32819938659668,35.38859939575195
IATA,MUA,-8.327969551086426,157.26300048828125
IATA,MUB,-19.97260093688965,23.431100845336914
IATA,MUC,48.353802,11.7861
IATA,MUD,-11.672900199890137,39.5630989074707
IATA,MUE,20.001300811767578,-155.66799926757812
IATA,MUH,31.3253993988,27.221700668300002
IATA,MUI,40.434799,-76.569397
IATA,MUK,-20.13610076904297,-157.34500122070312
IATA,MUN,9.75452995300293,-63.14739990234375
IATA,MUO,43.043598,-115.872002
IATA,MUR,4.178979873657227,114.3290023803711
IATA,MUS,24.2896995544,153.979003906
IATA,MUW,35.207698822021484,0.14714199304580688
IATA,MUX,30.20319938659668,71.41909790039062
IATA,MUZ,-1.503,33.8021
IATA,MVA,65.65579986572266,-16.918100357055664
IATA,MVB,-1.6561599969863892,13.437999725341797
IATA,MVD,-34.838402,-56.0308
IATA,MVF,-5.2019200324999995,-37.3642997742
IATA,MVL,44.53459930419999,-72.6139984131
IATA,MVP,1.25366,-70.2339
IATA,MVQ,53.954898834228516,30.09510040283203
IATA,MVR,10.451399803161621,14.257399559020996
IATA,MVS,-18.048900604248047,-39.864200592041016
IATA,MVT,-14.8681001663208,-148.7169952392578
IATA,MVV,45.82080078125,6.652219772338867
IATA,MVW,48.4709014893,-122.42099762
IATA,MVY,41.3931007385,-70.6143035889
IATA,MVZ,-20.055299758911133,30.859100341796875
IATA,MWA,37.75500107,-89.01110077
IATA,MWC,43.110401,-88.034401
IATA,MWD,32.5630989074707,71.5707015991211
IATA,MWE,18.4433333333,31.8433333333
IATA,MWF,-15.0,168.082992554
IATA,MWH,47.20769882,-119.3199997
IATA,MWK,3.3481199741363525,106.25800323486328
IATA,MWL,32.7816009521,-98.0602035522
IATA,MWQ,20.1656,94.941399
IATA,MWX,34.991406,126.382814
IATA,MWZ,-2.4444899559020996,32.932701110839844
IATA,MXB,-2.55803,120.323997
IATA,MXF,32.3829,-86.365799
IATA,MXH,-6.36332988739,143.238006592
IATA,MXI,6.949091,126.27368
IATA,MXJ,9.652170181274414,6.462259769439697
IATA,MXL,32.6306,-115.241997
IATA,MXM,-21.7539005279541,43.3754997253418
IATA,MXN,48.6031990051,-3.81577992439
IATA,MXP,45.6306,8.72811
IATA,MXS,-13.742300033569336,-172.25799560546875
IATA,MXT,-18.049999,44.033001
IATA,MXV,49.663299560546875,100.0989990234375
IATA,MXX,60.957901,14.5114
IATA,MXZ,24.350000381469727,116.13300323486328
IATA,MYA,-35.8978004456,150.143997192
IATA,MYB,-3.4584197998046875,10.674076080322266
IATA,MYC,10.249978065490723,-67.64942169189453
IATA,MYD,-3.2293100357055664,40.10169982910156
IATA,MYE,34.073600769,139.559997559
IATA,MYG,22.379499,-73.013494
IATA,MYI,-9.91666984558,144.054992676
IATA,MYJ,33.82720184326172,132.6999969482422
IATA,MYL,44.88970184,-116.1009979
IATA,MYP,37.6194,61.896702
IATA,MYQ,12.23,76.655833
IATA,MYR,33.6796989441,-78.9282989502
IATA,MYT,25.38360023498535,97.35189819335938
IATA,MYU,60.37139892578125,-166.27099609375
IATA,MYV,39.09780121,-121.5699997
IATA,MYW,-10.339099884033203,40.181800842285156
IATA,MYY,4.322010040283203,113.98699951171875
IATA,MYZ,-14.083600044299999,34.9197006226
IATA,MZB,-11.361800193786621,40.35490036010742
IATA,MZG,23.568700790405273,119.62799835205078
IATA,MZH,40.829399,35.521999
IATA,MZI,14.5128002167,-4.0795598030099995
IATA,MZJ,32.5106010437,-111.32800293
IATA,MZK,2.058609962463379,173.27099609375
IATA,MZL,5.0296,-75.4647
IATA,MZM,49.07170104980469,6.131669998168945
IATA,MZO,20.28809928894043,-77.08920288085938
IATA,MZP,-41.12329864501953,172.98899841308594
IATA,MZQ,-27.626100540161133,32.0443000793457
IATA,MZR,36.70690155029297,67.20970153808594
IATA,MZT,23.1613998413,-106.26599884
IATA,MZU,26.11910057067871,85.3136978149414
IATA,MZV,4.048329830169678,114.80500030517578
IATA,MZW,33.535900116,-0.242353007197
IATA,NAA,-30.3192005157,149.82699585
IATA,NAC,-36.98529815673828,140.72500610351562
IATA,NAG,21.092199325561523,79.04720306396484
IATA,NAH,3.6832098960876465,125.52799987792969
IATA,NAI,3.959439992904663,-59.12419891357422
IATA,NAJ,39.18880081176758,45.45840072631836
IATA,NAK,14.94950008392334,102.31300354003906
IATA,NAL,43.512901306152344,43.636600494384766
IATA,NAM,-3.235569953918457,127.0999984741211
IATA,NAN,-17.755399703979492,177.4429931640625
IATA,NAO,30.79545,106.1626
IATA,NAP,40.886002,14.2908
IATA,NAQ,77.4886016846,-69.3887023926
IATA,NAS,25.0389995575,-77.46620178219999
IATA,NAT,-5.768056,-35.376111
IATA,NAU,-14.176799774169922,-141.26699829101562
IATA,NAV,38.7719,34.5345
IATA,NAW,6.5199198722839355,101.74299621582031
IATA,NAY,39.782798767089844,116.38800048828125
IATA,NBC,55.564701080322266,52.092498779296875
IATA,NBE,36.075833,10.438611
IATA,NBG,29.82530022,-90.03500366
IATA,NBN,-1.410277,5.621944
IATA,NBO,-1.31923997402,36.9277992249
IATA,NBS,42.066944,127.602222
IATA,NBW,19.906499862671,-75.207099914551
IATA,NBX,-3.36818,135.496002
IATA,NCA,21.9175,-71.939598
IATA,NCE,43.6584014893,7.215869903560001
IATA,NCG,30.3974,-107.875
IATA,NCJ,-30.9575,-61.5283
IATA,NCL,55.037498474121094,-1.6916699409484863
IATA,NCN,60.0773010254,-147.992004395
IATA,NCO,41.597099304199,-71.412101745605
IATA,NCR,11.133399963378906,-84.7699966430664
IATA,NCS,-27.7705993652,29.976900100699996
IATA,NCU,42.488399505615234,59.62329864501953
IATA,NCY,45.9308333,6.1063889
IATA,NDB,20.9330997467041,-17.030000686645508
IATA,NDC,19.1833000183,77.31670379639999
IATA,NDD,-11.167900085449219,13.84749984741211
IATA,NDG,47.239601135253906,123.91799926757812
IATA,NDJ,12.1337,15.034
IATA,NDN,-9.14355555556,147.68425
IATA,NDR,34.988800048799995,-3.0282099247
IATA,NDU,-17.956499099731,19.719400405884
IATA,NDY,59.250301361083984,-2.576669931411743
IATA,NEC,-38.4831,-58.8172
IATA,NEG,18.34280014038086,-78.33209991455078
IATA,NEL,40.03329849,-74.353302
IATA,NER,56.913898468018,124.91400146484
IATA,NEU,20.418399810791016,104.06700134277344
IATA,NEV,17.205699920654297,-62.589900970458984
IATA,NEW,30.042400360107,-90.028297424316
IATA,NFG,61.108299255371094,72.6500015258789
IATA,NFL,39.41659927,-118.7009964
IATA,NFO,-15.5707998276,-175.632995605
IATA,NGA,-34.25559997558594,148.2480010986328
IATA,NGB,29.82670021057129,121.46199798583984
IATA,NGD,18.72719955444336,-64.32969665527344
IATA,NGE,7.3570098876953125,13.559200286865234
IATA,NGF,21.4505004883,-157.768005371
IATA,NGI,-18.115600585899998,179.339996338
IATA,NGK,51.780102,143.139008
IATA,NGO,34.8583984375,136.80499267578125
IATA,NGQ,32.1,80.0530555556
IATA,NGS,32.916900634799994,129.914001465
IATA,NGU,36.937599,-76.289299
IATA,NGX,28.641399,84.089203
IATA,NGZ,37.78889846801758,-122.31999969482422
IATA,NHA,12.2275,109.192001
IATA,NHD,25.0268001556,55.3661994934
IATA,NHK,38.285999,-76.411797
IATA,NHT,51.553001403799996,-0.418166995049
IATA,NHV,-8.795599937438965,-140.22900390625
IATA,NHZ,43.89220047,-69.93859863
IATA,NIB,63.0186,-154.358002
IATA,NIG,-1.31444001198,176.410003662
IATA,NIM,13.4815,2.18361
IATA,NIO,-2.7174999713897705,17.68470001220703
IATA,NIP,30.2358,-81.680603
IATA,NIS,-2.66222222222,151.997777778
IATA,NIT,46.313477,-0.394529
IATA,NIU,-16.1191,-146.3683
IATA,NJA,35.4546012878418,139.4499969482422
IATA,NJC,60.94929885864258,76.48359680175781
IATA,NJF,31.989853,44.404317
IATA,NJK,32.829201,-115.671996
IATA,NKB,-18.4946994781,124.851997375
IATA,NKC,18.31,-15.9697222
IATA,NKG,31.742000579833984,118.86199951171875
IATA,NKM,35.255001068115234,136.9239959716797
IATA,NKT,37.3647,42.0582
IATA,NKW,-7.31327,72.411102
IATA,NKX,32.86840057,-117.1429977
IATA,NLA,-12.998100280762,28.66489982605
IATA,NLC,36.33300018,-119.9520035
IATA,NLD,27.4438991547,-99.5705032349
IATA,NLF,-9.583330154418945,143.76699829101562
IATA,NLG,56.007499694824,-161.16000366211
IATA,NLH,27.5403,100.7593
IATA,NLI,53.154999,140.649994
IATA,NLK,-29.04159927368164,167.93899536132812
IATA,NLO,-4.32666015625,15.327500343323
IATA,NLP,-25.5,30.9137992859
IATA,NLT,43.4318,83.3786
IATA,NLV,47.057899475097656,31.9197998046875
IATA,NMA,40.9846000671,71.5567016602
IATA,NMB,20.43440055847168,72.84320068359375
IATA,NMC,24.59429931640625,-76.82019805908203
IATA,NME,60.471000671387,-164.70100402832
IATA,NMS,20.890499114990234,97.73590087890625
IATA,NMT,23.083,97.383003
IATA,NNA,34.29890060424805,-6.595880031585693
IATA,NNB,-10.847994,162.454108
IATA,NNG,22.608299255371094,108.1719970703125
IATA,NNL,59.980201721191,-154.8390045166
IATA,NNM,67.63999938964844,53.12189865112305
IATA,NNR,53.23030090332031,-9.467780113220215
IATA,NNT,18.807899475097656,100.78299713134766
IATA,NNX,4.13333333333,117.666666667
IATA,NNY,32.980801,112.614998
IATA,NOA,-34.94889831542969,150.53700256347656
IATA,NOB,9.976490020750001,-85.65299987790002
IATA,NOC,53.910301208496094,-8.818490028381348
IATA,NOD,53.633056640599996,7.19027805328
IATA,NOG,31.22610092163086,-110.97599792480469
IATA,NOJ,63.18330001831055,75.2699966430664
IATA,NON,-0.6397219896316528,174.42799377441406
IATA,NOP,42.015800476074,35.066398620605
IATA,NOR,65.13189697265625,-13.746399879455566
IATA,NOS,-13.3121004105,48.3148002625
IATA,NOT,38.143600463867,-122.55599975586
IATA,NOU,-22.01460075378418,166.21299743652344
IATA,NOV,-12.808899879455566,15.760499954223633
IATA,NOZ,53.811401,86.877197
IATA,NPA,30.35269928,-87.31860352
IATA,NPE,-39.465801,176.869995
IATA,NPL,-39.00859832763672,174.1790008544922
IATA,NPO,-0.34886899590492,111.74800109863
IATA,NPR,-7.125833,-55.400833
IATA,NQA,35.356701,-89.8703
IATA,NQI,27.5072002411,-97.8097000122
IATA,NQN,-38.949001,-68.155701
IATA,NQT,52.91999816894531,-1.0791699886322021
IATA,NQU,5.6964,-77.2806
IATA,NQX,24.57579994,-81.68890381
IATA,NQY,50.44060134887695,-4.995409965515137
IATA,NRA,-34.7022018433,146.511993408
IATA,NRB,30.39109993,-81.42469788
IATA,NRD,53.70694351196289,7.230000019073486
IATA,NRE,-3.8548,126.7012
IATA,NRK,58.586299896240234,16.250600814819336
IATA,NRL,59.3675003052,-2.43443989754
IATA,NRN,51.6024017334,6.14216995239
IATA,NRR,18.245300293,-65.6434020996
IATA,NRT,35.7647018433,140.386001587
IATA,NSE,30.7241993,-87.02189636
IATA,NSH,36.663299560546875,51.464698791503906
IATA,NSI,3.722559928894043,11.553299903869629
IATA,NSK,69.31109619140625,87.33219909667969
IATA,NSN,-41.298301696777344,173.2209930419922
IATA,NSO,-32.037200927734375,150.83200073242188
IATA,NST,8.539620399475098,99.9447021484375
IATA,NSY,37.401699,14.9224
IATA,NTB,59.565701,9.21222
IATA,NTD,34.120300293,-119.121002197
IATA,NTE,47.153198242200006,-1.61073005199
IATA,NTI,-2.1033,133.5164
IATA,NTL,-32.79499816894531,151.83399963378906
IATA,NTN,-17.68409,141.069664
IATA,NTQ,37.2930984497,136.962005615
IATA,NTR,25.865601,-100.237
IATA,NTT,-15.977297,-173.791089
IATA,NTU,36.820702,-76.033501
IATA,NTX,3.90871,108.388
IATA,NTY,-25.333799362199997,27.173400878900004
IATA,NUE,49.498699,11.078056
IATA,NUI,70.2099990845,-151.005996704
IATA,NUK,-19.28499984741211,-138.77200317382812
IATA,NUL,64.729301,-158.074005
IATA,NUQ,37.4161,-122.049004
IATA,NUS,-16.0797,167.401001
IATA,NUW,48.351799,-122.655998
IATA,NUX,66.06939697265625,76.52030181884766
IATA,NVA,2.95015,-75.294
IATA,NVI,40.1171989440918,65.1707992553711
IATA,NVK,68.436897277832,17.386699676514
IATA,NVP,-5.118030071258545,-60.364898681640625
IATA,NVS,47.002601623535156,3.1133298873901367
IATA,NVT,-26.879999,-48.651402
IATA,NWA,-12.298100471496582,43.76639938354492
IATA,NWI,52.6758003235,1.28278005123
IATA,NXX,40.19979858,-75.14820099
IATA,NYA,62.110001,65.614998
IATA,NYE,-0.3644140064716339,36.978485107421875
IATA,NYI,7.361830234527588,-2.3287599086761475
IATA,NYK,-0.06239889934659004,37.04100799560547
IATA,NYM,65.48090362548828,72.69889831542969
IATA,NYO,58.78860092163086,16.912200927734375
IATA,NYR,63.294998,118.336998
IATA,NYT,19.623501,96.200996
IATA,NYU,21.178800582885742,94.9301986694336
IATA,NYW,22.221638,95.093479
IATA,NZA,-7.716939926149999,21.358200073200003
IATA,NZC,-14.854000091600001,-74.9615020752
IATA,NZE,7.8060193061829,-8.7017974853516
IATA,NZH,49.566667,117.33
IATA,NZJ,33.67610168457031,-117.73100280761719
IATA,NZL,47.865833,122.767503
IATA,NZY,32.69919968,-117.2149963
IATA,OAA,33.9225,69.07722222219999
IATA,OAG,-33.3816986084,149.132995605
IATA,OAH,33.3913002014,62.2610015869
IATA,OAI,34.9460983276,69.26499938959999
IATA,OAJ,34.8292007446,-77.61209869380001
IATA,OAK,37.721298,-122.221001
IATA,OAL,-11.496,-61.4508
IATA,OAM,-44.970001220703125,171.08200073242188
IATA,OAR,36.68190002,-121.762001
IATA,OAS,33.12575,68.838517
IATA,OAX,16.9999008179,-96.726600647
IATA,OAZ,31.863800048799998,64.2246017456
IATA,OBC,11.967000007629395,43.266998291015625
IATA,OBE,27.262800216699997,-80.8498001099
IATA,OBF,48.081402,11.2831
IATA,OBL,51.264702,4.75333
IATA,OBN,56.4635009765625,-5.399670124053955
IATA,OBO,42.7332992554,143.216995239
IATA,OBS,44.544203,4.372192
IATA,OBU,66.9123001099,-156.897003174
IATA,OBY,70.4882288244,-21.971679925900002
IATA,OCA,25.325399398804,-80.274803161621
IATA,OCC,-0.4628860056400299,-76.98680114746094
IATA,OCF,29.17259979,-82.22419739
IATA,OCJ,18.404199600219727,-76.96900177001953
IATA,OCM,-22.54,117.275
IATA,OCN,33.217300415039,-117.35399627686
IATA,OCV,8.31506,-73.3583
IATA,OCW,35.570499420166,-77.049797058105
IATA,ODB,37.84199905395508,-4.848879814147949
IATA,ODE,55.47669982910156,10.330900192260742
IATA,ODH,51.2341003418,-0.94282501936
IATA,ODN,3.9670000076293945,115.05000305175781
IATA,ODO,57.866100311299995,114.242996216
IATA,ODS,46.42679977416992,30.67650032043457
IATA,ODY,20.68269920349121,101.99400329589844
IATA,OEL,52.934700012200004,36.0022010803
IATA,OEM,3.3452799320220947,-55.442501068115234
IATA,OER,63.40829849243164,18.989999771118164
IATA,OES,-40.7512,-65.0343
IATA,OFF,41.118301391602,-95.912498474121
IATA,OFK,41.985500335693,-97.435096740723
IATA,OGB,33.456798553467,-80.859497070312
IATA,OGD,41.195899963379,-112.0120010376
IATA,OGG,20.8986,-156.429993
IATA,OGL,6.80628,-58.1059
IATA,OGN,24.466899871826172,122.97799682617188
IATA,OGS,44.6819000244,-75.46549987790002
IATA,OGU,40.966047,38.080994
IATA,OGX,31.917200088500977,5.412779808044434
IATA,OGZ,43.2051010132,44.6066017151
IATA,OHA,-40.20600128173828,175.38800048828125
IATA,OHD,41.18,20.7423
IATA,OHE,52.912777777799995,122.43
IATA,OHO,59.410064697265625,143.05650329589844
IATA,OHS,24.38604,56.62541
IATA,OIA,-6.763100147250001,-51.0499000549
IATA,OIM,34.782001495399996,139.36000061
IATA,OIR,42.0717010498,139.432998657
IATA,OIT,33.479400634799994,131.736999512
IATA,OJC,38.84759903,-94.73760223
IATA,OKA,26.1958007812,127.646003723
IATA,OKC,35.39310073852539,-97.60070037841797
IATA,OKD,43.117447,141.38134
IATA,OKE,27.4255008698,128.701004028
IATA,OKF,-19.149200439453125,15.91189956665039
IATA,OKI,36.18109893798828,133.3249969482422
IATA,OKJ,34.7569007874,133.854995728
IATA,OKK,40.528198242188,-86.05899810791
IATA,OKL,-4.9071,140.6277
IATA,OKM,35.668098449707,-95.948699951172
IATA,OKN,-0.6652140021324158,13.673100471496582
IATA,OKO,35.74850082397461,139.34800720214844
IATA,OKR,-9.752801,143.405673
IATA,OKU,-18.81279945373535,17.05940055847168
IATA,OKY,-27.411399841308594,151.73500061035156
IATA,OLA,63.69889831542969,9.604000091552734
IATA,OLB,40.898701,9.51763
IATA,OLC,-3.46792950765,-68.9204120636
IATA,OLF,48.094501495399996,-105.574996948
IATA,OLJ,-14.881699562099998,166.557998657
IATA,OLL,-1.226666,15.91
IATA,OLM,46.9693985,-122.9029999
IATA,OLP,-30.485000610399997,136.876998901
IATA,OLS,31.4177,-110.848
IATA,OLV,34.9786987305,-89.78690338130001
IATA,OLZ,60.397499,120.471001
IATA,OMA,41.3032,-95.894096
IATA,OMB,-1.5747300386428833,9.262689590454102
IATA,OMC,11.057999610900879,124.56500244140625
IATA,OMD,-28.5847,16.446699
IATA,OME,64.51219940185547,-165.44500732421875
IATA,OMF,32.3564,36.259201
IATA,OMH,37.6680984497,45.0686988831
IATA,OMI,30.8351993560791,49.5349006652832
IATA,OMO,43.282901763916016,17.84589958190918
IATA,OMR,47.025299072265625,21.90250015258789
IATA,OMS,54.96699905395508,73.31050109863281
IATA,OND,-17.878201,15.9526
IATA,ONG,-16.662500381469727,139.17799377441406
IATA,ONJ,40.1918983459,140.371002197
IATA,ONK,68.514999,112.480003
IATA,ONO,44.020500183105,-117.01399993896
IATA,ONP,44.580399,-124.057999
IATA,ONQ,41.506401062,32.0886001587
IATA,ONS,-21.668300628662,115.1129989624
IATA,ONT,34.055999755859375,-117.60099792480469
IATA,ONX,9.356639862060547,-79.86740112304688
IATA,OOK,60.54140091,-165.0870056
IATA,OOL,-28.1644001007,153.505004883
IATA,OOM,-36.3005981445,148.973999023
IATA,OPF,25.907,-80.278397
IATA,OPO,41.2481002808,-8.68138980865
IATA,OPS,-11.885000228881836,-55.58610916137695
IATA,OPU,-8.05000019073,142.932998657
IATA,ORA,-23.1527996063,-64.3292007446
IATA,ORB,59.22370147705078,15.038000106811523
IATA,ORD,41.9786,-87.9048
IATA,ORE,47.9878005981,1.7605600357100002
IATA,ORF,36.89459991455078,-76.20120239257812
IATA,ORG,5.81108,-55.190701
IATA,ORH,42.26729965209961,-71.87570190429688
IATA,ORJ,4.725269794464111,-60.03499984741211
IATA,ORK,51.84130096435547,-8.491109848022461
IATA,ORL,28.5455,-81.332901
IATA,ORN,35.6239013672,-0.6211829781529999
IATA,ORP,-21.266701,25.3167
IATA,ORT,62.9612999,-141.9290009
IATA,ORU,-17.962600708,-67.0762023926
IATA,ORV,66.81790161,-161.0189972
IATA,ORW,25.274700164799995,64.58599853519999
IATA,ORX,-1.7140799760818481,-55.83620071411133
IATA,ORY,48.7233333,2.3794444
IATA,OSC,44.451599,-83.394096
IATA,OSD,63.194400787354,14.50030040741
IATA,OSF,55.511667,37.507222
IATA,OSH,43.98440170288086,-88.55699920654297
IATA,OSI,45.46269989013672,18.810199737548828
IATA,OSK,57.350498,16.497999
IATA,OSL,60.121,11.0502
IATA,OSM,36.305801,43.1474
IATA,OSN,37.090599,127.029999
IATA,OSP,54.47890090942383,17.107500076293945
IATA,OSR,49.6963005065918,18.111099243164062
IATA,OSS,40.6090011597,72.793296814
IATA,OST,51.198898315399994,2.8622200489
IATA,OSU,40.0798,-83.072998
IATA,OSW,51.0724983215332,58.59560012817383
IATA,OSY,64.472198486328,11.57859992981
IATA,OTH,43.41709899902344,-124.24600219726562
IATA,OTI,2.0459899902300003,128.324996948
IATA,OTJ,-20.434700012207,16.660800933838
IATA,OTK,45.4182014465,-123.814002991
IATA,OTM,41.10660172,-92.44789886
IATA,OTP,44.5711111,26.085
IATA,OTR,8.60155963897705,-82.96859741210938
IATA,OTU,7.01037,-74.7155
IATA,OTZ,66.88469696,-162.598999
IATA,OUA,12.3532,-1.51242
IATA,OUD,34.787200927734375,-1.92399001121521
IATA,OUE,1.6159900426899998,16.0379009247
IATA,OUH,-33.6069984436,22.188999176
IATA,OUK,60.4252,-0.75
IATA,OUL,64.930099487305,25.354600906372
IATA,OUZ,22.756399154663086,-12.483599662780762
IATA,OVA,-24.235694754699995,45.3045272827
IATA,OVB,55.012599945068,82.650703430176
IATA,OVD,43.5635986328125,-6.0346198081970215
IATA,OVG,-34.554901123,20.250699996900003
IATA,OVR,-36.8899993896,-60.216598510699995
IATA,OVS,61.326622009277344,63.60191345214844
IATA,OWB,37.74010086,-87.16680145
IATA,OWD,42.1904983521,-71.1728973389
IATA,OXB,11.894800186157227,-15.65369987487793
IATA,OXC,41.47859954834,-73.135200500488
IATA,OXF,51.8368988037,-1.32000005245
IATA,OXR,34.200801849365,-119.20700073242
IATA,OYA,-29.1058,-59.2189
IATA,OYE,1.5431100130081177,11.581399917602539
IATA,OYK,3.85548996925354,-51.79690170288086
IATA,OYL,3.46972,39.101398
IATA,OYO,-38.3869,-60.3297
IATA,OYP,3.89759993553,-51.8041000366
IATA,OZA,30.735300064087,-101.20300292969
IATA,OZC,8.178509712219238,123.84200286865234
IATA,OZG,30.3202991486,-5.86667013168
IATA,OZH,47.867000579833984,35.31570053100586
IATA,OZP,37.17490005493164,-5.615940093994141
IATA,OZR,31.27569962,-85.71340179
IATA,OZZ,30.9391002655,-6.909430027010001
IATA,PAA,16.893699645996094,97.67459869384766
IATA,PAB,21.9884,82.111
IATA,PAC,8.973340034484863,-79.55560302734375
IATA,PAD,51.614101409899995,8.616319656369999
IATA,PAE,47.90629959,-122.2819977
IATA,PAG,7.83073144787,123.461179733
IATA,PAH,37.06079864501953,-88.7738037109375
IATA,PAJ,33.902099609400004,70.0716018677
IATA,PAL,5.48361,-74.6574
IATA,PAM,30.0695991516,-85.57540130619999
IATA,PAN,6.785459995269775,101.15399932861328
IATA,PAO,37.461101532,-122.114997864
IATA,PAP,18.579999923706055,-72.2925033569336
IATA,PAQ,61.594898,-149.08901
IATA,PAS,37.020495,25.113195
IATA,PAT,25.591299057,85.0879974365
IATA,PAV,-9.4008798599243,-38.250598907471
IATA,PAX,19.9335994720459,-72.84860229492188
IATA,PAZ,20.6026992798,-97.46080017090001
IATA,PBC,19.1581001282,-98.3713989258
IATA,PBD,21.6487007141,69.65720367429999
IATA,PBF,34.1731,-91.9356
IATA,PBG,44.650901794433594,-73.46810150146484
IATA,PBH,27.403200149499998,89.42459869380001
IATA,PBI,26.68320083618164,-80.09559631347656
IATA,PBJ,-16.438999176,168.257003784
IATA,PBL,10.480500221252441,-68.072998046875
IATA,PBM,5.4528298377999995,-55.1878013611
IATA,PBN,-10.722000122070312,13.76550006866455
IATA,PBO,-23.1711006165,117.745002747
IATA,PBP,9.856109619140625,-85.37079620361328
IATA,PBQ,-11.641599655151367,-61.179100036621094
IATA,PBR,15.7309,-88.583801
IATA,PBU,27.32990074157715,97.42630004882812
IATA,PBZ,-34.0881601675,23.3287234306
IATA,PCB,-6.3369598388671875,106.76499938964844
IATA,PCD,43.019298553467,-91.12370300293
IATA,PCF,-26.670999527,27.0818996429
IATA,PCL,-8.37794017791748,-74.57430267333984
IATA,PCN,-41.346099853516,173.95599365234
IATA,PCP,1.6629400253295898,7.411739826202393
IATA,PCQ,21.6475,101.9
IATA,PCR,6.18472,-67.4932
IATA,PCS,-7.0620598793029785,-41.52370071411133
IATA,PDA,3.85353,-67.9062
IATA,PDG,-0.786917,100.280998
IATA,PDK,33.8755989075,-84.3020019531
IATA,PDL,37.7411994934,-25.6979007721
IATA,PDO,-3.2860701084136963,103.87999725341797
IATA,PDP,-34.855098724365234,-55.09429931640625
IATA,PDS,28.627399,-100.535004
IATA,PDT,45.695098877,-118.841003418
IATA,PDU,-32.36330032348633,-58.0619010925293
IATA,PDV,42.067799,24.8508
IATA,PDX,45.58869934,-122.5979996
IATA,PEA,-35.7558462874,137.962875366
IATA,PED,50.01340103149414,15.73859977722168
IATA,PEE,57.914501190186,56.021198272705
IATA,PEF,54.1577796936,13.774443626399998
IATA,PEG,43.095901,12.5132
IATA,PEH,-35.8446,-61.8576
IATA,PEI,4.81267,-75.7395
IATA,PEK,40.080101013183594,116.58499908447266
IATA,PEM,-12.6135997772,-69.2285995483
IATA,PEN,5.297140121459961,100.2770004272461
IATA,PEQ,31.382400512695,-103.51100158691
IATA,PER,-31.94029998779297,115.96700286865234
IATA,PES,61.88520050048828,34.154701232910156
IATA,PET,-31.718399,-52.327702
IATA,PEU,15.2622,-83.781197
IATA,PEV,45.990898,18.240996
IATA,PEW,33.993900299072266,71.51460266113281
IATA,PEX,65.12110137939453,57.13079833984375
IATA,PEZ,53.110599517822266,45.02109909057617
IATA,PFB,-28.243999,-52.326599
IATA,PFJ,65.555801,-23.965
IATA,PFN,30.212099,-85.6828
IATA,PFO,34.71799850463867,32.48569869995117
IATA,PFQ,39.60359954834,47.881500244141
IATA,PFR,-4.329919,20.590124
IATA,PGA,36.92610168,-111.447998
IATA,PGD,26.92020035,-81.9905014
IATA,PGF,42.74039840698242,2.8706700801849365
IATA,PGH,29.03339958190918,79.47370147705078
IATA,PGK,-2.16219997406,106.138999939
IATA,PGU,27.379601,52.737701
IATA,PGV,35.6352005,-77.38529968
IATA,PGX,45.19810104370117,0.815555989742279
IATA,PGZ,-25.1847,-50.1441
IATA,PHA,11.6335000992,108.952003479
IATA,PHB,-2.89374995232,-41.73199844359999
IATA,PHC,5.0154900550842285,6.94959020614624
IATA,PHD,40.470901489258,-81.419700622559
IATA,PHE,-20.3777999878,118.625999451
IATA,PHF,37.13190079,-76.49299622
IATA,PHK,26.78499985,-80.69339752
IATA,PHL,39.87189865112305,-75.24109649658203
IATA,PHN,42.9109993,-82.52890015
IATA,PHS,16.782899856567383,100.27899932861328
IATA,PHW,-23.937200546299998,31.1553993225
IATA,PHX,33.43429946899414,-112.01200103759766
IATA,PHY,16.6760005951,101.194999695
IATA,PIA,40.664199829100006,-89.6932983398
IATA,PIB,31.467100143432617,-89.33709716796875
IATA,PID,25.08300018310547,-77.30000305175781
IATA,PIE,27.91020012,-82.68740082
IATA,PIF,22.700199127197266,120.48200225830078
IATA,PIH,42.9098014831543,-112.59600067138672
IATA,PIK,55.5093994140625,-4.586669921875
IATA,PIL,-26.881224,-58.318026
IATA,PIM,32.8406982422,-84.8824005127
IATA,PIN,-2.6730198860168457,-56.777198791503906
IATA,PIO,-13.74489974975586,-76.22029876708984
IATA,PIP,57.5803985596,-157.572006226
IATA,PIR,44.38270187,-100.2860031
IATA,PIS,46.58769989013672,0.30666598677635193
IATA,PIT,40.49150085,-80.23290253
IATA,PIU,-5.20574998856,-80.61640167239999
IATA,PIW,55.58890151977539,-97.16419982910156
IATA,PIX,38.554298,-28.441299
IATA,PIZ,69.73290253,-163.0050049
IATA,PJA,67.24559783935547,23.068899154663086
IATA,PJC,-22.639999389648438,-55.83000183105469
IATA,PJG,26.954500198364258,64.13249969482422
IATA,PJM,8.533329963684082,-83.30000305175781
IATA,PKA,60.70289993,-161.7779999
IATA,PKB,39.34510040283203,-81.43920135498047
IATA,PKC,53.16790008544922,158.45399475097656
IATA,PKE,-33.131401062,148.238998413
IATA,PKG,4.244719982147217,100.5530014038086
IATA,PKH,37.297501,23.1478
IATA,PKK,21.4043,95.11125
IATA,PKN,-2.70519995689,111.672996521
IATA,PKO,9.35768985748291,2.609679937362671
IATA,PKP,-14.809499740600586,-138.81300354003906
IATA,PKR,28.200899124145508,83.98210144042969
IATA,PKT,-14.25,129.5290069580078
IATA,PKU,0.46078601479530334,101.44499969482422
IATA,PKV,57.78390121459961,28.395599365234375
IATA,PKW,-22.0583,27.8288
IATA,PKX,39.509945,116.41092
IATA,PKY,-2.22513008118,113.943000793
IATA,PKZ,15.132100105285645,105.78099822998047
IATA,PLD,9.8705101013184,-85.481399536133
IATA,PLH,50.422798,-4.10583
IATA,PLL,-3.1460399627685547,-59.98630142211914
IATA,PLM,-2.8982501029968,104.69999694824
IATA,PLN,45.57089996,-84.79669952
IATA,PLO,-34.6053009033,135.880004883
IATA,PLP,8.406669616699219,-78.1417007446289
IATA,PLQ,55.973201751708984,21.093900680541992
IATA,PLS,21.77359962463379,-72.26589965820312
IATA,PLU,-19.851200103759766,-43.950599670410156
IATA,PLV,49.568599700927734,34.39720153808594
IATA,PLW,-0.9185420274734497,119.91000366210938
IATA,PLX,50.351295,80.234398
IATA,PLZ,-33.9849014282,25.6173000336
IATA,PMA,-5.257259845733643,39.8114013671875
IATA,PMB,48.9425010681,-97.2407989502
IATA,PMC,-41.438899993896484,-73.09400177001953
IATA,PMD,34.62939835,-118.0849991
IATA,PMF,44.824501,10.2964
IATA,PMG,-22.54960060119629,-55.702598571777344
IATA,PMH,38.8404998779,-82.84729766850002
IATA,PMI,39.551700592,2.73881006241
IATA,PMK,-18.755300521850586,146.58099365234375
IATA,PML,56.0060005188,-160.561004639
IATA,PMO,38.175999,13.091
IATA,PMQ,-46.537899,-70.978699
IATA,PMR,-40.32059860229492,175.61700439453125
IATA,PMS,34.5574,38.316898
IATA,PMV,10.912603378295898,-63.96659851074219
IATA,PMW,-10.291500091600001,-48.35699844359999
IATA,PMY,-42.7592,-65.1027
IATA,PMZ,8.951029777526855,-83.46859741210938
IATA,PNA,42.77000045776367,-1.6463299989700317
IATA,PNB,-10.719400405883789,-48.39970016479492
IATA,PNC,36.73199844,-97.09980011
IATA,PNE,40.081902,-75.010597
IATA,PNH,11.546600341796875,104.84400177001953
IATA,PNI,6.985099792480469,158.20899963378906
IATA,PNK,-0.15071099996566772,109.40399932861328
IATA,PNL,36.816502,11.9689
IATA,PNP,-8.80453968048,148.309005737
IATA,PNQ,18.58209991455078,73.9197006225586
IATA,PNR,-4.816030025482178,11.88659954071045
IATA,PNS,30.473400115967,-87.186599731445
IATA,PNT,-51.67150115966797,-72.52839660644531
IATA,PNV,55.729400634765625,24.460800170898438
IATA,PNY,11.968,79.812
IATA,PNZ,-9.362409591674805,-40.56909942626953
IATA,POA,-29.994400024414062,-51.1713981628418
IATA,POB,35.1708984375,-79.014503479004
IATA,POC,34.091598510742,-117.78199768066
IATA,POE,31.0447998,-93.1917038
IATA,POF,36.773899078369,-90.324897766113
IATA,POG,-0.7117390036582947,8.754380226135254
IATA,POI,-19.5431003571,-65.72370147710001
IATA,POJ,-18.672800064086914,-46.4911994934082
IATA,POL,-12.991762161254883,40.52401351928711
IATA,POM,-9.443380355834961,147.22000122070312
IATA,POO,-21.843000411987,-46.567901611328
IATA,POP,19.75790023803711,-70.56999969482422
IATA,POR,61.461700439453,21.799999237061
IATA,POS,10.595399856567383,-61.33720016479492
IATA,POT,18.1987991333,-76.53450012210001
IATA,POU,41.6265983581543,-73.88420104980469
IATA,POW,45.4734001159668,13.614999771118164
IATA,POX,49.096667,2.040833
IATA,POZ,52.421001434299995,16.8262996674
IATA,PPA,35.612998962402,-100.99600219727
IATA,PPB,-22.1751003265,-51.4245986938
IATA,PPC,66.814102172852,-150.64399719238
IATA,PPE,31.351987,-113.305177
IATA,PPF,37.32989883,-95.5062027
IATA,PPG,-14.3310003281,-170.710006714
IATA,PPI,-33.23889923095703,137.9949951171875
IATA,PPK,54.77470016479492,69.18389892578125
IATA,PPL,27.517787,86.584454
IATA,PPM,26.247100830078,-80.111099243164
IATA,PPN,2.4544,-76.6093
IATA,PPP,-20.4950008392,148.552001953
IATA,PPQ,-40.904701232910156,174.98899841308594
IATA,PPR,0.8454310297966003,100.37000274658203
IATA,PPS,9.742119789123535,118.75900268554688
IATA,PPT,-17.553699,-149.606995
IATA,PPW,59.351699829100006,-2.9002799987800003
IATA,PPY,-22.289199829101562,-45.91910171508789
IATA,PQC,10.1698,103.9931
IATA,PQI,46.68899918,-68.0447998
IATA,PQM,17.533153,-92.015484
IATA,PQQ,-31.4358005524,152.863006592
IATA,PRA,-31.7948,-60.4804
IATA,PRB,35.67290115,-120.6269989
IATA,PRC,34.65449905,-112.4199982
IATA,PRG,50.1008,14.26
IATA,PRH,18.132200241088867,100.16500091552734
IATA,PRI,-4.3192901611328125,55.69139862060547
IATA,PRM,37.1493,-8.58396
IATA,PRN,42.5728,21.035801
IATA,PRP,41.66059875488281,8.889749526977539
IATA,PRQ,-26.753611,-60.492222
IATA,PRU,18.824499130249023,95.26599884033203
IATA,PRV,49.42580032348633,17.404699325561523
IATA,PRX,33.636600494385,-95.450798034668
IATA,PRY,-25.6539,28.224199
IATA,PRZ,44.286998748779,-120.90399932861
IATA,PSA,43.683899,10.3927
IATA,PSC,46.26470184326172,-119.11900329589844
IATA,PSD,31.279399871826172,32.2400016784668
IATA,PSE,18.00830078125,-66.56300354003906
IATA,PSG,56.80170059,-132.9450073
IATA,PSH,54.30888748168945,8.686944007873535
IATA,PSI,25.29050064086914,63.34510040283203
IATA,PSJ,-1.41674995422,120.657997131
IATA,PSL,56.43920135498047,-3.372220039367676
IATA,PSM,43.0778999329,-70.8233032227
IATA,PSO,1.39625,-77.2915
IATA,PSP,33.8297004699707,-116.50700378417969
IATA,PSR,42.431702,14.1811
IATA,PSS,-27.3858,-55.9707
IATA,PSU,0.8355780243873596,112.93699645996094
IATA,PSX,28.727500915527,-96.250999450684
IATA,PSY,-51.685699462891,-57.777599334717
IATA,PSZ,-18.975301,-57.820599
IATA,PTA,60.201681,-154.325863
IATA,PTB,37.183799743652,-77.507400512695
IATA,PTF,-17.7779006958,177.197006226
IATA,PTG,-23.845269,29.458615
IATA,PTH,56.95909881591797,-158.63299560546875
IATA,PTJ,-38.31809997558594,141.4709930419922
IATA,PTK,42.665500640869,-83.420097351074
IATA,PTM,7.566669940948486,-70.18329620361328
IATA,PTP,16.265301,-61.531799
IATA,PTT,37.70159912,-98.74690247
IATA,PTU,59.01139831542969,-161.82000732421875
IATA,PTX,1.85777,-76.0857
IATA,PTY,9.0713596344,-79.3834991455
IATA,PTZ,-1.5052399635299998,-78.0626983643
IATA,PUB,38.289100646972656,-104.49700164794922
IATA,PUC,39.61389923,-110.7509995
IATA,PUD,-47.7353,-65.9041
IATA,PUE,8.667,-77.418
IATA,PUF,43.380001068115234,-0.41861099004745483
IATA,PUG,-32.506900787353516,137.7169952392578
IATA,PUJ,18.567399978599997,-68.36340332030001
IATA,PUK,-18.29560089111328,-137.01699829101562
IATA,PUQ,-53.002602,-70.854599
IATA,PUR,-11.107663,-67.551155
IATA,PUS,35.1795005798,128.93800354
IATA,PUT,14.1492996216,77.7910995483
IATA,PUU,0.505228,-76.5008
IATA,PUW,46.7439,-117.110001
IATA,PUY,44.89350128173828,13.922200202941895
IATA,PUZ,14.047200202941895,-83.38670349121094
IATA,PVA,13.3569,-81.3583
IATA,PVC,42.0718994141,-70.2213973999
IATA,PVD,41.732601,-71.420403
IATA,PVG,31.143400192260742,121.80500030517578
IATA,PVH,-8.70928955078125,-63.90230178833008
IATA,PVK,38.925498962402344,20.765300750732422
IATA,PVL,37.5617981,-82.56639862
IATA,PVO,-1.0416500568389893,-80.47219848632812
IATA,PVR,20.680099487304688,-105.25399780273438
IATA,PVS,64.37809753417969,-173.2429962158203
IATA,PVU,40.219200134277,-111.72299957275
IATA,PWA,35.53419876,-97.64710236
IATA,PWE,69.783302307129,170.59700012207
IATA,PWK,42.114222,-87.901494
IATA,PWM,43.64619827,-70.30930328
IATA,PWQ,52.19499969482422,77.07389831542969
IATA,PWT,47.490200042725,-122.76499938965
IATA,PWY,42.79550171,-109.8069992
IATA,PXH,-29.716,135.5244
IATA,PXM,15.8769,-97.089103
IATA,PXO,33.0733985901,-16.3500003815
IATA,PXR,14.868300437927,103.49800109863
IATA,PXU,14.004500389099121,108.01699829101562
IATA,PYB,18.8799991607666,82.552001953125
IATA,PYE,-9.01436996459961,-158.03240966796875
IATA,PYH,5.6199898719788,-67.606101989746
IATA,PYJ,66.4003982544,112.029998779
IATA,PYK,35.776100158691,50.826698303223
IATA,PYM,41.909,-70.728798
IATA,PYR,37.9207,21.292601
IATA,PYY,19.3719997406,98.43699646
IATA,PZA,5.87615,-71.8866
IATA,PZB,-29.649000167799997,30.3987007141
IATA,PZE,50.128101,-5.51845
IATA,PZH,31.358400344848633,69.4636001586914
IATA,PZI,26.54,101.79852
IATA,PZL,-27.84939956665039,32.30970001220703
IATA,PZO,8.288530349731445,-62.760398864746094
IATA,PZS,-38.766799926758,-72.637100219727
IATA,PZU,19.4335994720459,37.234100341796875
IATA,PZY,48.62519836425781,17.828399658203125
IATA,QBC,52.387501,-126.596001
IATA,QCJ,-22.939501,-48.467999
IATA,QCY,53.0929985046,-0.166014000773
IATA,QDJ,34.6657,3.351
IATA,QEF,49.959999,8.645833
IATA,QFG,60.6197196536,-45.9140619636
IATA,QFO,52.090801,0.131944
IATA,QGQ,67.9406628551,-53.6218696833
IATA,QGU,35.394100189208984,136.8699951171875
IATA,QHP,-23.04010009765625,-45.51599884033203
IATA,QHR,8.7163,39.0059
IATA,QIG,-6.346640110015869,-39.293800354003906
IATA,QJB,27.038999557495117,49.40510177612305
IATA,QJE,68.85792599759999,-53.123295307199996
IATA,QJI,68.6342530984,-51.8322622776
IATA,QKX,69.04029846191406,23.034000396728516
IATA,QLA,51.187198638916016,-1.0334999561309814
IATA,QLD,36.50360107421875,2.8141698837280273
IATA,QLF,61.144199,25.693501
IATA,QLP,44.088001,9.98795
IATA,QLR,39.828335,-8.8875
IATA,QLS,46.54529953,6.61667013168
IATA,QLT,41.5424,12.909
IATA,QNC,46.9575004578,6.86471986771
IATA,QND,45.385799,19.839199
IATA,QNJ,46.1920013428,6.268390178680001
IATA,QNV,-22.74530029296875,-43.46030044555664
IATA,QOW,5.427060127258301,7.206029891967773
IATA,QPA,45.395802,11.8479
IATA,QPD,22.42140007019043,-83.67839813232422
IATA,QPG,1.3604199886322021,103.91000366210938
IATA,QPS,-21.984600067138672,-47.334800720214844
IATA,QPW,68.3126574861,-53.4602075815
IATA,QQT,69.9958611087,-51.3009166718
IATA,QRA,-26.2425003052,28.1511993408
IATA,QRC,-34.17369842529297,-70.77570343017578
IATA,QRM,-32.214698791503906,148.22500610351562
IATA,QRO,20.6173,-100.185997
IATA,QRR,-31.733299255371094,147.80299377441406
IATA,QRW,5.59611,5.81778
IATA,QRY,68.14088100629999,-53.4414589405
IATA,QSA,41.52090072631836,2.1050798892974854
IATA,QSC,-21.875401,-47.903703
IATA,QSF,36.178100585900005,5.3244900703399995
IATA,QSI,-3.3633298873901367,37.326900482177734
IATA,QSN,22.756099700927734,-81.9208984375
IATA,QSR,40.620399,14.9113
IATA,QSZ,38.281055,77.075192
IATA,QUG,50.85940170288086,-0.7591670155525208
IATA,QUO,4.8725,8.093
IATA,QUY,52.3572006226,-0.107832998037
IATA,QXH,52.203609,13.156389
IATA,QYD,54.57970047,18.51720047
IATA,RAB,-4.34045982361,152.380004883
IATA,RAC,42.7606010437,-87.8152008057
IATA,RAE,30.906600952148438,41.13819885253906
IATA,RAH,29.626399993896484,43.4906005859375
IATA,RAI,14.924500465393066,-23.493499755859375
IATA,RAJ,22.3092002869,70.77950286869999
IATA,RAK,31.606899261499997,-8.03629970551
IATA,RAL,33.95190048,-117.4449997
IATA,RAM,-12.356399536132812,134.8979949951172
IATA,RAO,-21.136388778686523,-47.776668548583984
IATA,RAP,44.0452995300293,-103.05699920654297
IATA,RAQ,-4.760557,122.569371
IATA,RAR,-21.2026996613,-159.805999756
IATA,RAS,37.323333,49.617778
IATA,RAT,62.1585998535,77.32890319820001
IATA,RAZ,33.849700927734375,73.79810333251953
IATA,RBA,34.051498,-6.75152
IATA,RBB,-4.4063401222229,-59.60240173339844
IATA,RBD,32.6809005737,-96.8682022095
IATA,RBE,13.729999542236328,106.98699951171875
IATA,RBK,33.5741996765,-117.127998352
IATA,RBL,40.1506996155,-122.251998901
IATA,RBM,48.90083312988281,12.516667366027832
IATA,RBQ,-14.427900314299999,-67.4968032837
IATA,RBR,-9.868888854980469,-67.89805603027344
IATA,RBV,-8.168060302734375,157.64300537109375
IATA,RBX,6.8249998092699995,29.6690006256
IATA,RBY,64.72720337,-155.4700012
IATA,RCA,44.14500046,-103.1039963
IATA,RCB,-28.740999221800003,32.0920982361
IATA,RCH,11.5262,-72.926
IATA,RCL,-15.472000122099999,167.835006714
IATA,RCM,-20.701900482177734,143.11500549316406
IATA,RCO,45.88779830932617,-0.9830560088157654
IATA,RCQ,-29.2103,-59.68
IATA,RCS,51.351898193359375,0.5033329725265503
IATA,RCU,-33.0850982666,-64.2612991333
IATA,RCY,23.68440055847168,-74.83619689941406
IATA,RDB,68.03209686279999,-162.899002075
IATA,RDC,-8.033289909362793,-49.97990036010742
IATA,RDD,40.50899887,-122.2929993
IATA,RDG,40.378501892089844,-75.96520233154297
IATA,RDM,44.2541008,-121.1500015
IATA,RDN,5.765279769897461,103.00700378417969
IATA,RDO,51.3891983032,21.213300705
IATA,RDP,23.6225,87.243
IATA,RDR,47.961101532,-97.4011993408
IATA,RDS,-37.3905982971,-68.9041976929
IATA,RDU,35.877601623535156,-78.7874984741211
IATA,RDZ,44.407901763916016,2.4826700687408447
IATA,REA,-18.465900421142578,-136.44000244140625
IATA,REB,53.306388855,12.7522220612
IATA,REC,-8.126489639282227,-34.92359924316406
IATA,REG,38.071201,15.6516
IATA,REL,-43.2105,-65.2703
IATA,REN,51.795799255371094,55.45669937133789
IATA,REP,13.410699844400002,103.81300354
IATA,RER,14.520999908447266,-91.69730377197266
IATA,RES,-27.45,-59.0561
IATA,RET,67.527801513672,12.103300094604
IATA,REU,41.14739990234375,1.1671700477600098
IATA,REX,26.0089,-98.2285
IATA,REY,-14.3044,-67.353401
IATA,REZ,-22.4785003662,-44.4803009033
IATA,RFD,42.19540023803711,-89.09719848632812
IATA,RFP,-16.7229,-151.466003
IATA,RFS,13.889699935913086,-84.40889739990234
IATA,RGA,-53.7777,-67.7494
IATA,RGI,-14.954299926757812,-147.66099548339844
IATA,RGK,51.9667015076,85.8332977295
IATA,RGL,-51.6089,-69.3126
IATA,RGN,16.907300949099998,96.1332015991
IATA,RGO,41.428538,129.647555
IATA,RGS,42.357601,-3.62076
IATA,RGT,-0.35280799865722656,102.33499908447266
IATA,RHD,-27.4966,-64.93595
IATA,RHE,49.310001,4.05
IATA,RHI,45.63119888305664,-89.46749877929688
IATA,RHO,36.405399322509766,28.086200714111328
IATA,RHP,27.393999099731445,86.0614013671875
IATA,RHT,39.225,101.546
IATA,RHV,37.332901001,-121.819000244
IATA,RIA,-29.711399,-53.688202
IATA,RIB,-11.0,-66.0
IATA,RIC,37.50519943237305,-77.3197021484375
IATA,RIH,8.375880241394,-80.127899169922
IATA,RIJ,-6.067860126495361,-77.16000366210938
IATA,RIL,39.526299,-107.726997
IATA,RIN,-8.12639045715332,157.14300537109375
IATA,RIS,45.2420005798,141.186004639
IATA,RIV,33.880699,-117.259003
IATA,RIW,43.064201355,-108.459999084
IATA,RIX,56.92359924316406,23.971099853515625
IATA,RIY,14.662599563598633,49.375
IATA,RIZ,35.405033,119.324403
IATA,RJA,17.1103992462,81.81819915770001
IATA,RJB,26.510066,86.733902
IATA,RJH,24.43720054626465,88.61650085449219
IATA,RJK,45.21689987182617,14.570300102233887
IATA,RJL,42.4609534888,-2.32223510742
IATA,RJN,30.297700881958008,56.05110168457031
IATA,RKD,44.06010056,-69.09919739
IATA,RKE,55.585601806640625,12.131400108337402
IATA,RKH,34.9878006,-81.05719757
IATA,RKO,-2.0991199016571045,99.70069885253906
IATA,RKP,28.0867996216,-97.0446014404
IATA,RKS,41.5942,-109.065001
IATA,RKT,25.613500595092773,55.93880081176758
IATA,RKV,64.1299972534,-21.9405994415
IATA,RKZ,29.3519,89.311401
IATA,RLG,53.9182014465,12.278300285299999
IATA,RLK,40.926,107.7428
IATA,RMA,-26.545000076300003,148.774993896
IATA,RME,43.23379898,-75.40699768
IATA,RMF,25.557100296,34.5836982727
IATA,RMG,34.3506011963,-85.15799713130001
IATA,RMI,44.020302,12.6117
IATA,RMK,-34.1963996887207,140.6739959716797
IATA,RML,6.821990013122559,79.88619995117188
IATA,RMQ,24.264699935913086,120.62100219726562
IATA,RMS,49.4369010925293,7.600279808044434
IATA,RMT,-22.63725,-152.8059
IATA,RMU,37.803,-1.125
IATA,RMY,37.5108985901,-120.040000916
IATA,RNA,-9.86054358262,161.979546547
IATA,RNB,56.266700744629,15.265000343323
IATA,RND,29.52969933,-98.27890015
IATA,RNE,46.05830001831055,4.001389980316162
IATA,RNI,12.1628999710083,-83.06379699707031
IATA,RNJ,27.0440006256,128.401992798
IATA,RNL,-11.533900260925293,160.06300354003906
IATA,RNN,55.06330108642578,14.759599685668945
IATA,RNO,39.49909973144531,-119.76799774169922
IATA,RNS,48.069499969499994,-1.73478996754
IATA,RNT,47.4930992126,-122.216003418
IATA,RNZ,40.9478988647,-87.1826019287
IATA,ROA,37.3255,-79.975403
IATA,ROB,6.23379,-10.3623
IATA,ROC,43.118900299072266,-77.67240142822266
IATA,ROD,-33.812198638916016,19.902799606323242
IATA,ROI,16.11680030822754,103.77400207519531
IATA,ROK,-23.3819007874,150.475006104
IATA,ROO,-16.586,-54.7248
IATA,ROP,14.174300193786621,145.2429962158203
IATA,ROR,7.36731,134.544236
IATA,ROS,-32.9036,-60.785
IATA,ROT,-38.10919952392578,176.31700134277344
IATA,ROV,47.493888,39.924722
IATA,ROW,33.30160140991211,-104.53099822998047
IATA,ROZ,36.645198822,-6.34946012497
IATA,RPB,-14.734814,134.525485
IATA,RPM,-14.722800254821777,134.7469940185547
IATA,RPN,32.98099899291992,35.5718994140625
IATA,RPR,21.180401,81.7388
IATA,RQW,35.76720047,43.125099182099994
IATA,RRG,-19.7577,63.361
IATA,RRK,22.256701,84.814598
IATA,RRR,-16.045,-142.476944
IATA,RRS,62.578399658203,11.342300415039
IATA,RSA,-36.588299,-64.275703
IATA,RSD,24.8950787333,-76.1768817902
IATA,RSH,61.7788848877,-161.319458008
IATA,RSL,38.872100830078,-98.811798095703
IATA,RSS,11.7859,34.3367
IATA,RST,43.90829849243164,-92.5
IATA,RSU,34.84230041503906,127.61699676513672
IATA,RSW,26.53619956970215,-81.75520324707031
IATA,RTA,-12.482500076293945,177.0709991455078
IATA,RTB,16.316799,-86.523003
IATA,RTC,17.013599,73.327797
IATA,RTG,-8.5970096588135,120.47699737549
IATA,RTM,51.956902,4.43722
IATA,RTN,36.74150085,-104.5019989
IATA,RTS,-32.006699,115.540001
IATA,RTW,51.564998626708984,46.04669952392578
IATA,RUA,3.049999952316284,30.91699981689453
IATA,RUD,36.4253005981,55.104198455799995
IATA,RUG,32.25788497924805,120.50165557861328
IATA,RUH,24.957599639892578,46.69879913330078
IATA,RUI,33.462799072266,-105.53500366211
IATA,RUK,28.627001,82.195
IATA,RUM,27.303499221801758,86.55039978027344
IATA,RUN,-20.887100219726562,55.51029968261719
IATA,RUR,-22.434099197387695,-151.36099243164062
IATA,RUS,-9.861669540409999,160.824996948
IATA,RUT,43.52939987,-72.94960022
IATA,RUV,15.991999626159668,-90.44529724121094
IATA,RVA,-22.805299758911133,47.82059860229492
IATA,RVD,-17.8347225189209,-50.956111907958984
IATA,RVE,6.951868,-71.857179
IATA,RVK,64.838302612305,11.14610004425
IATA,RVN,66.564796447754,25.830400466919
IATA,RVS,36.039600372314,-95.984596252441
IATA,RVT,-33.7971992493,120.208000183
IATA,RVV,-23.885200500499998,-147.662002563
IATA,RVY,-30.974599838256836,-55.476200103759766
IATA,RWF,44.54719925,-95.08229828
IATA,RWI,35.856300354003906,-77.89189910888672
IATA,RWL,41.80559921,-107.1999969
IATA,RWN,50.60710144042969,26.141599655151367
IATA,RXS,11.597700119018555,122.75199890136719
IATA,RYB,58.10419845581055,38.92940139770508
IATA,RYG,59.378817,10.785439
IATA,RYK,28.383899688720703,70.27960205078125
IATA,RYN,45.62810134887695,-0.9725000262260437
IATA,RZA,-50.0165,-68.5792
IATA,RZE,50.1100006104,22.0189990997
IATA,RZP,10.81874,119.507697
IATA,RZR,36.9099006652832,50.67959976196289
IATA,RZS,26.9662,68.878098
IATA,SAA,41.444901,-106.823997
IATA,SAB,17.645000457763672,-63.220001220703125
IATA,SAC,38.5125007629,-121.492996216
IATA,SAD,32.85480118,-109.6350021
IATA,SAF,35.617099762,-106.088996887
IATA,SAG,19.688611,74.378889
IATA,SAH,15.476300239562988,44.21969985961914
IATA,SAK,65.73169708249999,-19.572799682599996
IATA,SAL,13.4409,-89.055702
IATA,SAN,32.7336006165,-117.190002441
IATA,SAP,15.4526,-87.923599
IATA,SAQ,25.053800582885742,-78.04900360107422
IATA,SAT,29.533700942993164,-98.46980285644531
IATA,SAV,32.12760162,-81.20210266
IATA,SAW,40.898601532,29.3092002869
IATA,SAY,43.256302,11.255
IATA,SBA,34.42620087,-119.8399963
IATA,SBB,7.803514003753662,-71.16571807861328
IATA,SBD,34.0954017639,-117.23500061
IATA,SBG,5.87412977219,95.33969879150001
IATA,SBH,17.904399871826172,-62.84360122680664
IATA,SBK,48.5378,-2.85444
IATA,SBL,-13.762200355500001,-65.4352035522
IATA,SBM,43.76959991,-87.85140228
IATA,SBN,41.70869827270508,-86.31729888916016
IATA,SBP,35.236801147499996,-120.641998291
IATA,SBR,-9.378330230710002,142.625
IATA,SBS,40.5163002,-106.8659973
IATA,SBT,71.219167,72.052222
IATA,SBU,-29.689300537109375,17.939599990844727
IATA,SBW,2.2616000175476074,111.98500061035156
IATA,SBY,38.34049987792969,-75.51029968261719
IATA,SBZ,45.78559875488281,24.091299057006836
IATA,SCC,70.19470215,-148.4649963
IATA,SCE,40.8493003845,-77.84870147710001
IATA,SCF,33.622898101807,-111.91100311279
IATA,SCH,42.852500915527,-73.928901672363
IATA,SCI,7.8013200759887695,-72.2029037475586
IATA,SCK,37.894199371338,-121.2379989624
IATA,SCL,-33.393001556396484,-70.78579711914062
IATA,SCM,61.845298767100005,-165.570999146
IATA,SCN,49.214599609400004,7.10950994492
IATA,SCO,43.8601,51.091999
IATA,SCQ,42.89630126953125,-8.415140151977539
IATA,SCS,60.43280029296875,-1.2961100339889526
IATA,SCT,12.63070011138916,53.905799865722656
IATA,SCU,19.96980094909668,-75.83540344238281
IATA,SCV,47.6875,26.35409927368164
IATA,SCW,61.64699935913086,50.84510040283203
IATA,SCY,-0.910206,-89.617401
IATA,SCZ,-10.72029972076416,165.7949981689453
IATA,SDB,-32.968898773199996,18.1602993011
IATA,SDD,-14.924699783325195,13.574999809265137
IATA,SDE,-27.765556335399996,-64.3099975586
IATA,SDF,38.1744,-85.736
IATA,SDG,35.24589920043945,47.00920104980469
IATA,SDJ,38.1397018433,140.917007446
IATA,SDK,5.900899887084961,118.05899810791016
IATA,SDL,62.528099060058594,17.443899154663086
IATA,SDM,32.572299957275,-116.98000335693
IATA,SDN,61.830001831055,6.1058301925659
IATA,SDP,55.314998626708984,-160.5229949951172
IATA,SDQ,18.42970085144,-69.668899536133
IATA,SDR,43.427101135253906,-3.82000994682312
IATA,SDS,38.0601997375,138.414001465
IATA,SDT,34.8135986328125,72.35279846191406
IATA,SDU,-22.910499572799996,-43.1631011963
IATA,SDV,32.11470031738281,34.78219985961914
IATA,SDX,34.848598480225,-111.78800201416
IATA,SDY,47.706902,-104.193001
IATA,SEA,47.449001,-122.308998
IATA,SEB,26.98699951171875,14.47249984741211
IATA,SEE,32.826198577881,-116.97200012207
IATA,SEF,27.45639992,-81.3423996
IATA,SEH,-3.45,140.779
IATA,SEK,67.4805,153.7364
IATA,SEM,32.343898773193,-86.987800598145
IATA,SEN,51.5713996887207,0.6955559849739075
IATA,SEP,32.215301513672,-98.177696228027
IATA,SEU,-2.45806,34.822498
IATA,SEY,15.179699897766113,-12.207300186157227
IATA,SEZ,-4.67434,55.521801
IATA,SFA,34.71799850463867,10.690999984741211
IATA,SFB,28.777599334716797,-81.23750305175781
IATA,SFC,16.25779914855957,-61.26250076293945
IATA,SFD,7.883319854736328,-67.44400024414062
IATA,SFE,16.595600128173828,120.3030014038086
IATA,SFF,47.682800292969,-117.32299804688
IATA,SFG,18.099899291992,-63.047199249268
IATA,SFH,30.930200576782,-114.80899810791
IATA,SFJ,67.0122218992,-50.7116031647
IATA,SFK,-0.6994310021400452,-48.520999908447266
IATA,SFL,14.8850002289,-24.4799995422
IATA,SFN,-31.7117,-60.8117
IATA,SFO,37.61899948120117,-122.375
IATA,SFQ,37.09429931640625,38.84709930419922
IATA,SFS,14.794400215148926,120.27100372314453
IATA,SFT,64.62480163574219,21.076900482177734
IATA,SFZ,41.9207992554,-71.49140167239999
IATA,SGC,61.34370040893555,73.40180206298828
IATA,SGD,54.96440124511719,9.791729927062988
IATA,SGE,50.707698822021484,8.082969665527344
IATA,SGF,37.24570084,-93.38860321
IATA,SGH,39.840301513672,-83.840202331543
IATA,SGI,32.04859924316406,72.66500091552734
IATA,SGN,10.8187999725,106.652000427
IATA,SGO,-28.049699783325195,148.59500122070312
IATA,SGQ,0.3847,117.543
IATA,SGR,29.622299194336,-95.65650177002
IATA,SGU,37.036389,-113.510306
IATA,SGV,-41.5917015076,-65.33940124509999
IATA,SGX,-10.682999610900879,35.58300018310547
IATA,SGY,59.46009826660156,-135.3159942626953
IATA,SGZ,7.186560153961182,100.60800170898438
IATA,SHA,31.197900772094727,121.33599853515625
IATA,SHB,43.5774993896,144.960006714
IATA,SHD,38.2638015747,-78.8964004517
IATA,SHE,41.639801025390625,123.48300170898438
IATA,SHG,66.88809967041,-157.16200256348
IATA,SHH,66.249604,-166.089112
IATA,SHI,24.8267002106,125.144996643
IATA,SHJ,25.32859992980957,55.5172004699707
IATA,SHL,25.70359992980957,91.97869873046875
IATA,SHM,33.6622009277,135.363998413
IATA,SHN,47.233600616455,-123.14800262451
IATA,SHO,-26.358611,31.716944
IATA,SHP,39.968102,119.731003
IATA,SHR,44.76919937133789,-106.9800033569336
IATA,SHT,-36.42890167236328,145.39300537109375
IATA,SHV,32.446602,-93.8256
IATA,SHW,17.466899871826172,47.12139892578125
IATA,SHX,62.6922988892,-159.569000244
IATA,SHY,-3.6093,33.5035
IATA,SIA,34.376701,109.120003
IATA,SID,16.7414,-22.9494
IATA,SIF,27.159500122070312,84.9801025390625
IATA,SIG,18.45680046081543,-66.09809875488281
IATA,SIJ,66.133301,-18.9167
IATA,SIK,36.898899078369,-89.561798095703
IATA,SIN,1.35019,103.994003
IATA,SIO,-40.834999084472656,145.08399963378906
IATA,SIP,45.05220031738281,33.975101470947266
IATA,SIQ,-0.47918900847435,104.5790023803711
IATA,SIR,46.219600677500004,7.326759815220001
IATA,SIS,-27.6485996246,22.9993000031
IATA,SIT,57.04710006713867,-135.36199951171875
IATA,SIU,13.727222442626953,-84.77777862548828
IATA,SJC,37.362598,-121.929001
IATA,SJD,23.15180015563965,-109.72100067138672
IATA,SJE,2.57969,-72.6394
IATA,SJI,12.361499786399998,121.04699707
IATA,SJJ,43.82460021972656,18.331499099731445
IATA,SJK,-23.22920036315918,-45.86149978637695
IATA,SJL,-0.14835,-66.9855
IATA,SJO,9.993860244750977,-84.20880126953125
IATA,SJP,-20.816600799599996,-49.40650177
IATA,SJT,31.35770034790039,-100.49600219726562
IATA,SJU,18.4393997192,-66.0018005371
IATA,SJW,38.28070068359375,114.6969985961914
IATA,SJY,62.692101,22.8323
IATA,SJZ,38.66550064086914,-28.175800323486328
IATA,SKA,47.6151008606,-117.65599823
IATA,SKB,17.311199188232422,-62.71870040893555
IATA,SKD,39.70050048828125,66.98380279541016
IATA,SKE,59.185001373291016,9.566940307617188
IATA,SKF,29.38419914,-98.58110046
IATA,SKG,40.51969909667969,22.97089958190918
IATA,SKH,28.586,81.636002
IATA,SKK,64.37110138,-161.223999
IATA,SKN,68.578826904297,15.033416748047
IATA,SKO,12.916299819946289,5.207190036773682
IATA,SKP,41.961601,21.621401
IATA,SKS,55.221048,9.26702
IATA,SKT,32.5355567932,74.3638916016
IATA,SKU,38.9676017761,24.4871997833
IATA,SKV,28.685300827,34.0625
IATA,SKX,54.12512969970703,45.212257385253906
IATA,SKY,41.4333992004,-82.6522979736
IATA,SKZ,27.722000122070312,68.79170227050781
IATA,SLA,-24.856000900299996,-65.4861984253
IATA,SLC,40.78839874267578,-111.97799682617188
IATA,SLD,48.63779830932617,19.13409996032715
IATA,SLE,44.90950012,-123.0029984
IATA,SLF,20.46470069885254,45.619598388671875
IATA,SLH,-13.8516998291,167.537002563
IATA,SLJ,-22.2554,117.7627
IATA,SLK,44.38529968261719,-74.2061996459961
IATA,SLL,17.038700103759766,54.09130096435547
IATA,SLM,40.95209884643555,-5.501989841461182
IATA,SLN,38.79100036621094,-97.6521987915039
IATA,SLP,22.254299163800003,-100.930999756
IATA,SLQ,61.7005004883,-157.166000366
IATA,SLU,14.0202,-60.992901
IATA,SLV,31.0818,77.068001
IATA,SLW,25.54949951171875,-100.92900085449219
IATA,SLX,21.333000183099998,-71.1999969482
IATA,SLY,66.5907974243164,66.61100006103516
IATA,SLZ,-2.585360050201416,-44.234100341796875
IATA,SMA,36.97140121459961,-25.17060089111328
IATA,SMD,41.14339828,-85.15280151
IATA,SME,37.053398132299996,-84.6158981323
IATA,SMF,38.69540023803711,-121.59100341796875
IATA,SMI,37.689998626708984,26.911699295043945
IATA,SMK,63.49010086,-162.1100006
IATA,SML,23.582317,-75.268621
IATA,SMN,45.1237983704,-113.880996704
IATA,SMO,34.015800476100004,-118.450996399
IATA,SMQ,-2.49919009209,112.974998474
IATA,SMR,11.1196,-74.2306
IATA,SMS,-17.093900680541992,49.815799713134766
IATA,SMT,-12.479177,-55.672341
IATA,SMV,46.53409957885742,9.884110450744629
IATA,SMW,26.7318,-11.6847
IATA,SMX,34.89889908,-120.4570007
IATA,SMZ,4.349999904632568,-54.41666793823242
IATA,SNA,33.67570114,-117.8679962
IATA,SNB,-11.422800064086914,130.6540069580078
IATA,SNC,-2.20499,-80.988899
IATA,SNE,16.58839988708496,-24.284700393676758
IATA,SNF,10.2787,-68.755203
IATA,SNJ,22.095300674438477,-84.1520004272461
IATA,SNN,52.702,-8.92482
IATA,SNO,17.195100784301758,104.11900329589844
IATA,SNP,57.167301177978516,-170.22000122070312
IATA,SNR,47.3105556,-2.1566667
IATA,SNS,36.662799835205,-121.60600280762
IATA,SNU,22.49220085144043,-79.943603515625
IATA,SNV,4.554999828338623,-61.150001525878906
IATA,SNW,18.4606990814209,94.30010223388672
IATA,SNY,41.10129929,-102.9850006
IATA,SNZ,-22.9324,-43.719101
IATA,SOB,46.686391,17.159084
IATA,SOC,-7.516089916229248,110.75700378417969
IATA,SOD,-23.478001,-47.490002
IATA,SOF,42.696693420410156,23.411436080932617
IATA,SOG,61.156101,7.13778
IATA,SOJ,69.786796569824,20.959400177002
IATA,SOM,8.9451465606689,-64.151084899902
IATA,SON,-15.505000114399998,167.220001221
IATA,SOO,61.26150131225586,17.09910011291504
IATA,SOP,35.23740005,-79.3911972
IATA,SOQ,-0.894,131.287
IATA,SOT,67.3949966431,26.6191005707
IATA,SOU,50.95029830932617,-1.3567999601364136
IATA,SOV,59.442401885986,-151.70399475098
IATA,SOW,34.265499115,-110.005996704
IATA,SOY,59.1553001404,-2.64139008522
IATA,SOZ,41.924400329589844,9.406000137329102
IATA,SPA,34.915699005127,-81.956497192383
IATA,SPB,18.338600158691406,-64.9406967163086
IATA,SPC,28.626499,-17.7556
IATA,SPD,25.759199142456055,88.90889739990234
IATA,SPF,44.48030090332,-103.78299713135
IATA,SPG,27.7651,-82.626999
IATA,SPI,39.84410095,-89.67790222
IATA,SPJ,36.973899841308594,22.52630043029785
IATA,SPM,49.9726982117,6.69250011444
IATA,SPN,15.119,145.729004
IATA,SPP,-14.657600402832031,17.71980094909668
IATA,SPR,17.9139,-87.9711
IATA,SPS,33.9888,-98.491898
IATA,SPU,43.53889846801758,16.29800033569336
IATA,SPW,43.165500640869,-95.202796936035
IATA,SPY,4.746719837188721,-6.660820007324219
IATA,SQA,34.60680008,-120.0759964
IATA,SQD,28.3797,117.9643
IATA,SQG,0.06361900269985199,111.4729995727539
IATA,SQH,21.216999053955078,104.03299713134766
IATA,SQJ,26.4263,117.8336
IATA,SQL,37.511901855469,-122.25
IATA,SQN,-2.080509901046753,125.96700286865234
IATA,SQO,64.96089935302734,17.69659996032715
IATA,SQQ,55.89390182495117,23.395000457763672
IATA,SQR,-2.5311999320983887,121.35800170898438
IATA,SQW,56.550201416015625,9.172980308532715
IATA,SQX,-26.781600952148438,-53.503501892089844
IATA,SQZ,53.307800293,-0.550832986832
IATA,SRA,-27.9067,-54.520401
IATA,SRE,-19.007099151611328,-65.2886962890625
IATA,SRG,-6.97273,110.375
IATA,SRH,9.14444,18.374399
IATA,SRI,-0.484530985355,117.156997681
IATA,SRJ,-14.859199523925781,-66.73750305175781
IATA,SRN,-42.154998779296875,145.29200744628906
IATA,SRP,59.791900634765625,5.340849876403809
IATA,SRQ,27.39539909362793,-82.55439758300781
IATA,SRT,1.7276899814605713,33.622798919677734
IATA,SRX,31.063499450699997,16.5949993134
IATA,SRY,36.635799408,53.193599700899995
IATA,SRZ,-17.8115997314,-63.1715011597
IATA,SSA,-12.9086112976,-38.3224983215
IATA,SSC,33.97269821,-80.47059631
IATA,SSE,17.6280002594,75.93479919430001
IATA,SSF,29.336999893188,-98.471099853516
IATA,SSG,3.755270004272461,8.708720207214355
IATA,SSH,27.9773006439,34.3950004578
IATA,SSI,31.15180016,-81.39129639
IATA,SSJ,65.956802368164,12.468899726868
IATA,SSN,37.444744,127.112718
IATA,SSR,-15.4708003998,168.151992798
IATA,SST,-36.5423,-56.7218
IATA,SSY,-6.269899845123291,14.246999740600586
IATA,SSZ,-23.928056716918945,-46.299720764160156
IATA,STA,55.9901008605957,8.353910446166992
IATA,STB,8.974550247192383,-71.94325256347656
IATA,STC,45.546600341796875,-94.05989837646484
IATA,STD,7.56538,-72.035103
IATA,STE,44.5452003479,-89.530296325684
IATA,STG,56.578300476100004,-169.662002563
IATA,STI,19.406099319458008,-70.60469818115234
IATA,STJ,39.771900177002,-94.909698486328
IATA,STK,40.61529922,-103.2649994
IATA,STL,38.748697,-90.370003
IATA,STM,-2.4247219562530518,-54.785831451416016
IATA,STN,51.8849983215,0.234999999404
IATA,STP,44.93450164794922,-93.05999755859375
IATA,STR,48.689899444599995,9.22196006775
IATA,STS,38.50899887,-122.8130035
IATA,STT,18.337299346923828,-64.97339630126953
IATA,STV,21.1140995026,72.7417984009
IATA,STW,45.10919952392578,42.11280059814453
IATA,STX,17.701900482177734,-64.79859924316406
IATA,STY,-31.438499450683594,-57.98529815673828
IATA,STZ,-10.4647216796875,-50.518611907958984
IATA,SUA,27.18169975,-80.22109985
IATA,SUB,-7.3798298835754395,112.78700256347656
IATA,SUF,38.905399,16.2423
IATA,SUG,9.755838325629998,125.480947495
IATA,SUI,42.8582000732,41.128101348899996
IATA,SUJ,47.70330047607422,22.885700225830078
IATA,SUK,67.792,130.394
IATA,SUL,28.645099639892578,69.1769027709961
IATA,SUN,43.50439835,-114.2959976
IATA,SUP,-7.0242,113.89023
IATA,SUR,52.70859909057617,-88.54190063476562
IATA,SUS,38.662101745605,-90.652000427246
IATA,SUU,38.262699127197,-121.92700195312
IATA,SUV,-18.04330062866211,178.5590057373047
IATA,SUX,42.40259933,-96.38439941
IATA,SUY,62.185001373291,117.63500213623
IATA,SVA,63.6864013671875,-170.4929962158203
IATA,SVB,-14.278599739074707,50.17470169067383
IATA,SVD,13.156695,-61.149945
IATA,SVG,58.876701354,5.6377801895
IATA,SVH,35.765300750732,-80.953903198242
IATA,SVI,2.15217,-74.7663
IATA,SVJ,68.243301391602,14.669199943542
IATA,SVL,61.943099975586,28.945100784302
IATA,SVN,32.00999832,-81.14569855
IATA,SVO,55.972599,37.4146
IATA,SVP,-12.404600143433,16.947399139404
IATA,SVQ,37.417999267578125,-5.8931097984313965
IATA,SVU,-16.8027992249,179.341003418
IATA,SVW,61.09740067,-155.5740051
IATA,SVX,56.743099212646,60.802700042725
IATA,SVZ,7.840829849243164,-72.439697265625
IATA,SWA,23.552,116.5033
IATA,SWC,-37.07170104980469,142.74099731445312
IATA,SWD,60.12689971923828,-149.41900634765625
IATA,SWF,41.50410079956055,-74.10479736328125
IATA,SWH,-35.37580108642578,143.5330047607422
IATA,SWJ,-16.4864,167.4472
IATA,SWO,36.161201477051,-97.08570098877
IATA,SWP,-22.66189956665,14.568099975586
IATA,SWQ,-8.48904037475586,117.41200256347656
IATA,SWS,51.60530090332031,-4.0678300857543945
IATA,SWT,60.709400177,77.66000366210001
IATA,SWU,37.23939895629883,127.00700378417969
IATA,SWX,-18.373899459838867,21.832599639892578
IATA,SXB,48.538299560546875,7.628230094909668
IATA,SXE,-38.090827,146.965335
IATA,SXF,52.380001,13.5225
IATA,SXI,25.908899307250977,54.539398193359375
IATA,SXJ,42.91170120239258,90.24749755859375
IATA,SXK,-7.9886097908,131.305999756
IATA,SXL,54.280200958252,-8.5992097854614
IATA,SXM,18.041000366200002,-63.1088981628
IATA,SXN,-20.5534,26.115801
IATA,SXO,-11.632399559020996,-50.68960189819336
IATA,SXQ,60.47570037841797,-151.03399658203125
IATA,SXR,33.987098693847656,74.77420043945312
IATA,SXV,11.78330039978,78.06559753418
IATA,SXX,-6.6413,-51.9523
IATA,SXZ,37.97890090942383,41.84040069580078
IATA,SYA,52.71229935,174.1139984
IATA,SYD,-33.94609832763672,151.177001953125
IATA,SYH,27.8112,86.7124
IATA,SYJ,29.550899505615234,55.672698974609375
IATA,SYM,22.793301,100.959
IATA,SYO,38.81219863889999,139.787002563
IATA,SYP,8.085599899291992,-80.94529724121094
IATA,SYQ,9.957050323486328,-84.13980102539062
IATA,SYR,43.11119842529297,-76.1063003540039
IATA,SYS,71.92790222168,114.08000183105
IATA,SYT,46.412498474121094,4.0132598876953125
IATA,SYU,-10.20829963684082,142.8249969482422
IATA,SYW,26.473100662231445,67.71720123291016
IATA,SYX,18.302900314331055,109.41200256347656
IATA,SYY,58.215599060058594,-6.331110000610352
IATA,SYZ,29.539199829101562,52.58980178833008
IATA,SZA,-6.141089916229248,12.371800422668457
IATA,SZB,3.130579948425293,101.54900360107422
IATA,SZF,41.254501,36.567101
IATA,SZG,47.793300628699996,13.0043001175
IATA,SZJ,21.642499923706055,-82.9551010131836
IATA,SZK,-24.960899353,31.5886993408
IATA,SZL,38.73030090332,-93.547897338867
IATA,SZR,42.3766667,25.655
IATA,SZS,-46.8997,168.100998
IATA,SZT,16.690299987793,-92.530097961426
IATA,SZV,31.2631,120.401001
IATA,SZW,53.426998,11.7834
IATA,SZX,22.639299392700195,113.81099700927734
IATA,SZY,53.481899,20.9377
IATA,SZZ,53.584701538100006,14.902199745199999
IATA,TAB,11.149700164794922,-60.83219909667969
IATA,TAC,11.228035,125.027761
IATA,TAE,35.896872,128.65531
IATA,TAF,35.54240036010742,-0.5322780013084412
IATA,TAG,9.665442,123.853533
IATA,TAH,-19.45509910583496,169.2239990234375
IATA,TAI,13.6859998703,44.139099121099996
IATA,TAK,34.214199066199996,134.01600647
IATA,TAM,22.2964000702,-97.8658981323
IATA,TAO,36.2661018372,120.374000549
IATA,TAP,14.7943000793,-92.3700027466
IATA,TAR,40.517502,17.4032
IATA,TAS,41.257900238,69.2811965942
IATA,TAT,49.073600769,20.2411003113
IATA,TAY,58.3074989319,26.690399169900004
IATA,TAZ,41.761101,59.826698
IATA,TBB,13.049599647500001,109.333999634
IATA,TBF,-1.2244700193405151,174.7760009765625
IATA,TBG,-5.27861,141.225998
IATA,TBH,12.3109998703,122.084999084
IATA,TBI,24.3153,-75.452301
IATA,TBJ,36.97999954223633,8.87693977355957
IATA,TBN,37.74160004,-92.14070129
IATA,TBO,-5.076389789581299,32.83330154418945
IATA,TBP,-3.55253005027771,-80.38140106201172
IATA,TBR,32.4827003479,-81.73690032959999
IATA,TBS,41.6692008972,44.95470047
IATA,TBT,-4.2556700706482,-69.93579864502
IATA,TBU,-21.241199493408203,-175.14999389648438
IATA,TBW,52.806098937988,41.482799530029
IATA,TBZ,38.1338996887207,46.23500061035156
IATA,TCA,-19.6343994140625,134.18299865722656
IATA,TCB,26.745300293,-77.3912963867
IATA,TCC,35.182800293,-103.602996826
IATA,TCE,45.0625,28.71430015563965
IATA,TCG,46.67250061035156,83.3407974243164
IATA,TCH,-2.8499999046325684,11.017000198364258
IATA,TCL,33.220600128174,-87.611396789551
IATA,TCM,47.1376991272,-122.475997925
IATA,TCN,18.49720001220703,-97.4198989868164
IATA,TCO,1.81442,-78.7492
IATA,TCP,29.587799072299998,34.7780990601
IATA,TCQ,-18.053300857500002,-70.2758026123
IATA,TCS,33.2369003296,-107.272003174
IATA,TCX,33.6678009033,56.8927001953
IATA,TCZ,24.9380555556,98.48583333330001
IATA,TDD,-14.8186998367,-64.9179992676
IATA,TDG,9.072110176086426,126.1709976196289
IATA,TDJ,11.782999992370605,42.91699981689453
IATA,TDL,-37.2374000549,-59.2279014587
IATA,TDR,-24.99329948425293,150.09300231933594
IATA,TDS,-7.6217,142.868
IATA,TDX,12.274600029,102.319000244
IATA,TEA,15.7759,-87.4758
IATA,TEB,40.85010147089999,-74.060798645
IATA,TEC,-24.317800521850586,-50.6515998840332
IATA,TED,57.06880187988281,8.705220222473145
IATA,TEE,35.4315986633,8.12071990967
IATA,TEF,-21.71500015258789,122.22899627685547
IATA,TEI,27.9412002563,96.1343994141
IATA,TEM,-34.4213981628418,147.51199340820312
IATA,TEN,27.883333,109.308889
IATA,TEQ,41.13819885253906,27.919099807739258
IATA,TER,38.761799,-27.090799
IATA,TET,-16.104799270629883,33.640201568603516
IATA,TEU,-45.53310012817383,167.64999389648438
IATA,TEV,40.403,-1.2183
IATA,TEX,37.9538002,-107.9079971
IATA,TEZ,26.7091007232666,92.78469848632812
IATA,TFF,-3.38294005394,-64.7240982056
IATA,TFL,-17.89229965209961,-41.51359939575195
IATA,TFN,28.4827003479,-16.3414993286
IATA,TFS,28.044500351,-16.5725002289
IATA,TGA,1.38725996017,103.708999634
IATA,TGD,42.359402,19.2519
IATA,TGG,5.3826398849487305,103.10299682617188
IATA,TGH,-16.8910999298,168.550994873
IATA,TGI,-9.133000373840332,-75.94999694824219
IATA,TGJ,-21.096099853515625,167.8040008544922
IATA,TGK,47.1983333,38.8491667
IATA,TGM,46.46770095825195,24.412500381469727
IATA,TGN,-38.207199,146.470001
IATA,TGO,43.556702,122.199997
IATA,TGP,61.589699,89.994003
IATA,TGQ,-14.661999702500001,-57.4435005188
IATA,TGR,33.06779861450195,6.088669776916504
IATA,TGT,-5.092360019683838,39.07120132446289
IATA,TGU,14.06089973449707,-87.21720123291016
IATA,TGZ,16.5636005402,-93.02249908450001
IATA,THE,-5.0599398613,-42.8235015869
IATA,THF,52.472999572753906,13.403900146484375
IATA,THG,-24.493900299072266,150.5760040283203
IATA,THL,20.483800888061523,99.9354019165039
IATA,THN,58.31809997558594,12.345000267028809
IATA,THO,66.21849822998047,-15.335599899291992
IATA,THQ,34.5593986511,105.86000061
IATA,THR,35.68920135498047,51.31340026855469
IATA,THS,17.238000869750977,99.81819915771484
IATA,THU,76.5311965942,-68.7032012939
IATA,THX,65.797203064,87.9353027344
IATA,THZ,14.875699996948242,5.265359878540039
IATA,TIA,41.4146995544,19.7206001282
IATA,TID,35.3410987854,1.46315002441
IATA,TIE,7.2024,35.415
IATA,TIF,21.483001,40.543442
IATA,TIH,-15.119600296020508,-148.2310028076172
IATA,TII,32.604198455799995,65.8657989502
IATA,TIJ,32.541099548339844,-116.97000122070312
IATA,TIK,35.414699554443,-97.386596679688
IATA,TIM,-4.528279781341553,136.88699340820312
IATA,TIN,27.7003993988,-8.167099952700001
IATA,TIP,32.6635017395,13.1590003967
IATA,TIQ,14.999199867248535,145.61900329589844
IATA,TIR,13.632499694800002,79.543296814
IATA,TIU,-44.302799224853516,171.22500610351562
IATA,TIV,42.404701232910156,18.72330093383789
IATA,TIW,47.26789856,-122.5780029
IATA,TIX,28.514799118042,-80.799201965332
IATA,TIY,18.570100784301758,-11.423500061035156
IATA,TIZ,-5.84499979019,142.947998047
IATA,TJA,-21.5557003021,-64.7013015747
IATA,TJB,1.0527,103.3931
IATA,TJG,-2.21655988693,115.435997009
IATA,TJH,35.51279830932617,134.78700256347656
IATA,TJI,15.9268,-85.938202
IATA,TJK,40.307430267333984,36.367408752441406
IATA,TJL,-20.754199981689,-51.684200286865
IATA,TJM,57.189601898199996,65.3243026733
IATA,TJQ,-2.74571990967,107.754997253
IATA,TJS,2.83583333333,117.373611111
IATA,TJU,37.98809814453125,69.80500030517578
IATA,TJV,10.722399711608887,79.10160064697266
IATA,TKA,62.320499420166,-150.09399414062
IATA,TKC,4.08919000626,9.360529899600001
IATA,TKD,4.896059989929199,-1.7747600078582764
IATA,TKF,39.319999694799996,-120.13999939
IATA,TKG,-5.240556,105.175556
IATA,TKH,15.277299881,100.29599762
IATA,TKJ,63.32949829,-142.9539948
IATA,TKK,7.461870193481445,151.84300231933594
IATA,TKN,27.83639907836914,128.88099670410156
IATA,TKP,-14.709500312805176,-145.24600219726562
IATA,TKQ,-4.8862,29.6709
IATA,TKS,34.132801,134.606995
IATA,TKT,16.895999908447266,99.25330352783203
IATA,TKU,60.514099121094,22.262800216675
IATA,TKV,-17.355300903320312,-138.44500732421875
IATA,TKX,-14.45580005645752,-145.02499389648438
IATA,TLA,65.2404022217,-166.339004517
IATA,TLC,19.3370990753,-99.56600189210002
IATA,TLD,-22.189199447599997,29.126899719199997
IATA,TLE,-23.383399963378906,43.72850036621094
IATA,TLH,30.396499633789062,-84.35030364990234
IATA,TLI,1.123428,120.793658
IATA,TLJ,62.894401550299996,-155.977005005
IATA,TLK,59.876389,111.044444
IATA,TLL,59.41329956049999,24.832799911499997
IATA,TLM,35.0167007446,-1.45000004768
IATA,TLN,43.0973014832,6.14602994919
IATA,TLQ,43.0308,89.0987
IATA,TLS,43.629101,1.36382
IATA,TLU,9.50945,-75.5854
IATA,TLV,32.01139831542969,34.88669967651367
IATA,TLX,-35.37779998779297,-71.60169982910156
IATA,TMA,31.4290008545,-83.4885025024
IATA,TMB,25.6478996277,-80.432800293
IATA,TMC,-9.40972,119.244003
IATA,TME,6.45108,-71.7603
IATA,TMF,2.211,73.1533
IATA,TMG,5.40257,118.65763
IATA,TMH,-6.099219799041748,140.29800415039062
IATA,TMI,27.315001,87.193298
IATA,TMJ,37.28670120239258,67.30999755859375
IATA,TML,9.55718994140625,-0.8632140159606934
IATA,TMM,-18.109500885009766,49.39250183105469
IATA,TMN,-2.485830068588257,175.97000122070312
IATA,TMO,7.24938,-61.52893
IATA,TMP,61.414100646973,23.604400634766
IATA,TMR,22.8115005493,5.45107984543
IATA,TMS,0.3781749904155731,6.7121500968933105
IATA,TMT,-1.489599943161,-56.396800994873
IATA,TMU,9.73852,-85.013802
IATA,TMW,-31.0839004517,150.847000122
IATA,TMX,29.2371006012,0.276033014059
IATA,TNA,36.857200622558594,117.21600341796875
IATA,TNC,65.56310272,-167.9219971
IATA,TND,21.788299560546875,-79.99720001220703
IATA,TNE,30.605100631699997,130.990997314
IATA,TNF,48.75189971923828,2.1061899662017822
IATA,TNG,35.726898193400004,-5.91689014435
IATA,TNH,42.2538888889,125.703333333
IATA,TNI,24.5623,80.854897
IATA,TNJ,0.922683000565,104.531997681
IATA,TNM,-62.1907997131,-58.9866981506
IATA,TNN,22.95039939880371,120.20600128173828
IATA,TNR,-18.7969,47.478802
IATA,TNT,25.861799240112,-80.897003173828
IATA,TNW,-1.059722,-77.583333
IATA,TNX,13.531900405883789,106.01499938964844
IATA,TOA,33.803398132324,-118.33999633789
IATA,TOB,31.861,23.907
IATA,TOC,34.59379959,-83.29579926
IATA,TOD,2.8181800842285156,104.16000366210938
IATA,TOE,33.939701080322266,8.110560417175293
IATA,TOF,56.380298614502,85.208297729492
IATA,TOG,59.052799224853516,-160.39700317382812
IATA,TOH,-13.3280000687,166.638000488
IATA,TOI,31.860399,-86.012101
IATA,TOJ,40.496700286865234,-3.4458699226379395
IATA,TOL,41.58679962,-83.80780029
IATA,TOM,16.730499267578125,-3.007580041885376
IATA,TOO,8.826109886169434,-82.95890045166016
IATA,TOP,39.068698883057,-95.622497558594
IATA,TOQ,-22.14109992980957,-70.06289672851562
IATA,TOS,69.68329620361328,18.918899536132812
IATA,TOT,5.865829944610596,-56.32749938964844
IATA,TOU,-20.790000915527344,165.25900268554688
IATA,TOW,-24.6863,-53.697498
IATA,TOY,36.64830017089844,137.18800354003906
IATA,TPA,27.975500106811523,-82.533203125
IATA,TPC,-0.12295600026845932,-76.33779907226562
IATA,TPE,25.0777,121.233002
IATA,TPF,27.915599822998,-82.44930267334
IATA,TPH,38.06019974,-117.086998
IATA,TPJ,27.3509,87.69525
IATA,TPL,31.15250015258789,-97.40779876708984
IATA,TPN,-0.7761110067367554,-75.52639770507812
IATA,TPP,-6.508739948272705,-76.37319946289062
IATA,TPQ,21.4195,-104.843002
IATA,TPS,37.9114,12.488
IATA,TQD,33.33810043335,43.597099304199
IATA,TQL,64.9308013916,77.81809997559999
IATA,TQQ,-5.7645702362061,123.91699981689
IATA,TQS,0.7459,-75.234
IATA,TRA,24.653900146499996,124.675003052
IATA,TRC,25.568300247199996,-103.411003113
IATA,TRD,63.4578018,10.9239998
IATA,TRE,56.49919891357422,-6.869170188903809
IATA,TRF,59.1866989136,10.258600235
IATA,TRG,-37.67190170288086,176.1959991455078
IATA,TRI,36.475201,-82.407401
IATA,TRK,3.326667,117.569444
IATA,TRM,33.62670135498,-116.16000366211
IATA,TRN,45.200802,7.64963
IATA,TRO,-31.8885993958,152.514007568
IATA,TRQ,-8.1552600860596,-70.783302307129
IATA,TRR,8.5385103225708,81.18190002441406
IATA,TRS,45.827499,13.4722
IATA,TRU,-8.08141040802002,-79.10880279541016
IATA,TRV,8.48211956024,76.9200973511
IATA,TRW,1.3816399574279785,173.14700317382812
IATA,TRZ,10.765399932861328,78.70970153808594
IATA,TSA,25.069400787353516,121.552001953125
IATA,TSB,-19.26189994812,17.732500076294
IATA,TSE,51.02220153808594,71.46690368652344
IATA,TSF,45.648399,12.1944
IATA,TSH,-6.43833,20.794701
IATA,TSJ,34.2849006653,129.330993652
IATA,TSL,22.0383,-98.806502
IATA,TSM,36.45819855,-105.6719971
IATA,TSN,39.124401092499994,117.346000671
IATA,TSR,45.809898376464844,21.337900161743164
IATA,TST,7.508739948272705,99.6166000366211
IATA,TSU,-1.4744399785995483,175.06399536132812
IATA,TSV,-19.252500534057617,146.76499938964844
IATA,TSX,-0.0929730013013,117.45300293
IATA,TSY,-7.346600055690001,108.246002197
IATA,TTA,28.448200225830078,-11.161299705505371
IATA,TTB,39.9188,9.68298
IATA,TTC,-25.564300537109375,-70.37590026855469
IATA,TTD,45.54940032959,-122.40100097656
IATA,TTE,0.831413984298706,127.38099670410156
IATA,TTG,-22.619600296,-63.7937011719
IATA,TTH,17.666000366210938,54.024600982666016
IATA,TTI,-17.0132999420166,-149.58700561523438
IATA,TTJ,35.5301017761,134.167007446
IATA,TTL,-16.966,177.368
IATA,TTN,40.27669906616211,-74.8134994506836
IATA,TTQ,10.42,-83.6095
IATA,TTR,-3.0447399616241,119.82199859619
IATA,TTT,22.7549991607666,121.10199737548828
IATA,TTU,35.594299316406,-5.320020198822
IATA,TUA,0.8095059990882874,-77.70809936523438
IATA,TUB,-23.365400314331055,-149.5240020751953
IATA,TUC,-26.8409,-65.104897
IATA,TUD,13.736800193786621,-13.65310001373291
IATA,TUF,47.4322013855,0.727605998516
IATA,TUG,17.6433676823,121.733150482
IATA,TUI,31.692188,38.731544
IATA,TUK,25.986400604248047,63.03020095825195
IATA,TUL,36.19839859008789,-95.88809967041016
IATA,TUM,-35.26279830932617,148.24099731445312
IATA,TUN,36.85100173950195,10.22719955444336
IATA,TUO,-38.73970031738281,176.08399963378906
IATA,TUP,34.26810073852539,-88.7698974609375
IATA,TUR,-3.7860100269318,-49.72029876709
IATA,TUS,32.1161003112793,-110.94100189208984
IATA,TUU,28.3654,36.6189
IATA,TUV,9.088994026184082,-62.094173431396484
IATA,TVA,-17.850083,44.920467
IATA,TVC,44.74140167236328,-85.58219909667969
IATA,TVF,48.06570053,-96.18499756
IATA,TVI,30.901599884033,-83.881301879883
IATA,TVL,38.89390182495117,-119.99500274658203
IATA,TVU,-16.6905994415,-179.876998901
IATA,TVY,14.103899955749512,98.20359802246094
IATA,TWB,-27.542801,151.916
IATA,TWF,42.4818,-114.487999
IATA,TWT,5.046991,119.742996
IATA,TWU,4.320159912109375,118.12799835205078
IATA,TWZ,-44.2350006104,170.117996216
IATA,TXF,-17.524499893188,-39.66849899292
IATA,TXG,24.18630027770996,120.65399932861328
IATA,TXK,33.45370101928711,-93.99099731445312
IATA,TXL,52.5597,13.2877
IATA,TXN,29.733299255371094,118.25599670410156
IATA,TYB,-29.451099395751953,142.05799865722656
IATA,TYF,60.1576004028,12.991299629199998
IATA,TYL,-4.5766401290894,-81.254096984863
IATA,TYM,24.169099807739258,-76.43910217285156
IATA,TYN,37.74689865112305,112.62799835205078
IATA,TYR,32.35409927368164,-95.40239715576172
IATA,TYS,35.81100082,-83.9940033
IATA,TZL,44.45869827270508,18.72480010986328
IATA,TZR,46.39310073852539,17.917499542236328
IATA,TZX,40.99509811401367,39.78969955444336
IATA,UAB,37.002101898199996,35.4258995056
IATA,UAH,-8.93611,-139.552002
IATA,UAI,-9.30331039428711,125.28700256347656
IATA,UAK,61.1604995728,-45.4259986877
IATA,UAM,13.584,144.929998
IATA,UAP,-9.35167,-140.078003
IATA,UAQ,-31.571501,-68.418198
IATA,UAR,32.5143055556,-1.98305555556
IATA,UAS,0.530583,37.534195
IATA,UBA,-19.764722824097,-47.966110229492
IATA,UBB,-9.949999809265137,142.18299865722656
IATA,UBJ,33.930000305200004,131.279006958
IATA,UBP,15.2512998581,104.870002747
IATA,UBT,-23.441099166870117,-45.075599670410156
IATA,UCB,41.129722,113.108056
IATA,UCK,50.678404,25.487165
IATA,UCT,63.566898345947266,53.8046989440918
IATA,UDD,33.748401641846,-116.27500152588
IATA,UDI,-18.883612,-48.225277
IATA,UDJ,48.634300231933594,22.263399124145508
IATA,UDR,24.617700576799997,73.89610290530001
IATA,UEL,-17.855499267578125,36.86909866333008
IATA,UEO,26.363500595092773,126.71399688720703
IATA,UET,30.251399993896484,66.93779754638672
IATA,UFA,54.557498931885,55.874401092529
IATA,UGA,48.85499954223633,103.47599792480469
IATA,UGC,41.58430099487305,60.641700744628906
IATA,UGN,42.422199249268,-87.867897033691
IATA,UGO,-7.60306978225708,15.027799606323242
IATA,UGU,-3.73956,137.031998
IATA,UHE,49.02939987182617,17.439699172973633
IATA,UIB,5.69076,-76.6412
IATA,UIH,13.955,109.042
IATA,UII,16.1131,-86.880302
IATA,UIK,58.13610076904297,102.56500244140625
IATA,UIN,39.94269943,-91.19460297
IATA,UIO,-0.129166666667,-78.3575
IATA,UIP,47.974998474121094,-4.167789936065674
IATA,UJE,8.92805957794,165.761993408
IATA,UKA,-4.29333,39.571098
IATA,UKB,34.6328010559082,135.2239990234375
IATA,UKG,70.011001586914,135.64500427246
IATA,UKI,39.125999450684,-123.20099639893
IATA,UKK,50.036598205566406,82.49420166015625
IATA,UKS,44.688999176,33.570999145500004
IATA,UKT,40.435199737549,-75.381896972656
IATA,UKX,56.8567008972168,105.7300033569336
IATA,ULA,-49.3068,-67.8026
IATA,ULB,-16.3297,168.3011
IATA,ULD,-28.3206005096,31.4165000916
IATA,ULG,48.9933013916,89.9225006104
IATA,ULH,26.48,38.1288888889
IATA,ULK,60.7206001282,114.825996399
IATA,ULN,47.843102,106.766998
IATA,ULO,50.066588,91.938273
IATA,ULP,-26.612199783325195,144.2530059814453
IATA,ULQ,4.08836,-76.2351
IATA,ULU,2.8055601119995117,32.27180099487305
IATA,ULV,54.26829910279999,48.226699829100006
IATA,ULY,54.4010009765625,48.80270004272461
IATA,ULZ,47.7093,96.5258
IATA,UMD,70.6804279261,-52.111630439799995
IATA,UME,63.791801452637,20.282800674438
IATA,UMR,-31.14419937133789,136.81700134277344
IATA,UMS,60.356998443604,134.43499755859
IATA,UMU,-23.7987003326416,-53.31380081176758
IATA,UNA,-15.355199813799999,-38.9990005493
IATA,UND,36.66510009765625,68.91079711914062
IATA,UNG,-6.1257100105285645,141.28199768066406
IATA,UNI,12.60013484954834,-61.41194534301758
IATA,UNK,63.88840103,-160.798996
IATA,UNN,9.777620315551758,98.58550262451172
IATA,UNT,60.74720001220703,-0.8538500070571899
IATA,UOL,1.1027,121.4141
IATA,UOS,35.205101013184,-85.898101806641
IATA,UOX,34.384300231934,-89.536796569824
IATA,UPB,23.032800674399997,-82.5793991089
IATA,UPG,-5.061629772186279,119.55400085449219
IATA,UPL,10.8922,-85.016197
IATA,UPN,19.396699905395508,-102.03900146484375
IATA,UPP,20.265300750732422,-155.86000061035156
IATA,URA,51.15079879760742,51.54309844970703
IATA,URC,43.907100677490234,87.47419738769531
IATA,URD,49.794166564941,11.133610725403
IATA,URE,58.22990036010742,22.50950050354004
IATA,URG,-29.7821998596,-57.0382003784
IATA,URJ,60.10329818725586,64.82669830322266
IATA,URO,49.38420104980469,1.1748000383377075
IATA,URS,51.7505989074707,36.29560089111328
IATA,URT,9.13259983063,99.135597229
IATA,URY,31.412413,37.278898
IATA,USA,35.387798,-80.709099
IATA,USH,-54.8433,-68.2958
IATA,USI,8.199999809265137,-59.78329849243164
IATA,USK,66.00469970703125,57.3671989440918
IATA,USM,9.547789573669998,100.06199646
IATA,USN,35.59349823,129.352005005
IATA,USQ,38.68149948120117,29.47170066833496
IATA,USR,64.550003051758,143.11500549316
IATA,USS,21.9704,-79.442703
IATA,UST,29.9592,-81.339798
IATA,USU,12.1215000153,120.099998474
IATA,UTA,-18.997499465942,32.627201080322
IATA,UTC,52.1273002625,5.27618980408
IATA,UTH,17.386400222800003,102.788002014
IATA,UTI,60.89640045166,26.938400268555
IATA,UTK,11.222,169.852005
IATA,UTM,34.680999755859,-90.346702575684
IATA,UTN,-28.39909935,21.260200500499998
IATA,UTO,65.99279785,-153.7039948
IATA,UTP,12.679900169372559,101.00499725341797
IATA,UTS,65.43729400630001,52.20033645629999
IATA,UTT,-31.546363184900002,28.6733551025
IATA,UTW,-31.92020034790039,26.882200241088867
IATA,UUA,54.63999938964844,52.801700592041016
IATA,UUD,51.80780029296875,107.43800354003906
IATA,UUK,70.33080291750001,-149.598007202
IATA,UUN,46.660301208496094,113.28500366210938
IATA,UUS,46.88869857788086,142.71800231933594
IATA,UVA,29.2112998962,-99.743598938
IATA,UVE,-20.640600204467773,166.572998046875
IATA,UVF,13.7332,-60.952599
IATA,UYL,12.053500175476074,24.956199645996094
IATA,UYN,38.35971,109.590927
IATA,UYU,-20.446300506599997,-66.8483963013
IATA,UZR,47.09115,81.66521
IATA,UZU,-29.7706,-57.9789
IATA,VAA,63.050701141357,21.762199401855
IATA,VAD,30.9678001404,-83.1930007935
IATA,VAF,44.9216,4.9699
IATA,VAG,-21.5900993347,-45.4733009338
IATA,VAI,-2.6926,141.3028
IATA,VAK,61.5409,-165.6005
IATA,VAL,-13.2965,-38.992401
IATA,VAM,3.47055555556,72.8358333333
IATA,VAN,38.46820068359375,43.332298278808594
IATA,VAO,-7.585559844970703,158.7310028076172
IATA,VAR,43.232101,27.8251
IATA,VAS,39.813801,36.9035
IATA,VAV,-18.58530044555664,-173.96200561523438
IATA,VAW,70.355400085449,31.044900894165
IATA,VBA,19.769199,94.0261
IATA,VBG,34.7373008728,-120.583999634
IATA,VBP,11.1494,98.735901
IATA,VBS,45.428902,10.3306
IATA,VBV,-17.268999099731445,-178.9759979248047
IATA,VBY,57.662799835205,18.346200942993
IATA,VCA,10.085100174,105.711997986
IATA,VCD,-16.402124404907227,131.00497436523438
IATA,VCE,45.505299,12.3519
IATA,VCL,15.403300285299999,108.706001282
IATA,VCP,-23.0074005127,-47.1344985962
IATA,VCR,10.175602912902832,-70.06521606445312
IATA,VCS,8.73183,106.633003
IATA,VCT,28.85260009765625,-96.91850280761719
IATA,VCV,34.597499847399995,-117.383003235
IATA,VDA,29.94029998779297,34.93579864501953
IATA,VDB,61.015598297119,9.2880601882935
IATA,VDC,-14.8627996445,-40.8630981445
IATA,VDE,27.814800262451172,-17.887100219726562
IATA,VDH,17.515,106.590556
IATA,VDI,32.192699432373,-82.371200561523
IATA,VDM,-40.8692,-63.0004
IATA,VDP,9.22202777863,-65.9935836792
IATA,VDR,-31.9451999664,-65.1463012695
IATA,VDS,70.065299987793,29.844699859619
IATA,VDY,15.1749666667,76.6349472222
IATA,VDZ,61.13389969,-146.2480011
IATA,VEE,67.0086975098,-146.365997314
IATA,VEL,40.4408989,-109.5100021
IATA,VER,19.1459007263,-96.1873016357
IATA,VEY,63.42430114746094,-20.278900146484375
IATA,VFA,-18.09589958190918,25.839000701904297
IATA,VGA,16.530399322509766,80.79679870605469
IATA,VGD,59.282501220703125,39.944400787353516
IATA,VGO,42.2318000793457,-8.62677001953125
IATA,VGT,36.21070098877,-115.19400024414
IATA,VGZ,0.978767,-76.6056
IATA,VHC,-9.689069747924805,20.431900024414062
IATA,VHM,64.5791015625,16.833599090576172
IATA,VHV,63.458057403564,120.26916503906
IATA,VHY,46.169700622558594,3.4037399291992188
IATA,VHZ,-18.780000686645508,-138.85299682617188
IATA,VIC,45.573399,11.5295
IATA,VIE,48.110298156738,16.569700241089
IATA,VIG,8.624139,-71.672668
IATA,VII,18.7376003265,105.67099762
IATA,VIJ,18.446399688720703,-64.42749786376953
IATA,VIL,23.7183,-15.932
IATA,VIN,49.242531,28.613778
IATA,VIR,-29.770599365234375,31.058399200439453
IATA,VIS,36.3186988831,-119.392997742
IATA,VIT,42.8828010559082,-2.7244699001312256
IATA,VIX,-20.258057,-40.286388
IATA,VIY,48.7741667,2.1916667
IATA,VKG,9.95802997234,105.132379532
IATA,VKO,55.5914993286,37.2615013123
IATA,VKT,67.48860168457031,63.993099212646484
IATA,VLC,39.4893,-0.481625
IATA,VLD,30.782499313354492,-83.27670288085938
IATA,VLG,-37.2354,-57.0292
IATA,VLI,-17.699300765991,168.32000732422
IATA,VLK,47.682098388671875,42.07279968261719
IATA,VLL,41.7061004639,-4.85194015503
IATA,VLM,-21.255199432399998,-63.4056015015
IATA,VLN,10.14973258972168,-67.92839813232422
IATA,VLP,-9.979443550109863,-51.1422233581543
IATA,VLR,-28.596399307250977,-70.75599670410156
IATA,VLS,-16.796100616500002,168.177001953
IATA,VLU,56.381099700927734,30.60810089111328
IATA,VLV,9.34047794342041,-70.58406066894531
IATA,VLY,53.2481002808,-4.53533983231
IATA,VME,-33.7299003601,-65.3873977661
IATA,VMU,-7.49686002731,144.819900513
IATA,VNA,15.709439207700001,106.410698891
IATA,VNC,27.071599960327,-82.440299987793
IATA,VNE,47.72330093383789,-2.718559980392456
IATA,VNO,54.634102,25.285801
IATA,VNS,25.4524002075,82.8592987061
IATA,VNT,57.35779953,21.5442008972
IATA,VNX,-22.018400192260742,35.31330108642578
IATA,VNY,34.209800720215,-118.48999786377
IATA,VOD,50.216599,14.3958
IATA,VOG,48.782501220703125,44.34550094604492
IATA,VOH,-13.375800132751465,50.00279998779297
IATA,VOK,43.938999176025,-90.253402709961
IATA,VOL,39.219600677490234,22.794300079345703
IATA,VOZ,51.81420135498047,39.22959899902344
IATA,VPE,-17.0435009003,15.683799743700002
IATA,VPN,65.72059631347656,-14.850600242614746
IATA,VPS,30.4832,-86.525398
IATA,VPY,-19.15130043029785,33.42900085449219
IATA,VPZ,41.45399857,-87.00710297
IATA,VQQ,30.2187004089,-81.876701355
IATA,VQS,18.115800857500002,-65.4226989746
IATA,VRA,23.034400939941406,-81.435302734375
IATA,VRB,27.6556,-80.417901
IATA,VRC,13.576399803161621,124.20600128173828
IATA,VRE,-31.641000747680664,18.5447998046875
IATA,VRK,62.171100616455,27.868600845337
IATA,VRL,41.2743,-7.72047
IATA,VRN,45.395699,10.8885
IATA,VRO,23.1240005493,-81.3015975952
IATA,VRU,-26.9824008942,24.7287998199
IATA,VRY,67.654555,12.727257
IATA,VSA,17.996999740600586,-92.81739807128906
IATA,VSE,40.725498,-7.88899
IATA,VSG,48.4174003601,39.3740997314
IATA,VST,59.58940124511719,16.63360023498535
IATA,VTB,55.126499176025,30.349599838257
IATA,VTE,17.988300323500003,102.56300354
IATA,VTM,31.208299636799996,35.012298584
IATA,VTN,42.85779953,-100.5479965
IATA,VTU,20.987600326538086,-76.93579864501953
IATA,VTZ,17.721200943,83.2245025635
IATA,VUP,10.435,-73.2495
IATA,VUS,60.788299560546875,46.2599983215332
IATA,VVC,4.16787,-73.6138
IATA,VVI,-17.6448,-63.135399
IATA,VVO,43.39899826049805,132.1479949951172
IATA,VVZ,26.7234992981,8.62265014648
IATA,VXC,-13.274,35.2663
IATA,VXE,16.833200454711914,-25.055299758911133
IATA,VXO,56.929100036621094,14.727999687194824
IATA,VYI,63.75666809082,121.69333648682
IATA,VYS,41.351898,-89.153099
IATA,WAA,65.622593,-168.095
IATA,WAE,20.504299163800003,45.199600219699995
IATA,WAF,32.3046989440918,69.57039642333984
IATA,WAG,-39.96220016479492,175.02499389648438
IATA,WAI,-14.898799896240234,47.993900299072266
IATA,WAL,37.9402008057,-75.4664001465
IATA,WAM,-17.795378,48.442583
IATA,WAQ,-18.701273,44.614921
IATA,WAR,-3.235,140.994
IATA,WAT,52.187198638916016,-7.0869598388671875
IATA,WAW,52.1656990051,20.967100143399996
IATA,WBG,54.459301,9.51633
IATA,WBM,-5.6433000564575195,143.89500427246094
IATA,WBQ,66.362197876,-147.406997681
IATA,WBU,40.0393981934,-105.225997925
IATA,WBW,41.2971992493,-75.8511962891
IATA,WCH,-42.93280029296875,-72.6990966796875
IATA,WDH,-22.4799,17.4709
IATA,WDR,33.98289871,-83.66739655
IATA,WDS,32.591667,110.907778
IATA,WEF,36.646702,119.119003
IATA,WEH,37.18709945678711,122.22899627685547
IATA,WEI,-12.6786003113,141.925003052
IATA,WFI,-21.441600799560547,47.111698150634766
IATA,WFK,47.2854995728,-68.31279754639999
IATA,WGA,-35.1652984619,147.466003418
IATA,WGE,-30.032800674438477,148.12600708007812
IATA,WGN,26.802,110.642
IATA,WGP,-9.66922,120.302002
IATA,WGT,-36.41579818725586,146.3070068359375
IATA,WHF,21.802698135375977,31.521577835083008
IATA,WHK,-37.92060089111328,176.91400146484375
IATA,WHP,34.2593002319,-118.413002014
IATA,WHU,31.3906,118.408997
IATA,WIC,58.458900451660156,-3.09306001663208
IATA,WIE,50.049800872802734,8.325400352478027
IATA,WIK,-36.80889892578125,175.08599853515625
IATA,WIL,-1.321720004081726,36.81480026245117
IATA,WIN,-22.36359977722168,143.08599853515625
IATA,WIO,-31.526399612426758,143.375
IATA,WIR,-39.006900787353516,177.40699768066406
IATA,WJF,34.74110031,-118.2190018
IATA,WJR,1.73324,40.091599
IATA,WJU,37.441201,127.963858
IATA,WKA,-44.722198486328,169.24600219727
IATA,WKB,-36.32109832763672,142.41900634765625
IATA,WKF,-25.829999923699997,28.222499847399998
IATA,WKI,-18.362967,26.519791
IATA,WKJ,45.4042015076,141.800994873
IATA,WKK,59.2826004028,-158.617996216
IATA,WKL,19.9205,-155.8607
IATA,WKR,27.266700744628906,-78.39969635009766
IATA,WLD,37.168598175,-97.0375976562
IATA,WLG,-41.3272018433,174.804992676
IATA,WLH,-15.411999702500001,167.690994263
IATA,WLK,66.60009766,-159.9859924
IATA,WLS,-13.2383003235,-176.199005127
IATA,WMA,-15.833049,48.833284
IATA,WMB,-38.2952995300293,142.44700622558594
IATA,WMC,40.8965988159,-117.805999756
IATA,WME,-27.286399841308594,120.55500030517578
IATA,WMH,36.3689002991,-92.47049713130001
IATA,WMI,52.451099,20.6518
IATA,WMN,-15.436699867248535,49.68830108642578
IATA,WMO,64.689201355,-163.412994385
IATA,WMP,-16.0722693402,47.644164562200004
IATA,WMR,-16.16390037536621,49.773799896240234
IATA,WMT,27.81638,106.33268
IATA,WMX,-4.10251,138.957001
IATA,WNA,60.69029998779297,-161.97900390625
IATA,WNN,52.89390182495117,-89.28919982910156
IATA,WNP,13.58489990234375,123.2699966430664
IATA,WNR,-25.41309928894043,142.66700744628906
IATA,WNS,26.2194,68.390099
IATA,WNZ,27.912201,120.851997
IATA,WOE,51.4491,4.34203
IATA,WOL,-34.561100006103516,150.78900146484375
IATA,WOS,39.166801,127.486
IATA,WOT,23.367372512817383,119.50277709960938
IATA,WPB,-15.584286,47.623587
IATA,WPC,49.520599365200006,-113.997001648
IATA,WPR,-53.253700256347656,-70.31919860839844
IATA,WPU,-54.93109893798828,-67.62629699707031
IATA,WRB,32.6400985718,-83.5919036865
IATA,WRE,-35.7682991027832,174.36500549316406
IATA,WRG,56.48429871,-132.3699951
IATA,WRI,40.0155983,-74.59169769
IATA,WRL,43.9656982421875,-107.95099639892578
IATA,WRO,51.1026992798,16.885799408
IATA,WRT,53.745098,-2.88306
IATA,WRY,59.3502998352,-2.95000004768
IATA,WRZ,6.25448989868,81.23519897460001
IATA,WSD,32.34149933,-106.4029999
IATA,WSN,58.7033996582,-157.007995605
IATA,WSO,5.215277,-57.185302
IATA,WSP,14.7391996383667,-83.96939849853516
IATA,WSR,-2.721,134.5061
IATA,WST,41.3496017456,-71.8033981323
IATA,WSY,-20.27611,148.755
IATA,WSZ,-41.73809814453125,171.58099365234375
IATA,WTA,-17.47610092163086,43.972801208496094
IATA,WTB,-27.558332,151.793335
IATA,WTK,67.56610107421875,-162.97500610351562
IATA,WTN,53.1661987305,-0.523810982704
IATA,WTS,-18.759677,46.054065
IATA,WTZ,-36.83169937133789,175.6790008544922
IATA,WUA,39.7934,106.7993
IATA,WUH,30.7838,114.208
IATA,WUN,-26.629199981689453,120.22100067138672
IATA,WUS,27.7019,118.000999
IATA,WUT,38.597456,112.969173
IATA,WUU,7.7258300781199996,27.9750003815
IATA,WUX,31.494400024399997,120.429000854
IATA,WUZ,23.456699,111.248001
IATA,WVB,-22.9799,14.6453
IATA,WVI,36.9356994629,-121.790000916
IATA,WVK,-22.119699478149414,48.02170181274414
IATA,WVN,53.502220153808594,8.05222225189209
IATA,WWA,61.5717010498,-149.539993286
IATA,WWD,39.008499145500004,-74.9083023071
IATA,WWK,-3.58383011818,143.669006348
IATA,WWR,36.438,-99.5226667
IATA,WWY,-33.9371986389,147.190994263
IATA,WXN,30.8017,108.433
IATA,WYA,-33.05889892578125,137.51400756835938
IATA,WYE,8.610469818115234,-11.04539966583252
IATA,WYN,-15.51140022277832,128.1529998779297
IATA,WYS,44.68840027,-111.1179962
IATA,XAB,50.143501,1.831891
IATA,XAP,-27.134199142456,-52.656600952148
IATA,XAU,3.61361,-53.204201
IATA,XBE,53.965599060058594,-91.0271987915039
IATA,XBJ,32.898101806640625,59.2661018371582
IATA,XCH,-10.450599670410156,105.69000244140625
IATA,XCR,48.7733333333,4.206111111
IATA,XCZ,49.78390121459961,4.647079944610596
IATA,XEN,40.580299377399996,120.697998047
IATA,XFN,32.1506,112.291
IATA,XFW,53.5352783203125,9.835556030273438
IATA,XGN,-16.755399703979492,14.965299606323242
IATA,XGR,58.71139907836914,-65.9927978515625
IATA,XIC,27.989099502563477,102.18399810791016
IATA,XIJ,28.9347991943,47.791900634799994
IATA,XIL,43.91559982299805,115.96399688720703
IATA,XIQ,69.0809150007,-51.1143153906
IATA,XIY,34.447102,108.751999
IATA,XJD,25.1173000336,51.3149986267
IATA,XJM,33.05009841918945,73.63839721679688
IATA,XKH,19.450001,103.157997
IATA,XKS,53.52470016479492,-88.6427993774414
IATA,XLB,58.6175003052,-101.46900177
IATA,XLS,16.050800323486328,-16.463199615478516
IATA,XMC,-37.59830093383789,149.72000122070312
IATA,XME,50.31050109863281,4.033120155334473
IATA,XMH,-14.436800003051758,-146.07000732421875
IATA,XMN,24.54400062561035,118.12799835205078
IATA,XMS,-2.2991700172424316,-78.12079620361328
IATA,XMW,44.025699615478516,1.3780399560928345
IATA,XMY,-9.90110969543457,142.7760009765625
IATA,XNA,36.281898,-94.306801
IATA,XNN,36.5275,102.042999
IATA,XOG,44.140499114990234,4.866720199584961
IATA,XPK,55.7491989136,-101.26599884
IATA,XPL,14.3824,-87.621201
IATA,XPP,52.9965258788,-97.2741937637
IATA,XQC,33.940200805699995,44.361598968500005
IATA,XQP,9.443160057067871,-84.12979888916016
IATA,XRH,-33.600601,150.781006
IATA,XRR,61.9706001282,-132.42300415
IATA,XRY,36.744598388671875,-6.060110092163086
IATA,XSB,24.283611,52.580278
IATA,XSC,21.515699386599998,-71.528503418
IATA,XSD,37.7988014221,-116.78099823
IATA,XSI,56.7928009033,-98.9072036743
IATA,XSP,1.416949987411499,103.86799621582031
IATA,XTG,-27.986400604248047,143.81100463867188
IATA,XTL,58.7061,-98.512199
IATA,XTO,-25.801700592041016,149.89999389648438
IATA,XUZ,34.059056,117.555278
IATA,XVS,50.325801849365234,3.4612600803375244
IATA,XXN,24.709800720214844,46.72520065307617
IATA,XYA,-9.092816,159.21841
IATA,XYE,15.300000190734863,97.86699676513672
IATA,YAA,52.45249938964844,-125.3030014038086
IATA,YAB,73.0058922479,-85.0325489044
IATA,YAC,51.72719955444336,-91.82440185546875
IATA,YAG,48.65420150756836,-93.439697265625
IATA,YAH,53.754699707,-73.6753005981
IATA,YAI,-36.58250045776367,-72.03140258789062
IATA,YAK,59.5032997131,-139.660003662
IATA,YAL,50.58219909667969,-126.91600036621094
IATA,YAM,46.48500061035156,-84.5093994140625
IATA,YAO,3.8360400199890137,11.523500442504883
IATA,YAP,9.49891,138.082993
IATA,YAS,-16.758899688720703,177.5449981689453
IATA,YAT,52.9275016784668,-82.43190002441406
IATA,YAX,53.84920120239258,-89.57939910888672
IATA,YAY,51.3918991089,-56.083099365200006
IATA,YAZ,49.079833,-125.775583
IATA,YBA,51.207340469900004,-115.541861057
IATA,YBB,68.534401,-89.808098
IATA,YBC,49.13249969482422,-68.20439910888672
IATA,YBE,59.5614013671875,-108.48100280761719
IATA,YBG,48.33060073852539,-70.99639892578125
IATA,YBI,53.4693984985,-55.784999847399995
IATA,YBK,64.29889678960001,-96.077796936
IATA,YBL,49.950801849365234,-125.27100372314453
IATA,YBO,56.9667015076,-130.25
IATA,YBP,28.8005555556,104.545
IATA,YBR,49.91,-99.951897
IATA,YBS,52.6067008972,-90.3768997192
IATA,YBT,57.8894,-101.679001
IATA,YBV,52.358898,-97.018303
IATA,YBW,48.75,-123.233001709
IATA,YBX,51.443599700899995,-57.185298919699996
IATA,YBY,54.304199,-110.744003
IATA,YCB,69.1081008911,-105.138000488
IATA,YCC,45.09280014038086,-74.56330108642578
IATA,YCD,49.054970224899996,-123.869862556
IATA,YCE,43.285599,-81.508301
IATA,YCG,49.2963981628,-117.632003784
IATA,YCH,47.007801,-65.449203
IATA,YCK,67.0392,-126.08
IATA,YCL,47.990799,-66.330299
IATA,YCM,43.19169998168945,-79.17169952392578
IATA,YCN,49.10559844970703,-81.01360321044922
IATA,YCO,67.816704,-115.143997
IATA,YCQ,55.687198638916016,-121.62699890136719
IATA,YCR,54.610599517822266,-97.76080322265625
IATA,YCS,63.346900939899996,-90.73110198970001
IATA,YCT,52.0750007629,-111.444999695
IATA,YCU,35.116391,111.031388889
IATA,YCW,49.1528015137,-121.939002991
IATA,YCY,70.4860992432,-68.5167007446
IATA,YDA,64.04309844970703,-139.1280059814453
IATA,YDB,61.37110137939453,-139.04100036621094
IATA,YDF,49.21080017089844,-57.39139938354492
IATA,YDG,44.5458450365,-65.7854247093
IATA,YDL,58.4221992493,-130.031997681
IATA,YDN,51.100799560546875,-100.052001953125
IATA,YDO,48.778499603271,-72.375
IATA,YDP,56.549198150634766,-61.680301666259766
IATA,YDQ,55.7422981262207,-120.18299865722656
IATA,YDT,49.0742,-123.012001
IATA,YEC,36.630373,128.34971
IATA,YEG,53.309700012200004,-113.580001831
IATA,YEI,40.2551994324,29.5625991821
IATA,YEK,61.0942001343,-94.07080078119999
IATA,YEL,46.351398468,-82.5614013672
IATA,YEM,45.84280014038086,-81.85810089111328
IATA,YEN,49.2103004456,-102.966003418
IATA,YEO,51.0093994140625,-2.638819932937622
IATA,YER,56.01890182495117,-87.67610168457031
IATA,YES,30.700500488281,51.545101165771
IATA,YET,53.578899383499994,-116.464996338
IATA,YEU,79.9946975708,-85.814201355
IATA,YEV,68.30419921880001,-133.483001709
IATA,YEY,48.563903,-78.249702
IATA,YFA,52.20140075683594,-81.6968994140625
IATA,YFB,63.756402,-68.555801
IATA,YFC,45.868900299072266,-66.53720092773438
IATA,YFE,48.74610137939453,-69.09719848632812
IATA,YFH,51.5619010925293,-87.90779876708984
IATA,YFJ,64.190804,-114.077002
IATA,YFO,54.6781005859375,-101.68199920654297
IATA,YFR,61.1808013916,-113.690002441
IATA,YFS,61.76020050048828,-121.23699951171875
IATA,YFX,52.372798919677734,-55.67390060424805
IATA,YGB,49.69419860839844,-124.51799774169922
IATA,YGG,48.8545,-123.4969
IATA,YGH,66.24079895019531,-128.6510009765625
IATA,YGJ,35.4921989440918,133.23599243164062
IATA,YGK,44.22529983520508,-76.5969009399414
IATA,YGL,53.625301361083984,-77.7042007446289
IATA,YGM,50.62810134887695,-97.04329681396484
IATA,YGO,54.55889892578125,-94.49140167236328
IATA,YGP,48.7752990723,-64.4785995483
IATA,YGQ,49.77830123901367,-86.93939971923828
IATA,YGR,47.42470169067383,-61.778099060058594
IATA,YGT,69.3647003174,-81.8161010742
IATA,YGV,50.281898498535156,-63.61140060424805
IATA,YGW,55.281898498535156,-77.76529693603516
IATA,YGX,56.35749816894531,-94.71060180664062
IATA,YGZ,76.4261016846,-82.90920257570001
IATA,YHA,52.528099060058594,-56.28609848022461
IATA,YHB,52.8166999817,-102.310997009
IATA,YHD,49.831699,-92.744202
IATA,YHE,49.3683013916,-121.498001099
IATA,YHF,49.71419906616211,-83.68609619140625
IATA,YHI,70.76280212402344,-117.80599975585938
IATA,YHK,68.635597229,-95.84970092770001
IATA,YHM,43.173599243199995,-79.93499755859999
IATA,YHN,49.19309997558594,-84.75890350341797
IATA,YHO,55.448299407958984,-60.228599548339844
IATA,YHP,52.1133,-94.2556
IATA,YHR,50.46889877319336,-59.63669967651367
IATA,YHT,60.78919982910156,-137.54600524902344
IATA,YHU,45.5175018311,-73.4169006348
IATA,YHY,60.8396987915,-115.782997131
IATA,YHZ,44.8807983398,-63.5085983276
IATA,YIB,48.7738990784,-91.6386032104
IATA,YIC,27.8025,114.3062
IATA,YIE,47.3106,119.9117
IATA,YIF,51.2117004395,-58.6582984924
IATA,YIH,30.55655,111.479988
IATA,YIK,62.417301177978516,-77.92530059814453
IATA,YIN,43.955799,81.330299
IATA,YIO,72.6832962036,-77.9666976929
IATA,YIP,42.23789978,-83.53040314
IATA,YIV,53.857200622558594,-94.65360260009766
IATA,YIW,29.3446998596,120.031997681
IATA,YJF,60.235801696799996,-123.46900177
IATA,YJN,45.29439926147461,-73.28109741210938
IATA,YJP,53.3191986084,-117.752998352
IATA,YJT,48.5442008972168,-58.54999923706055
IATA,YKA,50.7022018433,-120.444000244
IATA,YKF,43.460800170899994,-80.3786010742
IATA,YKG,60.027198791503906,-69.99919891357422
IATA,YKH,40.542524,122.3586
IATA,YKJ,57.256099700927734,-105.61799621582031
IATA,YKL,54.805301666259766,-66.8052978515625
IATA,YKM,46.56819916,-120.5439987
IATA,YKN,42.916698455811,-97.385902404785
IATA,YKO,37.5497,44.2381
IATA,YKQ,51.47330093383789,-78.75830078125
IATA,YKS,62.093299865722656,129.77099609375
IATA,YKU,53.805599212646484,-78.91690063476562
IATA,YKX,48.21030044555664,-79.98139953613281
IATA,YKY,51.5175018311,-109.180999756
IATA,YKZ,43.86220169067383,-79.37000274658203
IATA,YLC,62.8499984741,-69.88330078119999
IATA,YLD,47.81999969482422,-83.3467025756836
IATA,YLE,63.13169860839844,-117.24600219726562
IATA,YLH,52.19559860229492,-87.93419647216797
IATA,YLI,64.0547222,24.7252778
IATA,YLJ,54.125301361083984,-108.52300262451172
IATA,YLK,44.4852981567,-79.55560302730001
IATA,YLL,53.309200286865234,-110.072998046875
IATA,YLR,56.513301849365234,-99.98529815673828
IATA,YLT,82.51779937740001,-62.2806015015
IATA,YLW,49.9561004639,-119.377998352
IATA,YLY,49.10079956049999,-122.630996704
IATA,YMA,63.61640167236328,-135.8679962158203
IATA,YME,48.85689926147461,-67.45330047607422
IATA,YMG,49.083900451660156,-85.86060333251953
IATA,YMH,52.302799224853516,-55.847198486328125
IATA,YMJ,50.330299377441406,-105.55899810791016
IATA,YML,47.59749984741211,-70.2238998413086
IATA,YMM,56.653301239,-111.222000122
IATA,YMN,55.076900482177734,-59.1864013671875
IATA,YMO,51.291099548339844,-80.60780334472656
IATA,YMS,-5.893770217895508,-76.11820220947266
IATA,YMT,49.77190017700195,-74.5280990600586
IATA,YMW,46.2728004456,-75.9906005859
IATA,YMX,45.679501,-74.038696
IATA,YNA,50.189998626708984,-61.78919982910156
IATA,YNB,24.144199,38.0634
IATA,YNC,53.01060104370117,-78.83110046386719
IATA,YND,45.521701812699995,-75.5635986328
IATA,YNE,53.95830154418945,-97.84420013427734
IATA,YNG,41.26070023,-80.67910004
IATA,YNJ,42.8828010559,129.451004028
IATA,YNL,58.27669906616211,-104.08200073242188
IATA,YNM,49.76169967651367,-77.80280303955078
IATA,YNO,52.4900016784668,-92.97109985351562
IATA,YNP,55.913898,-61.184399
IATA,YNS,51.69110107421875,-76.1355972290039
IATA,YNT,37.40169906616211,121.37200164794922
IATA,YNY,38.061298,128.669006
IATA,YNZ,33.425833,120.203056
IATA,YOA,64.6988983154,-110.614997864
IATA,YOC,67.57060241699219,-139.83900451660156
IATA,YOD,54.404998779296875,-110.27899932861328
IATA,YOG,51.6585998535,-85.9017028809
IATA,YOH,54.93330001831055,-95.27890014648438
IATA,YOJ,58.62139892578125,-117.16500091552734
IATA,YOL,9.257550239562988,12.430399894714355
IATA,YOO,43.922798,-78.894997
IATA,YOP,58.49140167236328,-119.40799713134766
IATA,YOS,44.5903015137,-80.8375015259
IATA,YOW,45.3224983215332,-75.66919708251953
IATA,YPA,53.214199066199996,-105.672996521
IATA,YPC,69.3608381154,-124.075469971
IATA,YPD,45.2575,-79.829697
IATA,YPE,56.226898,-117.446999
IATA,YPG,49.903099,-98.273817
IATA,YPH,58.471900939941406,-78.07689666748047
IATA,YPJ,59.29669952392578,-69.59970092773438
IATA,YPL,51.4463996887207,-90.21420288085938
IATA,YPM,51.819698333740234,-93.97329711914062
IATA,YPN,49.83639907836914,-64.2885971069336
IATA,YPO,54.98809814453125,-85.44329833984375
IATA,YPQ,44.22999954223633,-78.36329650878906
IATA,YPR,54.286098480199996,-130.445007324
IATA,YPS,45.6567001343,-61.3680992126
IATA,YPW,49.83420181274414,-124.5
IATA,YPX,60.05059814453125,-77.28690338134766
IATA,YPY,58.7672004699707,-111.11699676513672
IATA,YQA,44.974700927734375,-79.30329895019531
IATA,YQB,46.7911,-71.393303
IATA,YQC,61.0463981628418,-69.6177978515625
IATA,YQD,53.97140121459961,-101.09100341796875
IATA,YQF,52.18220138549805,-113.89399719238281
IATA,YQG,42.27560043334961,-82.95559692382812
IATA,YQH,60.11640167236328,-128.82200622558594
IATA,YQI,43.826900482177734,-66.08809661865234
IATA,YQK,49.788299560546875,-94.36309814453125
IATA,YQL,49.6302986145,-112.800003052
IATA,YQM,46.11220169067383,-64.67859649658203
IATA,YQN,50.18280029296875,-86.69640350341797
IATA,YQQ,49.71080017089844,-124.88700103759766
IATA,YQR,50.43190002441406,-104.66600036621094
IATA,YQS,42.77000045776367,-81.11080169677734
IATA,YQT,48.37189865112305,-89.32389831542969
IATA,YQU,55.1796989441,-118.885002136
IATA,YQV,51.26470184326172,-102.46199798583984
IATA,YQW,52.76919937133789,-108.24400329589844
IATA,YQX,48.9369010925293,-54.56809997558594
IATA,YQY,46.1614,-60.047798
IATA,YQZ,53.026100158691406,-122.51000213623047
IATA,YRA,64.11609649658203,-117.30999755859375
IATA,YRB,74.7169036865,-94.9693984985
IATA,YRF,53.68280029296875,-57.041900634765625
IATA,YRG,54.1796989440918,-58.45750045776367
IATA,YRI,47.764400482177734,-69.58470153808594
IATA,YRJ,48.52000045776367,-72.2656021118164
IATA,YRL,51.066898345947266,-93.79309844970703
IATA,YRM,52.4296989441,-114.903999329
IATA,YRO,45.4603004456,-75.64610290530001
IATA,YRQ,46.35279846191406,-72.67939758300781
IATA,YRS,54.167198181152344,-93.55719757080078
IATA,YRT,62.8114013672,-92.1157989502
IATA,YRV,50.9667015076,-118.182998657
IATA,YSB,46.625,-80.79889678955078
IATA,YSC,45.4385986328125,-71.69139862060547
IATA,YSD,50.266700744628906,-111.18299865722656
IATA,YSE,49.7817001343,-123.162002563
IATA,YSF,59.250301361083984,-105.84100341796875
IATA,YSG,62.418303,-110.681998
IATA,YSH,44.94580078125,-75.94059753417969
IATA,YSJ,45.31610107421875,-65.89029693603516
IATA,YSK,56.5377998352,-79.2466964722
IATA,YSL,47.157501220703125,-67.83470153808594
IATA,YSM,60.020301818847656,-111.96199798583984
IATA,YSN,50.682802,-119.228996
IATA,YSO,54.9105,-59.78507
IATA,YSP,48.75529861450195,-86.34439849853516
IATA,YSQ,44.938114,124.550178
IATA,YSR,72.982201,-84.613602
IATA,YST,53.84560012817383,-94.85189819335938
IATA,YSU,46.44060134887695,-63.83359909057617
IATA,YSY,71.9938964844,-125.242996216
IATA,YTA,45.86439895629883,-77.25170135498047
IATA,YTD,55.31890106201172,-97.70780181884766
IATA,YTE,64.2300033569,-76.5267028809
IATA,YTF,48.50889968869999,-71.64189910889999
IATA,YTH,55.80110168457031,-97.86419677734375
IATA,YTL,53.81779861450195,-89.89689636230469
IATA,YTM,46.409400939899996,-74.7799987793
IATA,YTQ,58.66780090332031,-69.95580291748047
IATA,YTR,44.118900299072266,-77.5280990600586
IATA,YTS,48.569698333699996,-81.376701355
IATA,YTY,32.5634,119.7198
IATA,YTZ,43.627499,-79.396202
IATA,YUA,25.737499237061,101.88200378418
IATA,YUB,69.43329620361328,-133.0260009765625
IATA,YUD,56.53609848022461,-76.51830291748047
IATA,YUE,-22.254199981689453,131.78199768066406
IATA,YUL,45.4706001282,-73.7407989502
IATA,YUM,32.65660095,-114.6060028
IATA,YUS,32.836388888900004,97.0363888889
IATA,YUT,66.5214004517,-86.22470092770001
IATA,YUX,68.77610015869999,-81.2425
IATA,YUY,48.20610046386719,-78.83560180664062
IATA,YVA,-11.710800170899999,43.2439002991
IATA,YVB,48.07109832763672,-65.46029663085938
IATA,YVC,55.151401519800004,-105.262001038
IATA,YVE,50.24810028076172,-119.33100128173828
IATA,YVG,53.355800628699996,-110.823997498
IATA,YVM,67.5457992554,-64.03140258789999
IATA,YVO,48.0532989502,-77.7827987671
IATA,YVP,58.096099853515625,-68.4269027709961
IATA,YVQ,65.28160095214844,-126.7979965209961
IATA,YVR,49.193901062,-123.183998108
IATA,YVT,55.8418998718,-108.417999268
IATA,YVV,44.7458,-81.107201
IATA,YVZ,52.655799865722656,-94.0614013671875
IATA,YWA,45.95220184326172,-77.31919860839844
IATA,YWB,61.5886001587,-71.929397583
IATA,YWG,49.909999847399995,-97.2398986816
IATA,YWH,48.4249858939,-123.388867378
IATA,YWJ,65.21109771728516,-123.43599700927734
IATA,YWK,52.92190170288086,-66.8644027709961
IATA,YWL,52.1831016541,-122.054000854
IATA,YWM,52.566898345947266,-55.784698486328125
IATA,YWP,52.9593933975,-87.3748683929
IATA,YWS,50.1436004639,-122.948997498
IATA,YWY,63.20940017700195,-123.43699645996094
IATA,YXC,49.610801696777,-115.78199768066
IATA,YXD,53.5724983215,-113.521003723
IATA,YXE,52.170799255371094,-106.69999694824219
IATA,YXH,50.01890182495117,-110.72100067138672
IATA,YXJ,56.23809814453125,-120.73999786376953
IATA,YXK,48.47809982299805,-68.49690246582031
IATA,YXL,50.11389923095703,-91.9052963256836
IATA,YXN,62.24000167849999,-92.59809875490001
IATA,YXP,66.1449966431,-65.71360015869999
IATA,YXQ,62.410301208496094,-140.86700439453125
IATA,YXR,47.697400654599996,-79.8473453522
IATA,YXS,53.8894004822,-122.679000854
IATA,YXT,54.468498,-128.576009
IATA,YXU,43.035599,-81.1539
IATA,YXX,49.025299072265625,-122.36100006103516
IATA,YXY,60.7095985413,-135.067001343
IATA,YXZ,47.96670150756836,-84.78669738769531
IATA,YYB,46.363602,-79.422798
IATA,YYC,51.113899231,-114.019996643
IATA,YYD,54.82469940185547,-127.18299865722656
IATA,YYE,58.8363990784,-122.597000122
IATA,YYF,49.46310043334961,-119.60199737548828
IATA,YYG,46.290000915527344,-63.12110137939453
IATA,YYH,69.5466995239,-93.5766983032
IATA,YYJ,48.646900177,-123.426002502
IATA,YYL,56.86389923095703,-101.07599639892578
IATA,YYN,50.291900634799994,-107.691001892
IATA,YYQ,58.739200592041016,-94.06500244140625
IATA,YYR,53.3191986084,-60.4258003235
IATA,YYT,47.618598938,-52.7518997192
IATA,YYU,49.41389846801758,-82.46749877929688
IATA,YYW,50.29029846191406,-88.90969848632812
IATA,YYY,48.60860061645508,-68.20809936523438
IATA,YYZ,43.6772003174,-79.63059997559999
IATA,YZD,43.74250030517578,-79.4655990600586
IATA,YZE,45.88529968261719,-82.56780242919922
IATA,YZF,62.462799072265625,-114.44000244140625
IATA,YZG,62.17940139770508,-75.66719818115234
IATA,YZH,55.2930984497,-114.777000427
IATA,YZP,53.25429916379999,-131.813995361
IATA,YZR,42.9994010925293,-82.30889892578125
IATA,YZS,64.1932983398,-83.3593978882
IATA,YZT,50.680599212646484,-127.36699676513672
IATA,YZU,54.14390182495117,-115.78700256347656
IATA,YZV,50.22330093383789,-66.2656021118164
IATA,YZW,60.17279815673828,-132.7429962158203
IATA,YZX,44.98440170288086,-64.91690063476562
IATA,YZY,38.8018989563,100.675003052
IATA,YZZ,49.0555992126,-117.60900116
IATA,ZAC,56.08940124511719,-96.08920288085938
IATA,ZAD,44.108299,15.3467
IATA,ZAG,45.7429008484,16.0687999725
IATA,ZAH,29.47570037841797,60.90620040893555
IATA,ZAJ,30.972222,61.865833
IATA,ZAL,-39.6500015259,-73.0860977173
IATA,ZAM,6.922420024871826,122.05999755859375
IATA,ZAO,44.35139846801758,1.4752800464630127
IATA,ZAR,11.1302,7.68581
IATA,ZAT,27.325599670410156,103.75499725341797
IATA,ZAZ,41.66619873046875,-1.0415500402450562
IATA,ZBF,47.629699707,-65.738899231
IATA,ZBM,45.2907981873,-72.74140167239999
IATA,ZBO,-20.018299102783203,148.21499633789062
IATA,ZBR,25.443300247199996,60.3820991516
IATA,ZBY,19.2436,101.7093
IATA,ZCL,22.8971004486,-102.68699646
IATA,ZCN,52.59120178222656,10.022100448608398
IATA,ZCO,-38.9259,-72.6515
IATA,ZEC,-26.52409935,29.170099258399997
IATA,ZEM,52.22639846801758,-78.52249908447266
IATA,ZER,27.588301,93.828102
IATA,ZFA,62.20750045776367,-133.37600708007812
IATA,ZFD,59.33440017700195,-107.18199920654297
IATA,ZFM,67.40750122070312,-134.86099243164062
IATA,ZFN,64.909697,-125.572998
IATA,ZGF,49.01559829711914,-118.43099975585938
IATA,ZGI,54.839698791503906,-94.07859802246094
IATA,ZGR,52.04560089111328,-95.4657974243164
IATA,ZGS,50.259701,-60.679401
IATA,ZGU,-14.218099594099998,167.587005615
IATA,ZHA,21.214399,110.358002
IATA,ZHI,47.181599,7.41719
IATA,ZHY,37.573125,105.154454
IATA,ZIA,55.553299,38.150002
IATA,ZIC,-38.245601654052734,-72.34860229492188
IATA,ZIG,12.5556,-16.281799
IATA,ZIH,17.601600647,-101.460998535
IATA,ZIN,46.6766014,7.8790798
IATA,ZIS,31.774878,12.25006
IATA,ZIX,66.7965011597,123.361000061
IATA,ZJG,54.51890182495117,-98.04609680175781
IATA,ZJI,46.160800933800004,8.87860965729
IATA,ZJN,52.120601654052734,-101.23600006103516
IATA,ZKB,-8.524999618530273,30.663000106811523
IATA,ZKE,52.282501220703125,-81.67780303955078
IATA,ZKG,50.1958007812,-61.265800476100004
IATA,ZKP,65.7485,150.8889
IATA,ZLO,19.144800186199998,-104.558998108
IATA,ZLT,50.8307991027832,-58.97560119628906
IATA,ZMG,52.073612,11.626389
IATA,ZMH,51.736099243199995,-121.333000183
IATA,ZMM,20.045,-102.276001
IATA,ZMT,54.02750015258789,-132.125
IATA,ZNA,49.1833000183,-123.949996948
IATA,ZND,13.779000282287598,8.983759880065918
IATA,ZNE,-23.417800903299998,119.803001404
IATA,ZNF,50.169201,8.96159
IATA,ZNZ,-6.22202,39.224899
IATA,ZOS,-40.61119842529297,-73.06099700927734
IATA,ZPB,53.8911018371582,-92.19640350341797
IATA,ZPC,-39.29280090332031,-71.91590118408203
IATA,ZPH,28.2282009125,-82.15589904790001
IATA,ZQL,47.97333145139999,8.52222156525
IATA,ZQN,-45.0210990906,168.738998413
IATA,ZQW,49.2094,7.40056
IATA,ZQZ,40.7386016846,114.930000305
IATA,ZRH,47.464699,8.54917
IATA,ZRJ,52.943599700927734,-91.31279754638672
IATA,ZSA,24.06329917907715,-74.52400207519531
IATA,ZSE,-21.320899963378906,55.42499923706055
IATA,ZSJ,53.06420135498047,-93.34439849853516
IATA,ZST,55.935410448,-129.982434511
IATA,ZSW,54.33330154418945,-130.2830047607422
IATA,ZTA,-20.78969955444336,-138.57000732421875
IATA,ZTB,50.674400329589844,-59.38359832763672
IATA,ZTH,37.7509,20.8843
IATA,ZTM,55.8656005859375,-92.0813980102539
IATA,ZTR,50.270556,28.738611
IATA,ZTU,41.562222,46.667221
IATA,ZUC,49.4296989440918,-91.7177963256836
IATA,ZUH,22.006399,113.375999
IATA,ZUM,53.5619010925293,-64.10639953613281
IATA,ZVA,-19.56279945373535,45.450801849365234
IATA,ZVK,16.55660057067871,104.76000213623047
IATA,ZWA,-14.651700019836426,49.620601654052734
IATA,ZWL,58.10689926147461,-103.1719970703125
IATA,ZXT,40.4955422161,49.9768066406
IATA,ZYI,27.5895,107.0007
IATA,ZYL,24.963199615478516,91.8667984008789
IATA,ZZU,-11.444700241088867,34.01179885864258
IATA,ZZV,39.9444007874,-81.89209747310001
ICAO,03N,11.222,169.852005
ICAO,07FA,25.325399398804,-80.274803161621
ICAO,07MT,48.42110061645508,-106.52799987792969
ICAO,0WI8,43.13890075683594,-88.47229766845703
ICAO,18AZ,33.81809997558594,-111.89800262451172
ICAO,1AZ0,33.111900329589844,-112.26899719238281
ICAO,20GA,33.756500244099996,-84.88469696039999
ICAO,24SC,33.93579864501953,-81.42970275878906
ICAO,2FD7,28.43560028076172,-81.47309875488281
ICAO,2XS8,29.229400634765625,-99.82389831542969
ICAO,5A8,59.2826004028,-158.617996216
ICAO,5NC2,34.87630081176758,-80.61920166015625
ICAO,66CA,35.60770034790039,-121.11000061035156
ICAO,7FA1,24.648799896240234,-81.57980346679688
ICAO,7FL4,29.904057,-81.68515
ICAO,AGAF,-9.19138888889,160.948611111
ICAO,AGAR,-9.86054358262,161.979546547
ICAO,AGAT,-8.87333,161.011002
ICAO,AGBT,-8.56202777778,158.119305556
ICAO,AGGA,-8.70257,160.682007
ICAO,AGGC,-6.711944,156.396111
ICAO,AGGE,-6.990745,155.886656
ICAO,AGGF,-8.1075,159.576996
ICAO,AGGH,-9.4280004501343,160.05499267578
ICAO,AGGI,-9.7475004196167,159.83900451660156
ICAO,AGGK,-10.449700355500001,161.897994995
ICAO,AGGL,-10.72029972076416,165.7949981689453
ICAO,AGGM,-8.327969551086426,157.26300048828125
ICAO,AGGN,-8.09778022766,156.863998413
ICAO,AGGO,-7.416940212249756,155.56500244140625
ICAO,AGGR,-11.533900260925293,160.06300354003906
ICAO,AGGS,-8.578889846801758,157.87600708007812
ICAO,AGGT,-10.847994,162.454108
ICAO,AGGU,-9.861669540409999,160.824996948
ICAO,AGGV,-7.585559844970703,158.7310028076172
ICAO,AGGY,-9.092816,159.21841
ICAO,AGKG,-7.3305,157.585
ICAO,AGRC,-8.12639045715332,157.14300537109375
ICAO,AGRM,-8.168060302734375,157.64300537109375
ICAO,AK06,63.64509963989258,-148.79800415039062
ICAO,AK59,61.79560089111328,-148.35499572753906
ICAO,ANYN,-0.547458,166.919006
ICAO,AYBA,-7.49686002731,144.819900513
ICAO,AYBD,-9.107777777779999,147.666722222
ICAO,AYBK,-5.4223198890686035,154.67300415039062
ICAO,AYBM,-8.05000019073,142.932998657
ICAO,AYBU,-7.216286671410001,146.649541855
ICAO,AYCH,-6.024290084838867,144.9709930419922
ICAO,AYDU,-9.08675956726,143.207992554
ICAO,AYEF,-9.15380555556,147.659805556
ICAO,AYGA,-6.081689834590001,145.391998291
ICAO,AYGN,-10.3114995956,150.333999634
ICAO,AYGR,-8.80453968048,148.309005737
ICAO,AYHK,-5.462170124053955,150.40499877929688
ICAO,AYKI,-6.1257100105285645,141.28199768066406
ICAO,AYKK,-7.424379825592041,144.2500762939453
ICAO,AYKM,-7.96361017227,145.770996094
ICAO,AYKQ,-9.135916666670001,147.669444444
ICAO,AYKT,-7.50025,146.033833333
ICAO,AYKV,-2.57940006256,150.807998657
ICAO,AYMD,-5.20707988739,145.789001465
ICAO,AYMH,-5.826789855957031,144.29600524902344
ICAO,AYMN,-6.14774,143.656998
ICAO,AYMO,-2.06189,147.423996
ICAO,AYMR,-6.36332988739,143.238006592
ICAO,AYMS,-10.689200401299999,152.837997437
ICAO,AYNC,-9.14355555556,147.68425
ICAO,AYNZ,-6.569803,146.725977
ICAO,AYPY,-9.443380355834961,147.22000122070312
ICAO,AYSE,-2.66222222222,151.997777778
ICAO,AYSS,-7.6217,142.868
ICAO,AYTA,-5.84499979019,142.947998047
ICAO,AYTB,-5.27861,141.225998
ICAO,AYTK,-4.34045982361,152.380004883
ICAO,AYVN,-2.6926,141.3028
ICAO,AYWD,-5.6433000564575195,143.89500427246094
ICAO,AYWK,-3.58383011818,143.669006348
ICAO,BGAA,68.7218017578,-52.7846984863
ICAO,BGAG,72.8870298223,-55.5962866545
ICAO,BGAM,65.612296,-37.618335
ICAO,BGAP,60.46445,-45.56917
ICAO,BGAQ,60.148357,-44.286916
ICAO,BGAS,60.597376,-45.382445
ICAO,BGAT,67.9406628551,-53.6218696833
ICAO,BGBW,61.1604995728,-45.4259986877
ICAO,BGCH,68.822815547,-51.1734473705
ICAO,BGCO,70.7431030273,-22.6504993439
ICAO,BGET,60.6197196536,-45.9140619636
ICAO,BGFD,60.004694,-44.656935
ICAO,BGFH,61.9921989441,-49.6624984741
ICAO,BGGH,64.19090271,-51.6781005859
ICAO,BGGN,69.251181993,-53.5148763657
ICAO,BGIA,70.4981453548,-51.3030838966
ICAO,BGIK,68.14088100629999,-53.4414589405
ICAO,BGIL,69.0809150007,-51.1143153906
ICAO,BGIN,73.1998953377,-56.0108166933
ICAO,BGIS,65.5477923903,-38.9765524864
ICAO,BGIT,68.6342530984,-51.8322622776
ICAO,BGJH,60.715684155299996,-46.0299186409
ICAO,BGJN,69.2432022095,-51.0570983887
ICAO,BGKA,68.3126574861,-53.4602075815
ICAO,BGKL,72.1527425265,-55.5309855938
ICAO,BGKM,65.8639347361,-36.9979190826
ICAO,BGKQ,74.5780498288,-57.226828336699995
ICAO,BGKS,72.38109155069999,-55.53658604619999
ICAO,BGKT,68.85792599759999,-53.123295307199996
ICAO,BGLL,71.2419440428,-53.5628771782
ICAO,BGMQ,65.4124984741,-52.9393997192
ICAO,BGNK,68.236381,-52.852148
ICAO,BGNN,60.141883975899994,-45.232976675
ICAO,BGNQ,71.5387687528,-53.205038309100004
ICAO,BGNS,60.9172827256,-46.059923172
ICAO,BGNT,70.7893846882,-53.6629450321
ICAO,BGNU,74.1098528514,-57.065037488899996
ICAO,BGQE,69.9958611087,-51.3009166718
ICAO,BGQQ,77.4886016846,-69.3887023926
ICAO,BGQT,60.7809592284,-47.156249284699996
ICAO,BGSC,70.4882288244,-21.971679925900002
ICAO,BGSF,67.0122218992,-50.7116031647
ICAO,BGSG,65.9059197626,-36.3782536983
ICAO,BGSI,77.7865173475,-70.6386566162
ICAO,BGSQ,70.011448,-51.932142
ICAO,BGSS,66.9513015747,-53.7293014526
ICAO,BGST,70.8111719824,-51.6312897205
ICAO,BGSV,76.01861346460001,-65.1176834106
ICAO,BGTA,73.37305450439999,-56.060279846200004
ICAO,BGTL,76.5311965942,-68.7032012939
ICAO,BGTN,65.8920273392,-37.7834093571
ICAO,BGTQ,60.1943053097,-44.8134469986
ICAO,BGUK,72.7901992798,-56.1305999756
ICAO,BGUM,70.6804279261,-52.111630439799995
ICAO,BGUQ,70.7341995239,-52.6962013245
ICAO,BGUT,71.0494384946,-51.8900156021
ICAO,BIAR,65.66000366210938,-18.07270050048828
ICAO,BIBA,63.55609893798828,-20.137500762939453
ICAO,BIBD,65.64129638671875,-23.546199798583984
ICAO,BIEG,65.2833023071289,-14.401399612426758
ICAO,BIGF,64.99140167236328,-23.224700927734375
ICAO,BIGJ,65.99530029296875,-21.326900482177734
ICAO,BIGR,66.5458,-18.0173
ICAO,BIHN,64.295601,-15.2272
ICAO,BIHU,65.952301,-17.426001
ICAO,BIIS,66.05809783935547,-23.135299682617188
ICAO,BIKF,63.985000610352,-22.605600357056
ICAO,BIKL,63.79079818725586,-18.001399993896484
ICAO,BIKR,65.73169708249999,-19.572799682599996
ICAO,BINF,65.13189697265625,-13.746399879455566
ICAO,BIPA,65.555801,-23.965
ICAO,BIRK,64.1299972534,-21.9405994415
ICAO,BIRL,65.65579986572266,-16.918100357055664
ICAO,BISF,63.92919921875,-21.037799835205078
ICAO,BISI,66.133301,-18.9167
ICAO,BITN,66.21849822998047,-15.335599899291992
ICAO,BIVM,63.42430114746094,-20.278900146484375
ICAO,BIVO,65.72059631347656,-14.850600242614746
ICAO,BKPR,42.5728,21.035801
ICAO,CAB3,48.75,-123.233001709
ICAO,CAC8,49.1833000183,-123.949996948
ICAO,CAD4,49.0555992126,-117.60900116
ICAO,CAE5,50.1436004639,-122.948997498
ICAO,CAJ4,52.45249938964844,-125.3030014038086
ICAO,CAM9,49.177047,-123.168154
ICAO,CAP5,48.6538920506,-123.450450897
ICAO,CAQ3,50.5999984741,-127.583000183
ICAO,CAV3,51.64250183105469,-121.30699920654297
ICAO,CAW5,50.71670150756836,-127.48300170898438
ICAO,CAX6,48.8545,-123.4969
ICAO,CBA9,56.275001525878906,-124.052001953125
ICAO,CBC7,49.2868921105,-123.106112257
ICAO,CBF7,48.41809844970703,-123.38800048828125
ICAO,CBW4,56.9667015076,-130.25
ICAO,CCA6,52.566898345947266,-55.784698486328125
ICAO,CCD4,54.9105,-59.78507
ICAO,CCE4,53.4693984985,-55.784999847399995
ICAO,CCH4,52.76499938964844,-56.1156005859375
ICAO,CCK4,52.372798919677734,-55.67390060424805
ICAO,CCP4,52.528099060058594,-56.28609848022461
ICAO,CCW3,45.0518989563,-64.6517028809
ICAO,CCZ2,54.1796989440918,-58.45750045776367
ICAO,CCZ3,48.27470016479492,-53.92390060424805
ICAO,CDG2,44.6161003112793,-65.76190185546875
ICAO,CDL7,68.1252746582,-106.585281372
ICAO,CDU9,42.872200012200004,-79.5958023071
ICAO,CEB3,67.0392,-126.08
ICAO,CEC4,53.3191986084,-117.752998352
ICAO,CEG4,51.49639892578125,-112.7490005493164
ICAO,CEM3,63.13169860839844,-117.24600219726562
ICAO,CEW9,51.07780075069999,-115.337997437
ICAO,CEZ5,60.69110107421875,-135.03700256347656
ICAO,CFJ2,64.190804,-114.077002
ICAO,CJM9,49.767424,-94.49274
ICAO,CJT2,51.732200622558594,-96.93440246582031
ICAO,CJV7,52.70859909057617,-88.54190063476562
ICAO,CJX7,73.0058922479,-85.0325489044
ICAO,CKB6,53.84920120239258,-89.57939910888672
ICAO,CKD9,51.130001068115234,-91.66560363769531
ICAO,CKL3,52.89390182495117,-89.28919982910156
ICAO,CKM8,52.6067008972,-90.3768997192
ICAO,CKQ3,52.4900016784668,-92.97109985351562
ICAO,CLA4,44.08940124511719,-79.49500274658203
ICAO,CNC3,43.7602996826,-79.875
ICAO,CND4,45.1108333333,-78.64
ICAO,CNE3,53.965599060058594,-91.0271987915039
ICAO,CNF4,44.3647,-78.783897
ICAO,CNH2,55.913898,-61.184399
ICAO,CNJ4,44.67765578389999,-79.31021690370001
ICAO,CNK4,45.2575,-79.829697
ICAO,CNM5,53.01250076293945,-89.85530090332031
ICAO,CNT3,51.6585998535,-85.9017028809
ICAO,CNU8,43.93579864501953,-79.26219940185547
ICAO,CNV8,44.441101,-79.962799
ICAO,CNY3,44.4491996765,-80.1583023071
ICAO,CO00,39.279998779296875,-103.06700134277344
ICAO,CPV7,52.1133,-94.2556
ICAO,CPV8,52.991100311299995,-92.8364028931
ICAO,CSU2,53.805599212646484,-78.91690063476562
ICAO,CTB6,50.674400329589844,-59.38359832763672
ICAO,CTK6,50.1958007812,-61.265800476100004
ICAO,CTT5,50.259701,-60.679401
ICAO,CTU5,50.8307991027832,-58.97560119628906
ICAO,CYAC,51.72719955444336,-91.82440185546875
ICAO,CYAG,48.65420150756836,-93.439697265625
ICAO,CYAH,53.754699707,-73.6753005981
ICAO,CYAL,50.58219909667969,-126.91600036621094
ICAO,CYAM,46.48500061035156,-84.5093994140625
ICAO,CYAQ,53.52470016479492,-88.6427993774414
ICAO,CYAS,60.027198791503906,-69.99919891357422
ICAO,CYAT,52.9275016784668,-82.43190002441406
ICAO,CYAU,44.2303009033,-64.85610198970001
ICAO,CYAV,50.0564002991,-97.03250122070001
ICAO,CYAW,44.639702,-63.499401
ICAO,CYAX,50.2943992615,-96.0100021362
ICAO,CYAY,51.3918991089,-56.083099365200006
ICAO,CYAZ,49.079833,-125.775583
ICAO,CYBA,51.207340469900004,-115.541861057
ICAO,CYBB,68.534401,-89.808098
ICAO,CYBC,49.13249969482422,-68.20439910888672
ICAO,CYBD,52.387501,-126.596001
ICAO,CYBE,59.5614013671875,-108.48100280761719
ICAO,CYBF,54.304199,-110.744003
ICAO,CYBG,48.33060073852539,-70.99639892578125
ICAO,CYBK,64.29889678960001,-96.077796936
ICAO,CYBL,49.950801849365234,-125.27100372314453
ICAO,CYBQ,58.7061,-98.512199
ICAO,CYBR,49.91,-99.951897
ICAO,CYBT,57.8894,-101.679001
ICAO,CYBU,53.33250045776367,-104.00800323486328
ICAO,CYBV,52.358898,-97.018303
ICAO,CYBW,51.103099823,-114.374000549
ICAO,CYBX,51.443599700899995,-57.185298919699996
ICAO,CYCA,53.68280029296875,-57.041900634765625
ICAO,CYCB,69.1081008911,-105.138000488
ICAO,CYCC,45.09280014038086,-74.56330108642578
ICAO,CYCD,49.054970224899996,-123.869862556
ICAO,CYCE,43.285599,-81.508301
ICAO,CYCG,49.2963981628,-117.632003784
ICAO,CYCH,47.007801,-65.449203
ICAO,CYCL,47.990799,-66.330299
ICAO,CYCN,49.10559844970703,-81.01360321044922
ICAO,CYCO,67.816704,-115.143997
ICAO,CYCP,52.11669921875,-119.28299713134766
ICAO,CYCQ,55.687198638916016,-121.62699890136719
ICAO,CYCR,54.610599517822266,-97.76080322265625
ICAO,CYCS,63.346900939899996,-90.73110198970001
ICAO,CYCT,52.0750007629,-111.444999695
ICAO,CYCW,49.1528015137,-121.939002991
ICAO,CYCY,70.4860992432,-68.5167007446
ICAO,CYDA,64.04309844970703,-139.1280059814453
ICAO,CYDB,61.37110137939453,-139.04100036621094
ICAO,CYDC,49.4681015015,-120.511001587
ICAO,CYDF,49.21080017089844,-57.39139938354492
ICAO,CYDL,58.4221992493,-130.031997681
ICAO,CYDM,61.9706001282,-132.42300415
ICAO,CYDN,51.100799560546875,-100.052001953125
ICAO,CYDO,48.778499603271,-72.375
ICAO,CYDP,56.549198150634766,-61.680301666259766
ICAO,CYDQ,55.7422981262207,-120.18299865722656
ICAO,CYEE,44.6833000183,-79.9282989502
ICAO,CYEG,53.309700012200004,-113.580001831
ICAO,CYEK,61.0942001343,-94.07080078119999
ICAO,CYEL,46.351398468,-82.5614013672
ICAO,CYEM,45.84280014038086,-81.85810089111328
ICAO,CYEN,49.2103004456,-102.966003418
ICAO,CYER,56.01890182495117,-87.67610168457031
ICAO,CYES,47.4906005859375,-68.48190307617188
ICAO,CYET,53.578899383499994,-116.464996338
ICAO,CYEU,79.9946975708,-85.814201355
ICAO,CYEV,68.30419921880001,-133.483001709
ICAO,CYEY,48.563903,-78.249702
ICAO,CYFA,52.20140075683594,-81.6968994140625
ICAO,CYFB,63.756402,-68.555801
ICAO,CYFC,45.868900299072266,-66.53720092773438
ICAO,CYFD,43.13140106201172,-80.34249877929688
ICAO,CYFE,48.74610137939453,-69.09719848632812
ICAO,CYFH,51.5619010925293,-87.90779876708984
ICAO,CYFJ,46.409400939899996,-74.7799987793
ICAO,CYFO,54.6781005859375,-101.68199920654297
ICAO,CYFR,61.1808013916,-113.690002441
ICAO,CYFS,61.76020050048828,-121.23699951171875
ICAO,CYFT,55.076900482177734,-59.1864013671875
ICAO,CYGB,49.69419860839844,-124.51799774169922
ICAO,CYGD,43.7668991089,-81.7106018066
ICAO,CYGE,51.299196,-116.982002
ICAO,CYGH,66.24079895019531,-128.6510009765625
ICAO,CYGK,44.22529983520508,-76.5969009399414
ICAO,CYGL,53.625301361083984,-77.7042007446289
ICAO,CYGM,50.62810134887695,-97.04329681396484
ICAO,CYGO,54.55889892578125,-94.49140167236328
ICAO,CYGP,48.7752990723,-64.4785995483
ICAO,CYGQ,49.77830123901367,-86.93939971923828
ICAO,CYGR,47.42470169067383,-61.778099060058594
ICAO,CYGT,69.3647003174,-81.8161010742
ICAO,CYGV,50.281898498535156,-63.61140060424805
ICAO,CYGW,55.281898498535156,-77.76529693603516
ICAO,CYGX,56.35749816894531,-94.71060180664062
ICAO,CYGZ,76.4261016846,-82.90920257570001
ICAO,CYHA,61.0463981628418,-69.6177978515625
ICAO,CYHB,52.8166999817,-102.310997009
ICAO,CYHC,49.2943992615,-123.111000061
ICAO,CYHD,49.831699,-92.744202
ICAO,CYHE,49.3683013916,-121.498001099
ICAO,CYHF,49.71419906616211,-83.68609619140625
ICAO,CYHH,51.69110107421875,-76.1355972290039
ICAO,CYHI,70.76280212402344,-117.80599975585938
ICAO,CYHK,68.635597229,-95.84970092770001
ICAO,CYHM,43.173599243199995,-79.93499755859999
ICAO,CYHN,49.19309997558594,-84.75890350341797
ICAO,CYHO,55.448299407958984,-60.228599548339844
ICAO,CYHR,50.46889877319336,-59.63669967651367
ICAO,CYHS,44.158298,-81.062798
ICAO,CYHT,60.78919982910156,-137.54600524902344
ICAO,CYHU,45.5175018311,-73.4169006348
ICAO,CYHY,60.8396987915,-115.782997131
ICAO,CYHZ,44.8807983398,-63.5085983276
ICAO,CYIB,48.7738990784,-91.6386032104
ICAO,CYID,44.5458450365,-65.7854247093
ICAO,CYIF,51.2117004395,-58.6582984924
ICAO,CYIK,62.417301177978516,-77.92530059814453
ICAO,CYIO,72.6832962036,-77.9666976929
ICAO,CYIV,53.857200622558594,-94.65360260009766
ICAO,CYJF,60.235801696799996,-123.46900177
ICAO,CYJM,54.39720153808594,-124.26300048828125
ICAO,CYJN,45.29439926147461,-73.28109741210938
ICAO,CYJQ,52.137937,-128.059748
ICAO,CYJT,48.5442008972168,-58.54999923706055
ICAO,CYKA,50.7022018433,-120.444000244
ICAO,CYKD,68.223297,-135.00599
ICAO,CYKF,43.460800170899994,-80.3786010742
ICAO,CYKG,61.5886001587,-71.929397583
ICAO,CYKJ,57.256099700927734,-105.61799621582031
ICAO,CYKL,54.805301666259766,-66.8052978515625
ICAO,CYKO,60.818599700927734,-78.14859771728516
ICAO,CYKQ,51.47330093383789,-78.75830078125
ICAO,CYKX,48.21030044555664,-79.98139953613281
ICAO,CYKY,51.5175018311,-109.180999756
ICAO,CYKZ,43.86220169067383,-79.37000274658203
ICAO,CYLA,59.29669952392578,-69.59970092773438
ICAO,CYLC,62.8499984741,-69.88330078119999
ICAO,CYLD,47.81999969482422,-83.3467025756836
ICAO,CYLH,52.19559860229492,-87.93419647216797
ICAO,CYLJ,54.125301361083984,-108.52300262451172
ICAO,CYLK,62.418303,-110.681998
ICAO,CYLL,53.309200286865234,-110.072998046875
ICAO,CYLR,56.513301849365234,-99.98529815673828
ICAO,CYLS,44.4852981567,-79.55560302730001
ICAO,CYLT,82.51779937740001,-62.2806015015
ICAO,CYLU,58.71139907836914,-65.9927978515625
ICAO,CYLW,49.9561004639,-119.377998352
ICAO,CYMA,63.61640167236328,-135.8679962158203
ICAO,CYME,48.85689926147461,-67.45330047607422
ICAO,CYMG,49.083900451660156,-85.86060333251953
ICAO,CYMH,52.302799224853516,-55.847198486328125
ICAO,CYMJ,50.330299377441406,-105.55899810791016
ICAO,CYML,47.59749984741211,-70.2238998413086
ICAO,CYMM,56.653301239,-111.222000122
ICAO,CYMO,51.291099548339844,-80.60780334472656
ICAO,CYMT,49.77190017700195,-74.5280990600586
ICAO,CYMU,56.53609848022461,-76.51830291748047
ICAO,CYMW,46.2728004456,-75.9906005859
ICAO,CYMX,45.679501,-74.038696
ICAO,CYNA,50.189998626708984,-61.78919982910156
ICAO,CYNC,53.01060104370117,-78.83110046386719
ICAO,CYND,45.521701812699995,-75.5635986328
ICAO,CYNE,53.95830154418945,-97.84420013427734
ICAO,CYNJ,49.10079956049999,-122.630996704
ICAO,CYNL,58.27669906616211,-104.08200073242188
ICAO,CYNM,49.76169967651367,-77.80280303955078
ICAO,CYNN,59.4874992371,-97.78029632570001
ICAO,CYNR,57.3816986084,-111.700996399
ICAO,CYOA,64.6988983154,-110.614997864
ICAO,CYOC,67.57060241699219,-139.83900451660156
ICAO,CYOD,54.404998779296875,-110.27899932861328
ICAO,CYOH,54.93330001831055,-95.27890014648438
ICAO,CYOJ,58.62139892578125,-117.16500091552734
ICAO,CYOO,43.922798,-78.894997
ICAO,CYOP,58.49140167236328,-119.40799713134766
ICAO,CYOS,44.5903015137,-80.8375015259
ICAO,CYOW,45.3224983215332,-75.66919708251953
ICAO,CYPA,53.214199066199996,-105.672996521
ICAO,CYPC,69.3608381154,-124.075469971
ICAO,CYPD,45.6567001343,-61.3680992126
ICAO,CYPE,56.226898,-117.446999
ICAO,CYPG,49.903099,-98.273817
ICAO,CYPH,58.471900939941406,-78.07689666748047
ICAO,CYPK,49.21609878540039,-122.70999908447266
ICAO,CYPL,51.4463996887207,-90.21420288085938
ICAO,CYPM,51.819698333740234,-93.97329711914062
ICAO,CYPN,49.83639907836914,-64.2885971069336
ICAO,CYPO,54.98809814453125,-85.44329833984375
ICAO,CYPQ,44.22999954223633,-78.36329650878906
ICAO,CYPR,54.286098480199996,-130.445007324
ICAO,CYPT,41.780399322509766,-82.6780014038086
ICAO,CYPW,49.83420181274414,-124.5
ICAO,CYPX,60.05059814453125,-77.28690338134766
ICAO,CYPY,58.7672004699707,-111.11699676513672
ICAO,CYQA,44.974700927734375,-79.30329895019531
ICAO,CYQB,46.7911,-71.393303
ICAO,CYQD,53.97140121459961,-101.09100341796875
ICAO,CYQF,52.18220138549805,-113.89399719238281
ICAO,CYQG,42.27560043334961,-82.95559692382812
ICAO,CYQH,60.11640167236328,-128.82200622558594
ICAO,CYQI,43.826900482177734,-66.08809661865234
ICAO,CYQK,49.788299560546875,-94.36309814453125
ICAO,CYQL,49.6302986145,-112.800003052
ICAO,CYQM,46.11220169067383,-64.67859649658203
ICAO,CYQN,50.18280029296875,-86.69640350341797
ICAO,CYQQ,49.71080017089844,-124.88700103759766
ICAO,CYQR,50.43190002441406,-104.66600036621094
ICAO,CYQS,42.77000045776367,-81.11080169677734
ICAO,CYQT,48.37189865112305,-89.32389831542969
ICAO,CYQU,55.1796989441,-118.885002136
ICAO,CYQV,51.26470184326172,-102.46199798583984
ICAO,CYQW,52.76919937133789,-108.24400329589844
ICAO,CYQX,48.9369010925293,-54.56809997558594
ICAO,CYQY,46.1614,-60.047798
ICAO,CYQZ,53.026100158691406,-122.51000213623047
ICAO,CYRA,64.11609649658203,-117.30999755859375
ICAO,CYRB,74.7169036865,-94.9693984985
ICAO,CYRI,47.764400482177734,-69.58470153808594
ICAO,CYRJ,48.52000045776367,-72.2656021118164
ICAO,CYRL,51.066898345947266,-93.79309844970703
ICAO,CYRM,52.4296989441,-114.903999329
ICAO,CYRO,45.4603004456,-75.64610290530001
ICAO,CYRP,45.3191986084,-76.0222015381
ICAO,CYRQ,46.35279846191406,-72.67939758300781
ICAO,CYRS,54.167198181152344,-93.55719757080078
ICAO,CYRT,62.8114013672,-92.1157989502
ICAO,CYRV,50.9667015076,-118.182998657
ICAO,CYSA,43.415599823,-80.93440246579999
ICAO,CYSB,46.625,-80.79889678955078
ICAO,CYSC,45.4385986328125,-71.69139862060547
ICAO,CYSD,50.266700744628906,-111.18299865722656
ICAO,CYSE,49.7817001343,-123.162002563
ICAO,CYSF,59.250301361083984,-105.84100341796875
ICAO,CYSG,46.096401,-70.714699
ICAO,CYSH,44.94580078125,-75.94059753417969
ICAO,CYSJ,45.31610107421875,-65.89029693603516
ICAO,CYSK,56.5377998352,-79.2466964722
ICAO,CYSL,47.157501220703125,-67.83470153808594
ICAO,CYSM,60.020301818847656,-111.96199798583984
ICAO,CYSN,43.19169998168945,-79.17169952392578
ICAO,CYSP,48.75529861450195,-86.34439849853516
ICAO,CYSR,72.982201,-84.613602
ICAO,CYST,53.84560012817383,-94.85189819335938
ICAO,CYSU,46.44060134887695,-63.83359909057617
ICAO,CYSY,71.9938964844,-125.242996216
ICAO,CYTA,45.86439895629883,-77.25170135498047
ICAO,CYTE,64.2300033569,-76.5267028809
ICAO,CYTF,48.50889968869999,-71.64189910889999
ICAO,CYTH,55.80110168457031,-97.86419677734375
ICAO,CYTL,53.81779861450195,-89.89689636230469
ICAO,CYTQ,58.66780090332031,-69.95580291748047
ICAO,CYTR,44.118900299072266,-77.5280990600586
ICAO,CYTS,48.569698333699996,-81.376701355
ICAO,CYTZ,43.627499,-79.396202
ICAO,CYUB,69.43329620361328,-133.0260009765625
ICAO,CYUL,45.4706001282,-73.7407989502
ICAO,CYUT,66.5214004517,-86.22470092770001
ICAO,CYUX,68.77610015869999,-81.2425
ICAO,CYUY,48.20610046386719,-78.83560180664062
ICAO,CYVB,48.07109832763672,-65.46029663085938
ICAO,CYVC,55.151401519800004,-105.262001038
ICAO,CYVD,49.8782997131,-100.917999268
ICAO,CYVG,53.355800628699996,-110.823997498
ICAO,CYVK,50.24810028076172,-119.33100128173828
ICAO,CYVM,67.5457992554,-64.03140258789999
ICAO,CYVO,48.0532989502,-77.7827987671
ICAO,CYVP,58.096099853515625,-68.4269027709961
ICAO,CYVQ,65.28160095214844,-126.7979965209961
ICAO,CYVR,49.193901062,-123.183998108
ICAO,CYVT,55.8418998718,-108.417999268
ICAO,CYVV,44.7458,-81.107201
ICAO,CYVZ,52.655799865722656,-94.0614013671875
ICAO,CYWA,45.95220184326172,-77.31919860839844
ICAO,CYWG,49.909999847399995,-97.2398986816
ICAO,CYWH,48.4249858939,-123.388867378
ICAO,CYWJ,65.21109771728516,-123.43599700927734
ICAO,CYWK,52.92190170288086,-66.8644027709961
ICAO,CYWL,52.1831016541,-122.054000854
ICAO,CYWP,52.9593933975,-87.3748683929
ICAO,CYWY,63.20940017700195,-123.43699645996094
ICAO,CYXC,49.610801696777,-115.78199768066
ICAO,CYXD,53.5724983215,-113.521003723
ICAO,CYXE,52.170799255371094,-106.69999694824219
ICAO,CYXH,50.01890182495117,-110.72100067138672
ICAO,CYXJ,56.23809814453125,-120.73999786376953
ICAO,CYXK,48.47809982299805,-68.49690246582031
ICAO,CYXL,50.11389923095703,-91.9052963256836
ICAO,CYXN,62.24000167849999,-92.59809875490001
ICAO,CYXP,66.1449966431,-65.71360015869999
ICAO,CYXQ,62.410301208496094,-140.86700439453125
ICAO,CYXR,47.697400654599996,-79.8473453522
ICAO,CYXS,53.8894004822,-122.679000854
ICAO,CYXT,54.468498,-128.576009
ICAO,CYXU,43.035599,-81.1539
ICAO,CYXX,49.025299072265625,-122.36100006103516
ICAO,CYXY,60.7095985413,-135.067001343
ICAO,CYXZ,47.96670150756836,-84.78669738769531
ICAO,CYYB,46.363602,-79.422798
ICAO,CYYC,51.113899231,-114.019996643
ICAO,CYYD,54.82469940185547,-127.18299865722656
ICAO,CYYE,58.8363990784,-122.597000122
ICAO,CYYF,49.46310043334961,-119.60199737548828
ICAO,CYYG,46.290000915527344,-63.12110137939453
ICAO,CYYH,69.5466995239,-93.5766983032
ICAO,CYYJ,48.646900177,-123.426002502
ICAO,CYYL,56.86389923095703,-101.07599639892578
ICAO,CYYN,50.291900634799994,-107.691001892
ICAO,CYYQ,58.739200592041016,-94.06500244140625
ICAO,CYYR,53.3191986084,-60.4258003235
ICAO,CYYT,47.618598938,-52.7518997192
ICAO,CYYU,49.41389846801758,-82.46749877929688
ICAO,CYYW,50.29029846191406,-88.90969848632812
ICAO,CYYY,48.60860061645508,-68.20809936523438
ICAO,CYYZ,43.6772003174,-79.63059997559999
ICAO,CYZD,43.74250030517578,-79.4655990600586
ICAO,CYZE,45.88529968261719,-82.56780242919922
ICAO,CYZF,62.462799072265625,-114.44000244140625
ICAO,CYZG,62.17940139770508,-75.66719818115234
ICAO,CYZH,55.2930984497,-114.777000427
ICAO,CYZP,53.25429916379999,-131.813995361
ICAO,CYZR,42.9994010925293,-82.30889892578125
ICAO,CYZS,64.1932983398,-83.3593978882
ICAO,CYZT,50.680599212646484,-127.36699676513672
ICAO,CYZU,54.14390182495117,-115.78700256347656
ICAO,CYZV,50.22330093383789,-66.2656021118164
ICAO,CYZW,60.17279815673828,-132.7429962158203
ICAO,CYZX,44.98440170288086,-64.91690063476562
ICAO,CYZY,55.304402,-123.132004
ICAO,CZAC,56.08940124511719,-96.08920288085938
ICAO,CZAM,50.682802,-119.228996
ICAO,CZBA,43.4414531515,-79.850102663
ICAO,CZBB,49.0742,-123.012001
ICAO,CZBD,56.0614013672,-95.613899231
ICAO,CZBF,47.629699707,-65.738899231
ICAO,CZBM,45.2907981873,-72.74140167239999
ICAO,CZEE,56.0374984741,-96.50969696039999
ICAO,CZEM,52.22639846801758,-78.52249908447266
ICAO,CZFA,62.20750045776367,-133.37600708007812
ICAO,CZFD,59.33440017700195,-107.18199920654297
ICAO,CZFG,55.7491989136,-101.26599884
ICAO,CZFM,67.40750122070312,-134.86099243164062
ICAO,CZFN,64.909697,-125.572998
ICAO,CZGF,49.01559829711914,-118.43099975585938
ICAO,CZGI,54.839698791503906,-94.07859802246094
ICAO,CZGR,52.04560089111328,-95.4657974243164
ICAO,CZJG,54.51890182495117,-98.04609680175781
ICAO,CZJN,52.120601654052734,-101.23600006103516
ICAO,CZKE,52.282501220703125,-81.67780303955078
ICAO,CZLQ,55.31890106201172,-97.70780181884766
ICAO,CZMD,53.44139862060547,-91.76280212402344
ICAO,CZML,51.736099243199995,-121.333000183
ICAO,CZMN,55.58890151977539,-97.16419982910156
ICAO,CZMT,54.02750015258789,-132.125
ICAO,CZNG,52.9965258788,-97.2741937637
ICAO,CZPB,53.8911018371582,-92.19640350341797
ICAO,CZPC,49.520599365200006,-113.997001648
ICAO,CZRJ,52.943599700927734,-91.31279754638672
ICAO,CZSJ,53.06420135498047,-93.34439849853516
ICAO,CZSN,56.7928009033,-98.9072036743
ICAO,CZST,55.935410448,-129.982434511
ICAO,CZSW,54.33330154418945,-130.2830047607422
ICAO,CZTM,55.8656005859375,-92.0813980102539
ICAO,CZUC,49.4296989440918,-91.7177963256836
ICAO,CZUM,53.5619010925293,-64.10639953613281
ICAO,CZWH,58.6175003052,-101.46900177
ICAO,CZWL,58.10689926147461,-103.1719970703125
ICAO,DAAB,36.50360107421875,2.8141698837280273
ICAO,DAAD,35.33250045776367,4.206389904022217
ICAO,DAAE,36.7120018005,5.0699200630200005
ICAO,DAAG,36.691001892089844,3.215409994125366
ICAO,DAAJ,24.292801,9.45244
ICAO,DAAK,36.545799,2.87611
ICAO,DAAN,26.7101,0.285647
ICAO,DAAP,26.7234992981,8.62265014648
ICAO,DAAQ,35.52539825439453,2.8787100315093994
ICAO,DAAS,36.178100585900005,5.3244900703399995
ICAO,DAAT,22.8115005493,5.45107984543
ICAO,DAAV,36.7951011658,5.87361001968
ICAO,DAAY,33.535900116,-0.242353007197
ICAO,DAAZ,35.752201,0.626272
ICAO,DABB,36.822201,7.809174
ICAO,DABC,36.2760009765625,6.620389938354492
ICAO,DABS,35.4315986633,8.12071990967
ICAO,DABT,35.752101898199996,6.308589935300001
ICAO,DAFH,32.93040084838867,3.311539888381958
ICAO,DAFI,34.6657,3.351
ICAO,DAOB,35.3410987854,1.46315002441
ICAO,DAOE,35.73540115356445,-0.8053889870643616
ICAO,DAOF,27.7003993988,-8.167099952700001
ICAO,DAOI,36.2126998901,1.33176994324
ICAO,DAOL,35.54240036010742,-0.5322780013084412
ICAO,DAON,35.0167007446,-1.45000004768
ICAO,DAOO,35.6239013672,-0.6211829781529999
ICAO,DAOR,31.645700454711914,-2.269860029220581
ICAO,DAOS,35.1717987061,-0.593275010586
ICAO,DAOV,35.207698822021484,0.14714199304580688
ICAO,DAOY,33.721666666699996,1.0925
ICAO,DATM,21.375,0.923888981342
ICAO,DAUA,27.837600708007812,-0.18641400337219238
ICAO,DAUB,34.793300628699996,5.73823022842
ICAO,DAUE,30.571300506591797,2.8595900535583496
ICAO,DAUG,32.38410186767578,3.794110059738159
ICAO,DAUH,31.673000335699996,6.140439987180001
ICAO,DAUI,27.250999450699997,2.51202011108
ICAO,DAUK,33.06779861450195,6.088669776916504
ICAO,DAUL,33.764400482199996,2.92833995819
ICAO,DAUO,33.5113983154,6.77679014206
ICAO,DAUT,29.2371006012,0.276033014059
ICAO,DAUU,31.917200088500977,5.412779808044434
ICAO,DAUZ,28.0515,9.64291
ICAO,DBBB,6.357230186462402,2.384350061416626
ICAO,DBBK,11.14479,2.940381
ICAO,DBBP,9.35768985748291,2.609679937362671
ICAO,DFFD,12.3532,-1.51242
ICAO,DFOO,11.160099983215332,-4.33096981048584
ICAO,DGAA,5.605189800262451,-0.16678600013256073
ICAO,DGLE,9.55718994140625,-0.8632140159606934
ICAO,DGLW,10.0826997756958,-2.507689952850342
ICAO,DGSI,6.714560031890869,-1.5908199548721313
ICAO,DGSN,7.361830234527588,-2.3287599086761475
ICAO,DGTK,4.896059989929199,-1.7747600078582764
ICAO,DIAP,5.261390209197998,-3.9262900352478027
ICAO,DIBK,7.738800048828125,-5.073669910430908
ICAO,DIDL,6.792809963226318,-6.473189830780029
ICAO,DIKO,9.38718032837,-5.55666017532
ICAO,DIMN,7.272069931030273,-7.58735990524292
ICAO,DIOD,9.5,-7.566999912261963
ICAO,DISP,4.746719837188721,-6.660820007324219
ICAO,DIYO,6.9031701088,-5.36558008194
ICAO,DNAA,9.006790161132812,7.263169765472412
ICAO,DNAI,4.8725,8.093
ICAO,DNAK,7.246739864349365,5.3010101318359375
ICAO,DNAS,6.204167,6.665278
ICAO,DNBC,10.482833,9.744
ICAO,DNBE,6.316979885101318,5.5995001792907715
ICAO,DNBK,12.480556,4.369445
ICAO,DNCA,4.976019859313965,8.347200393676758
ICAO,DNDS,11.795168,9.311667
ICAO,DNEN,6.474269866943359,7.561960220336914
ICAO,DNGO,10.298333333299999,10.896388888899999
ICAO,DNGU,12.1717,6.69611
ICAO,DNIB,7.362460136413574,3.97832989692688
ICAO,DNIL,8.440210342407227,4.493919849395752
ICAO,DNIM,5.427060127258301,7.206029891967773
ICAO,DNJA,8.900587,11.27946
ICAO,DNJO,9.639829635620117,8.869050025939941
ICAO,DNKA,10.696000099182129,7.320109844207764
ICAO,DNKN,12.0476,8.52462
ICAO,DNMA,11.855299949645996,13.080900192260742
ICAO,DNMK,7.70388,8.61394
ICAO,DNMM,6.5773701667785645,3.321160078048706
ICAO,DNMN,9.652170181274414,6.462259769439697
ICAO,DNPO,5.0154900550842285,6.94959020614624
ICAO,DNSO,12.916299819946289,5.207190036773682
ICAO,DNSU,5.59611,5.81778
ICAO,DNYO,9.257550239562988,12.430399894714355
ICAO,DNZA,11.1302,7.68581
ICAO,DRRM,13.5024995803833,7.1267499923706055
ICAO,DRRN,13.4815,2.18361
ICAO,DRRT,14.875699996948242,5.265359878540039
ICAO,DRZA,16.965999603271484,8.000109672546387
ICAO,DRZD,18.968700408935547,12.86870002746582
ICAO,DRZF,13.372900009155273,12.626700401306152
ICAO,DRZR,13.779000282287598,8.983759880065918
ICAO,DTKA,36.97999954223633,8.87693977355957
ICAO,DTMB,35.75809860229492,10.75469970703125
ICAO,DTNH,36.075833,10.438611
ICAO,DTTA,36.85100173950195,10.22719955444336
ICAO,DTTB,37.245398,9.79145
ICAO,DTTD,32.30619812011719,10.382100105285645
ICAO,DTTF,34.422000885009766,8.822500228881836
ICAO,DTTG,33.87689971923828,10.103300094604492
ICAO,DTTI,36.72129821777344,9.94314956665039
ICAO,DTTJ,33.875,10.775500297546387
ICAO,DTTR,31.704299926757812,9.254619598388672
ICAO,DTTX,34.71799850463867,10.690999984741211
ICAO,DTTZ,33.939701080322266,8.110560417175293
ICAO,DXMG,10.373010635375977,0.47138214111328125
ICAO,DXNG,9.767330169677734,1.091249942779541
ICAO,DXSK,8.994275,1.153004
ICAO,DXXX,6.165609836578369,1.2545100450515747
ICAO,EBAW,51.1893997192,4.46027994156
ICAO,EBBE,50.75859832763672,4.768330097198486
ICAO,EBBL,51.168301,5.47
ICAO,EBBR,50.901401519800004,4.48443984985
ICAO,EBBX,49.891700744628906,5.2238898277282715
ICAO,EBCI,50.459202,4.45382
ICAO,EBCV,50.575801849365234,3.8310000896453857
ICAO,EBEN,51.211666107177734,4.5808329582214355
ICAO,EBFN,51.090301513671875,2.652780055999756
ICAO,EBFS,50.2433013916,4.64583015442
ICAO,EBKT,50.817199707,3.20472002029
ICAO,EBKW,51.32222366333,3.2930560112
ICAO,EBLE,51.12,5.3072222
ICAO,EBLG,50.63740158081055,5.443220138549805
ICAO,EBNM,50.487999,4.76892
ICAO,EBOS,51.198898315399994,2.8622200489
ICAO,EBSL,50.9474983215332,5.590559959411621
ICAO,EBSP,50.482498,5.9103
ICAO,EBST,50.791901,5.20167
ICAO,EBSU,50.034400939941406,5.440810203552246
ICAO,EBTN,50.781700134277344,4.957779884338379
ICAO,EBUL,51.14419937133789,3.475559949874878
ICAO,EBWE,51.394798278808594,4.9601898193359375
ICAO,EBZH,50.970001,5.37507
ICAO,EBZR,51.264702,4.75333
ICAO,EDAB,51.193611,14.519722
ICAO,EDAC,50.981945,12.506389
ICAO,EDAD,51.831694,12.190962
ICAO,EDAE,52.195856,14.58753
ICAO,EDAH,53.8787002563,14.152299881
ICAO,EDAI,52.82666778564453,12.541943550109863
ICAO,EDAJ,50.881668,12.135833
ICAO,EDAK,51.30805587768555,13.555556297302246
ICAO,EDAL,52.3905982971,14.0972003937
ICAO,EDAM,51.3630556,11.9408333
ICAO,EDAN,53.35972213745117,11.615278244018555
ICAO,EDAQ,51.552223,12.053889
ICAO,EDAS,51.634445,13.675556
ICAO,EDAU,51.2936096191,13.3561105728
ICAO,EDAV,52.82722091674805,13.693611145019531
ICAO,EDAW,51.577778,12.494444
ICAO,EDAX,53.306388855,12.7522220612
ICAO,EDAY,52.5805549621582,13.916666984558105
ICAO,EDAZ,52.203609,13.156389
ICAO,EDBC,51.8563995361,11.42029953
ICAO,EDBG,52.241668701171875,11.856110572814941
ICAO,EDBH,54.338253,12.710515
ICAO,EDBJ,50.915279,11.714444
ICAO,EDBK,52.918888092041016,12.425277709960938
ICAO,EDBM,52.073612,11.626389
ICAO,EDBN,53.6022,13.306
ICAO,EDBR,51.36333465576172,14.949999809265137
ICAO,EDBT,51.38055419921875,11.446666717529297
ICAO,EDCA,53.832779,13.668611
ICAO,EDCB,51.745834,11.229722
ICAO,EDCD,51.889442,14.531944
ICAO,EDCG,54.3833312988,13.3255558014
ICAO,EDCK,51.7211112976,11.952777862500001
ICAO,EDCL,52.709442138671875,12.073332786560059
ICAO,EDCM,51.29694366455078,14.1274995803833
ICAO,EDCO,51.26777648925781,10.634721755981445
ICAO,EDCP,54.1577796936,13.774443626399998
ICAO,EDCR,54.08194351196289,11.64916706085205
ICAO,EDCS,52.30833435058594,13.100556373596191
ICAO,EDCY,51.575557708740234,14.136943817138672
ICAO,EDDB,52.380001,13.5225
ICAO,EDDC,51.1328010559082,13.767200469970703
ICAO,EDDE,50.979801177978516,10.958100318908691
ICAO,EDDF,50.033333,8.570556
ICAO,EDDG,52.134601593,7.68483018875
ICAO,EDDH,53.630401611328,9.9882297515869
ICAO,EDDI,52.472999572753906,13.403900146484375
ICAO,EDDK,50.8658981323,7.1427397728
ICAO,EDDL,51.289501,6.76678
ICAO,EDDM,48.353802,11.7861
ICAO,EDDN,49.498699,11.078056
ICAO,EDDP,51.423889,12.236389
ICAO,EDDR,49.214599609400004,7.10950994492
ICAO,EDDS,48.689899444599995,9.22196006775
ICAO,EDDT,52.5597,13.2877
ICAO,EDDV,52.461101532,9.685079574580001
ICAO,EDDW,53.0475006104,8.78666973114
ICAO,EDFB,50.33583450317383,8.878055572509766
ICAO,EDFC,49.93888854980469,9.063888549804688
ICAO,EDFE,49.959999,8.645833
ICAO,EDFG,50.19722366333008,9.170000076293945
ICAO,EDFH,49.9487,7.26389
ICAO,EDFL,50.543888092041016,8.590277671813965
ICAO,EDFM,49.473057,8.514167
ICAO,EDFN,50.87444305419922,8.8149995803833
ICAO,EDFQ,51.03499984741211,8.680832862854004
ICAO,EDFT,50.683334,9.410833
ICAO,EDFV,49.606945,8.368333
ICAO,EDFW,49.81778,9.8975
ICAO,EDFZ,49.967499,8.147222
ICAO,EDGE,50.991604,10.47973
ICAO,EDGS,50.707698822021484,8.082969665527344
ICAO,EDGZ,49.567501068115234,8.610555648803711
ICAO,EDHB,54.24444580078125,11.0247220993042
ICAO,EDHC,53.016109466552734,11.144444465637207
ICAO,EDHE,53.64638900756836,9.704167366027832
ICAO,EDHF,53.99444580078125,9.578611373901367
ICAO,EDHI,53.5352783203125,9.835556030273438
ICAO,EDHK,54.37944412231445,10.145277976989746
ICAO,EDHL,53.8054008484,10.7192001343
ICAO,EDHM,53.915001,10.035556
ICAO,EDHN,54.079444885253906,9.941389083862305
ICAO,EDHP,54.5363883972,8.68000030518
ICAO,EDHS,53.56111145019531,9.499167442321777
ICAO,EDHU,53.20750045776367,9.573332786560059
ICAO,EDJA,47.988800048799995,10.2395000458
ICAO,EDKA,50.823055267333984,6.186388969421387
ICAO,EDKB,50.7688903809,7.16333293915
ICAO,EDKL,51.01527786254883,7.005556106567383
ICAO,EDKM,51.30277633666992,8.239167213439941
ICAO,EDKN,51.124168395996094,7.373610973358154
ICAO,EDKO,51.4025,8.641667
ICAO,EDKV,50.405555725,6.5288891792
ICAO,EDKZ,51.099998474121094,7.599999904632568
ICAO,EDLA,51.483890533447266,7.8983330726623535
ICAO,EDLB,51.779998779299994,7.28805589676
ICAO,EDLD,51.616112,6.865278
ICAO,EDLE,51.40230178833008,6.9373297691345215
ICAO,EDLF,51.33388900756836,6.3594441413879395
ICAO,EDLH,51.689720153808594,7.816111087799072
ICAO,EDLI,51.964722,8.544444
ICAO,EDLK,51.3849983215332,6.587778091430664
ICAO,EDLM,51.647202,7.16333
ICAO,EDLN,51.230278,6.504444
ICAO,EDLO,51.932220458984375,8.661666870117188
ICAO,EDLP,51.614101409899995,8.616319656369999
ICAO,EDLS,51.99583435058594,6.8405561447143555
ICAO,EDLT,51.94444274902344,7.773889064788818
ICAO,EDLV,51.6024017334,6.14216995239
ICAO,EDLW,51.51829910279999,7.61223983765
ICAO,EDMA,48.425278,10.931667
ICAO,EDMB,48.111111,9.762778
ICAO,EDME,48.39611053466797,12.723610877990723
ICAO,EDML,48.51166534423828,12.033332824707031
ICAO,EDMN,48.106945,10.525
ICAO,EDMO,48.081402,11.2831
ICAO,EDMS,48.90083312988281,12.516667366027832
ICAO,EDMT,48.009998,10.098611
ICAO,EDMV,48.6349983215332,13.195555686950684
ICAO,EDNB,49.12472152709961,12.985555648803711
ICAO,EDNF,48.822498,13.3675
ICAO,EDNL,47.858890533447266,10.014166831970215
ICAO,EDNM,49.22249984741211,12.296667098999023
ICAO,EDNR,49.141944885253906,12.081944465637207
ICAO,EDNV,47.946109771728516,12.20472240447998
ICAO,EDNX,48.239445,11.561389
ICAO,EDNY,47.671298980699994,9.51148986816
ICAO,EDOG,51.570907,13.051641
ICAO,EDOI,52.661667,12.745833
ICAO,EDOJ,52.141109466552734,12.664722442626953
ICAO,EDOP,53.426998,11.7834
ICAO,EDOV,52.62888717651367,11.818611145019531
ICAO,EDPA,48.77777862548828,10.264721870422363
ICAO,EDPW,49.06416702270508,11.209166526794434
ICAO,EDQA,49.920403,10.914233
ICAO,EDQD,49.985001,11.64
ICAO,EDQE,49.794166564941,11.133610725403
ICAO,EDQF,49.361111,10.669444
ICAO,EDQM,50.288612365722656,11.856389045715332
ICAO,EDQT,50.0180549621582,10.529443740844727
ICAO,EDRA,50.557777,7.136389
ICAO,EDRB,49.945278,6.565
ICAO,EDRF,49.47305679321289,8.196389198303223
ICAO,EDRI,49.141666412353516,8.394721984863281
ICAO,EDRK,50.325558,7.528611
ICAO,EDRN,49.9702796936,7.47916698456
ICAO,EDRT,49.863888,6.7875
ICAO,EDRV,50.451389,6.783333
ICAO,EDRY,49.304722,8.451389
ICAO,EDRZ,49.2094,7.40056
ICAO,EDSB,48.7793998718,8.08049964905
ICAO,EDTD,47.97333145139999,8.52222156525
ICAO,EDTF,48.022777557400005,7.83249998093
ICAO,EDTG,47.9027786255,7.6177778244
ICAO,EDTK,49.2472,8.8938
ICAO,EDTL,48.3693008423,7.82772016525
ICAO,EDTM,48.053890228271484,9.372777938842773
ICAO,EDTN,48.61277771,9.477222442629998
ICAO,EDTY,49.1183319092,9.783888816829998
ICAO,EDUS,51.607498,13.743611
ICAO,EDUW,53.92194366455078,13.218889236450195
ICAO,EDUZ,52.000832,12.148611
ICAO,EDVC,52.68722152709961,10.11138916015625
ICAO,EDVE,52.319199,10.5561
ICAO,EDVH,52.761865,9.61056
ICAO,EDVI,51.80666732788086,9.37833309173584
ICAO,EDVK,51.417273,9.384967
ICAO,EDVM,52.18138885498047,9.946389198303223
ICAO,EDVN,51.706390380859375,10.039722442626953
ICAO,EDVP,52.402500152600005,10.228889465299998
ICAO,EDVR,52.17527770996094,9.053333282470703
ICAO,EDVS,52.15444564819336,10.426667213439941
ICAO,EDVU,52.9838905334,10.4650001526
ICAO,EDVW,51.96666717529297,9.291666984558105
ICAO,EDVY,52.22083282470703,8.859167098999023
ICAO,EDWB,53.506943,8.572778
ICAO,EDWC,52.487499,8.185556
ICAO,EDWE,53.391109,7.2275
ICAO,EDWF,53.271942138671875,7.441667079925537
ICAO,EDWG,53.782779693603516,7.913888931274414
ICAO,EDWH,53.06889,8.313611
ICAO,EDWI,53.502220153808594,8.05222225189209
ICAO,EDWJ,53.68111038208008,7.055832862854004
ICAO,EDWK,53.33277893066406,9.028332710266113
ICAO,EDWL,53.74250030517578,7.497777938842773
ICAO,EDWM,53.053890228271484,9.208610534667969
ICAO,EDWO,52.286388,7.969722
ICAO,EDWQ,53.03611,8.505556
ICAO,EDWR,53.59639,6.709167
ICAO,EDWS,53.633056640599996,7.19027805328
ICAO,EDWV,52.965279,9.282778
ICAO,EDWY,53.70694351196289,7.230000019073486
ICAO,EDWZ,53.72472381591797,7.373332977294922
ICAO,EDXB,54.153331756600004,8.90166664124
ICAO,EDXF,54.77333450317383,9.378889083862305
ICAO,EDXH,54.185279846200004,7.91583299637
ICAO,EDXI,52.709720611572266,9.162500381469727
ICAO,EDXM,53.978057861328125,9.144721984863281
ICAO,EDXN,53.767223,8.643611
ICAO,EDXO,54.30888748168945,8.686944007873535
ICAO,EDXP,53.706668853759766,7.820278167724609
ICAO,EDXQ,53.128334045410156,9.348610877990723
ICAO,EDXR,54.220001220703125,9.599444389343262
ICAO,EDXU,53.28666687011719,8.947221755981445
ICAO,EDXW,54.9132003784,8.34047031403
ICAO,EECL,59.4486198425293,24.75322723388672
ICAO,EEEI,59.26029968261719,24.208499908447266
ICAO,EEKA,58.99079895019531,22.830699920654297
ICAO,EEKE,58.22990036010742,22.50950050354004
ICAO,EEKU,58.14830017089844,24.002500534057617
ICAO,EEPU,58.41899871826172,24.47279930114746
ICAO,EERU,57.78390121459961,23.26609992980957
ICAO,EETN,59.41329956049999,24.832799911499997
ICAO,EETU,58.3074989319,26.690399169900004
ICAO,EFET,68.362602233887,23.424299240112
ICAO,EFEU,61.1161003112793,22.201400756835938
ICAO,EFHA,61.856039,24.786686
ICAO,EFHE,60.14777755737305,24.9244441986084
ICAO,EFHF,60.254600524902344,25.042800903320312
ICAO,EFHK,60.317199707031,24.963300704956
ICAO,EFHM,61.689701080322266,23.073699951171875
ICAO,EFHN,59.848899841308594,23.083599090576172
ICAO,EFHV,60.6543998718,24.8810997009
ICAO,EFIK,60.4625015259,23.6525001526
ICAO,EFIM,61.24919891357422,28.90369987487793
ICAO,EFIT,62.1661,30.073601
ICAO,EFIV,68.607299804688,27.405300140381
ICAO,EFJO,62.662899017334,29.607500076294
ICAO,EFJY,62.399501800537,25.678300857544
ICAO,EFKA,63.127102,23.051399
ICAO,EFKE,65.778701782227,24.582099914551
ICAO,EFKI,64.285499572754,27.692399978638
ICAO,EFKJ,62.4625015259,22.3931007385
ICAO,EFKK,63.721199035645,23.143100738525
ICAO,EFKM,66.712898,27.156799
ICAO,EFKS,65.987602233887,29.239400863647
ICAO,EFKT,67.700996398926,24.846799850464
ICAO,EFKU,63.007099151611,27.797800064087
ICAO,EFKY,60.5713996887207,26.896099090576172
ICAO,EFLA,61.144199,25.693501
ICAO,EFLP,61.044601,28.144743
ICAO,EFMA,60.122200012207,19.898199081421
ICAO,EFME,62.94670104980469,23.51889991760254
ICAO,EFMI,61.6866,27.201799
ICAO,EFNU,60.333900451699996,24.2964000702
ICAO,EFOU,64.930099487305,25.354600906372
ICAO,EFPI,61.245601654052734,22.19339942932129
ICAO,EFPO,61.461700439453,21.799999237061
ICAO,EFPU,65.4021987915,26.946899414100002
ICAO,EFPY,63.7318992615,25.926300048799998
ICAO,EFRH,64.6881027222,24.6958007812
ICAO,EFRN,62.0654983521,28.3565006256
ICAO,EFRO,66.564796447754,25.830400466919
ICAO,EFRY,60.74470138549805,24.107799530029297
ICAO,EFSA,61.943099975586,28.945100784302
ICAO,EFSE,61.062400817871094,26.798900604248047
ICAO,EFSI,62.692101,22.8323
ICAO,EFSO,67.3949966431,26.6191005707
ICAO,EFTP,61.414100646973,23.604400634766
ICAO,EFTS,61.7733,24.027
ICAO,EFTU,60.514099121094,22.262800216675
ICAO,EFUT,60.89640045166,26.938400268555
ICAO,EFVA,63.050701141357,21.762199401855
ICAO,EFVR,62.171100616455,27.868600845337
ICAO,EFYL,64.0547222,24.7252778
ICAO,EGAA,54.6575012207,-6.2158298492399995
ICAO,EGAB,54.39889907836914,-7.651669979095459
ICAO,EGAC,54.618099212646484,-5.872499942779541
ICAO,EGAD,54.5811004639,-5.69193983078
ICAO,EGAE,55.04280090332031,-7.161109924316406
ICAO,EGAR,-67.5675,-68.1274027778
ICAO,EGBB,52.453899383499994,-1.74802994728
ICAO,EGBE,52.3697013855,-1.4797199964499999
ICAO,EGBG,52.6077995300293,-1.03193998336792
ICAO,EGBJ,51.89419937133789,-2.167220115661621
ICAO,EGBM,52.814701080300004,-1.76110994816
ICAO,EGBN,52.91999816894531,-1.0791699886322021
ICAO,EGBO,52.51750183105469,-2.2594399452209473
ICAO,EGBP,51.668095,-2.05694
ICAO,EGBS,52.2416992188,-2.8811099529299997
ICAO,EGBT,52.0407981873,-1.09555995464
ICAO,EGBW,52.19219970703125,-1.6144399642944336
ICAO,EGCB,53.471698761,-2.38971996307
ICAO,EGCC,53.35369873046875,-2.2749500274658203
ICAO,EGCD,53.3381,-2.14889
ICAO,EGCF,53.559700012200004,-0.8583329916
ICAO,EGCJ,53.788458,-1.216877
ICAO,EGCK,53.101819,-4.337614
ICAO,EGCN,53.4805378105,-1.01065635681
ICAO,EGCS,53.381099700927734,-0.6852779984474182
ICAO,EGCV,52.833900451699996,-2.77167010307
ICAO,EGDA,51.88375,-5.119972
ICAO,EGDC,51.08720016479492,-4.1503400802612305
ICAO,EGDL,51.5051,-1.99343
ICAO,EGDM,51.152198791503906,-1.7474100589752197
ICAO,EGDR,50.08610153198242,-5.255710124969482
ICAO,EGDX,51.4048,-3.43575
ICAO,EGDY,51.0093994140625,-2.638819932937622
ICAO,EGEC,55.437198638916016,-5.686389923095703
ICAO,EGED,59.19060134887695,-2.7722198963165283
ICAO,EGEF,59.53580093383789,-1.628059983253479
ICAO,EGEG,55.86138916015625,-4.2969441413879395
ICAO,EGEN,59.3675003052,-2.43443989754
ICAO,EGEO,56.4635009765625,-5.399670124053955
ICAO,EGEP,59.351699829100006,-2.9002799987800003
ICAO,EGER,59.1553001404,-2.64139008522
ICAO,EGES,59.250301361083984,-2.576669931411743
ICAO,EGET,60.192199707,-1.24361002445
ICAO,EGEW,59.3502998352,-2.95000004768
ICAO,EGEY,56.0574989319,-6.243060112
ICAO,EGFE,51.833099365234375,-4.9611101150512695
ICAO,EGFF,51.39670181274414,-3.343329906463623
ICAO,EGFH,51.60530090332031,-4.0678300857543945
ICAO,EGGD,51.382702,-2.71909
ICAO,EGGP,53.33359909057617,-2.849720001220703
ICAO,EGGW,51.874698638916016,-0.36833301186561584
ICAO,EGHA,50.967201232910156,-2.1536099910736084
ICAO,EGHC,50.102798,-5.67056
ICAO,EGHD,50.422798,-4.10583
ICAO,EGHE,49.913299560546875,-6.291669845581055
ICAO,EGHH,50.779998779296875,-1.8424999713897705
ICAO,EGHI,50.95029830932617,-1.3567999601364136
ICAO,EGHJ,50.6781005859,-1.10943996906
ICAO,EGHK,50.128101,-5.51845
ICAO,EGHL,51.187198638916016,-1.0334999561309814
ICAO,EGHN,50.653099,-1.18221998
ICAO,EGHP,51.193901,-1.23472
ICAO,EGHQ,50.44060134887695,-4.995409965515137
ICAO,EGHR,50.85940170288086,-0.7591670155525208
ICAO,EGHT,49.94559860229492,-6.331389904022217
ICAO,EGJA,49.706104,-2.21472
ICAO,EGJB,49.435001373291016,-2.6019699573516846
ICAO,EGJJ,49.20790100097656,-2.195509910583496
ICAO,EGKA,50.835602,-0.297222
ICAO,EGKB,51.33079910279999,0.0324999988079
ICAO,EGKH,51.156898,0.641667
ICAO,EGKK,51.148102,-0.190278
ICAO,EGKR,51.2136001587,-0.138611003757
ICAO,EGLC,51.505299,0.055278
ICAO,EGLF,51.2757987976,-0.776332974434
ICAO,EGLG,51.80250167849999,-0.158056005836
ICAO,EGLJ,51.67610168457031,-1.0808299779891968
ICAO,EGLK,51.32389831542969,-0.8475000262260437
ICAO,EGLL,51.4706,-0.461941
ICAO,EGLM,51.500801086399996,-0.774443984032
ICAO,EGLW,51.46972274779999,-0.179444000125
ICAO,EGMC,51.5713996887207,0.6955559849739075
ICAO,EGMD,50.95610046386719,0.9391670227050781
ICAO,EGMH,51.342201,1.34611
ICAO,EGMK,51.08,1.013
ICAO,EGMT,51.537505,0.367634
ICAO,EGNB,53.7197,-0.566333
ICAO,EGNC,54.9375,-2.8091700077056885
ICAO,EGNE,53.280601501464844,-0.9513890147209167
ICAO,EGNH,53.77170181274414,-3.0286099910736084
ICAO,EGNJ,53.57440185546875,-0.350832998752594
ICAO,EGNL,54.1286111,-3.2675
ICAO,EGNM,53.86589813232422,-1.6605700254440308
ICAO,EGNO,53.745098,-2.88306
ICAO,EGNR,53.1781005859375,-2.9777801036834717
ICAO,EGNS,54.08330154418945,-4.623889923095703
ICAO,EGNT,55.037498474121094,-1.6916699409484863
ICAO,EGNU,53.980598,-0.864722
ICAO,EGNV,54.50920104980469,-1.4294099807739258
ICAO,EGNX,52.8311004639,-1.32806003094
ICAO,EGOD,52.811698913574,-4.1235799789429
ICAO,EGOE,52.87120056152344,-2.533560037612915
ICAO,EGOM,55.0499992371,-2.54999995232
ICAO,EGOQ,53.258598,-4.37355
ICAO,EGOS,52.79819869995117,-2.6680400371551514
ICAO,EGOU,60.4252,-0.75
ICAO,EGOV,53.2481002808,-4.53533983231
ICAO,EGOW,53.5816,-3.05552
ICAO,EGPA,58.957801818847656,-2.9049999713897705
ICAO,EGPB,59.87889862060547,-1.2955600023269653
ICAO,EGPC,58.458900451660156,-3.09306001663208
ICAO,EGPD,57.201900482177734,-2.197779893875122
ICAO,EGPE,57.54249954223633,-4.047500133514404
ICAO,EGPF,55.8718986511,-4.43306016922
ICAO,EGPH,55.95000076293945,-3.372499942779541
ICAO,EGPI,55.68190002441406,-6.256669998168945
ICAO,EGPK,55.5093994140625,-4.586669921875
ICAO,EGPL,57.48109817504883,-7.3627800941467285
ICAO,EGPM,60.43280029296875,-1.2961100339889526
ICAO,EGPN,56.45249938964844,-3.025830030441284
ICAO,EGPO,58.215599060058594,-6.331110000610352
ICAO,EGPR,57.0228,-7.44306
ICAO,EGPT,56.43920135498047,-3.372220039367676
ICAO,EGPU,56.49919891357422,-6.869170188903809
ICAO,EGPW,60.74720001220703,-0.8538500070571899
ICAO,EGQK,57.6493988037,-3.56064009666
ICAO,EGQL,56.37289810180664,-2.8684399127960205
ICAO,EGQS,57.7052001953125,-3.339169979095459
ICAO,EGSC,52.205002,0.175
ICAO,EGSF,52.468101501464844,-0.2511110007762909
ICAO,EGSG,51.652500152600005,0.155833005905
ICAO,EGSH,52.6758003235,1.28278005123
ICAO,EGSM,52.435298919699996,1.6183300018300002
ICAO,EGSS,51.8849983215,0.234999999404
ICAO,EGSU,52.090801,0.131944
ICAO,EGSX,51.721698761,0.154166996479
ICAO,EGSY,53.394299,-1.38849
ICAO,EGTB,51.6116981506,-0.8083329796790001
ICAO,EGTC,52.0722007751,-0.616666972637
ICAO,EGTE,50.73440170288086,-3.4138898849487305
ICAO,EGTF,51.3480987549,-0.558888971806
ICAO,EGTG,51.5194015503,-2.59083008766
ICAO,EGTK,51.8368988037,-1.32000005245
ICAO,EGTN,51.928166666699994,-1.4285
ICAO,EGTO,51.351898193359375,0.5033329725265503
ICAO,EGTR,51.6557998657,-0.325832992792
ICAO,EGUB,51.616401672399995,-1.09582996368
ICAO,EGUL,52.409301757799994,0.56099998951
ICAO,EGUN,52.361900329589844,0.48640599846839905
ICAO,EGUW,52.1273002625,0.956264019012
ICAO,EGUY,52.3572006226,-0.107832998037
ICAO,EGVA,51.6822013855,-1.7900300025900002
ICAO,EGVN,51.75,-1.58362
ICAO,EGVO,51.2341003418,-0.94282501936
ICAO,EGWC,52.639999,-2.30558
ICAO,EGWU,51.553001403799996,-0.418166995049
ICAO,EGXC,53.0929985046,-0.166014000773
ICAO,EGXD,54.1371994019,-1.42025005817
ICAO,EGXE,54.2924,-1.5354
ICAO,EGXG,53.834301,-1.1955
ICAO,EGXH,52.34260177612305,0.7729390263557434
ICAO,EGXJ,52.735699,-0.648769
ICAO,EGXP,53.307800293,-0.550832986832
ICAO,EGXT,52.612598,-0.476453
ICAO,EGXU,54.0489006042,-1.2527500391
ICAO,EGXW,53.1661987305,-0.523810982704
ICAO,EGXZ,54.205501556399994,-1.3820899725
ICAO,EGYD,53.0303001404,-0.48324200511
ICAO,EGYE,52.962200164799995,-0.561625003815
ICAO,EGYM,52.648395,0.550692
ICAO,EGYP,-51.82279968261719,-58.447200775146484
ICAO,EHAL,53.451698,5.67722
ICAO,EHAM,52.308601,4.76389
ICAO,EHBD,51.255299,5.60139
ICAO,EHBK,50.911701,5.77014
ICAO,EHDL,52.0606,5.87306
ICAO,EHDP,51.51729965209961,5.855720043182373
ICAO,EHDR,53.1192016602,6.12972021103
ICAO,EHEH,51.4500999451,5.37452983856
ICAO,EHGG,53.1197013855,6.57944011688
ICAO,EHGR,51.56740188598633,4.931829929351807
ICAO,EHHO,52.730801,6.51611
ICAO,EHHV,52.191898,5.14694
ICAO,EHKD,52.92340087890625,4.780620098114014
ICAO,EHLE,52.4603,5.52722
ICAO,EHLW,53.228599548339844,5.760560035705566
ICAO,EHMZ,51.5121994019,3.73111009598
ICAO,EHRD,51.956902,4.43722
ICAO,EHSB,52.1273002625,5.27618980408
ICAO,EHSE,51.554699,4.5525
ICAO,EHTE,52.2447013855,6.04666996002
ICAO,EHTL,52.057201,5.92444
ICAO,EHTW,52.275833,6.889167
ICAO,EHTX,53.115299,4.83361
ICAO,EHVB,52.166099548300004,4.41794013977
ICAO,EHVK,51.657222,5.7077778
ICAO,EHWO,51.4491,4.34203
ICAO,EIBN,51.66859817504883,-9.484169960021973
ICAO,EICA,53.23030090332031,-9.467780113220215
ICAO,EICK,51.84130096435547,-8.491109848022461
ICAO,EICM,53.300201416015625,-8.941590309143066
ICAO,EIDL,55.0442008972168,-8.340999603271484
ICAO,EIDW,53.421299,-6.27007
ICAO,EIIM,53.1067008972168,-9.653610229492188
ICAO,EIIR,53.064701080322266,-9.510899543762207
ICAO,EIKN,53.910301208496094,-8.818490028381348
ICAO,EIKY,52.18090057373047,-9.52377986907959
ICAO,EIME,53.301700592,-6.451330184940001
ICAO,EIMN,53.09299850463867,-9.568059921264648
ICAO,EINC,53.07109832763672,-6.0452799797058105
ICAO,EINN,52.702,-8.92482
ICAO,EISG,54.280200958252,-8.5992097854614
ICAO,EIWF,52.187198638916016,-7.0869598388671875
ICAO,EIWT,53.3521995544,-6.48611021042
ICAO,EKAC,56.151717,10.248428
ICAO,EKAE,54.85279846191406,10.456399917602539
ICAO,EKAH,56.2999992371,10.619000434899998
ICAO,EKAT,56.698898315399994,11.5558996201
ICAO,EKBI,55.7402992249,9.15178012848
ICAO,EKCH,55.617900848389,12.656000137329
ICAO,EKEB,55.525902,8.5534
ICAO,EKEL,55.7565,10.2485
ICAO,EKFA,61.543701171875,-6.774419784545898
ICAO,EKGH,55.94139862060547,12.382200241088867
ICAO,EKHG,56.18470001220703,9.044449806213379
ICAO,EKKA,56.29750061035156,9.124629974365234
ICAO,EKKL,55.70029830932617,11.25
ICAO,EKKV,62.2178497314,-6.5764546394300005
ICAO,EKLS,57.277198791503906,11.000100135803223
ICAO,EKMB,54.699299,11.4401
ICAO,EKMS,62.1021003723,-7.645919799800001
ICAO,EKNB,55.07485,9.753379
ICAO,EKOD,55.47669982910156,10.330900192260742
ICAO,EKPB,54.87030029296875,9.279009819030762
ICAO,EKRK,55.585601806640625,12.131400108337402
ICAO,EKRN,55.06330108642578,14.759599685668945
ICAO,EKSB,54.96440124511719,9.791729927062988
ICAO,EKSN,57.503502,10.2294
ICAO,EKSP,55.221048,9.26702
ICAO,EKSR,61.685298919677734,-6.758500099182129
ICAO,EKSS,55.88949966430664,10.613699913024902
ICAO,EKSV,56.550201416015625,9.172980308532715
ICAO,EKSY,61.76959991455078,-6.803410053253174
ICAO,EKTB,62.02170181274414,-6.757420063018799
ICAO,EKTD,54.9296989440918,8.840570449829102
ICAO,EKTS,57.06880187988281,8.705220222473145
ICAO,EKVD,55.436298,9.33092
ICAO,EKVG,62.0635986328125,-7.277219772338867
ICAO,EKVH,56.846901,9.45861
ICAO,EKVJ,55.9901008605957,8.353910446166992
ICAO,EKYT,57.0927589138,9.84924316406
ICAO,ELLX,49.6233333,6.2044444
ICAO,ENAL,62.5625,6.119699954986572
ICAO,ENAN,69.292503356934,16.144199371338
ICAO,ENAS,78.9274978638,11.8743
ICAO,ENAT,69.976097106934,23.371700286865
ICAO,ENBM,60.63890075683594,6.501500129699707
ICAO,ENBN,65.461097717285,12.217499732971
ICAO,ENBO,67.26920318603516,14.365300178527832
ICAO,ENBR,60.29339981,5.218140125
ICAO,ENBS,70.60050201416,29.691400527954
ICAO,ENBV,70.871399,29.034201
ICAO,ENCN,58.204201,8.08537
ICAO,ENDI,60.417301177978516,8.518349647521973
ICAO,ENDU,69.055801391602,18.540399551392
ICAO,ENEN,67.967222,14.9925
ICAO,ENEV,68.491302490234,16.678100585938
ICAO,ENFB,59.89580154418945,10.617199897766113
ICAO,ENFG,61.015598297119,9.2880601882935
ICAO,ENFL,61.583599090576,5.0247201919556
ICAO,ENGM,60.121,11.0502
ICAO,ENHA,60.81809997558594,11.067999839782715
ICAO,ENHD,59.34529876709,5.2083601951599
ICAO,ENHF,70.679702758789,23.668600082397
ICAO,ENHK,70.486701965332,22.139699935913
ICAO,ENHV,71.009696960449,25.983600616455
ICAO,ENJA,70.9441166,-8.6520736
ICAO,ENKA,69.04029846191406,23.034000396728516
ICAO,ENKB,63.111801147461,7.824520111084
ICAO,ENKJ,59.9692993164,11.036100387600001
ICAO,ENKR,69.725799560547,29.891300201416
ICAO,ENLI,58.0994987487793,6.626049995422363
ICAO,ENLK,68.152496337891,13.609399795532
ICAO,ENMH,71.02970123291,27.826700210571
ICAO,ENML,62.744701385498,7.2624998092651
ICAO,ENMS,65.783996582031,13.214900016785
ICAO,ENNA,70.068801879883,24.973499298096
ICAO,ENNK,68.436897277832,17.386699676514
ICAO,ENNM,64.472198486328,11.57859992981
ICAO,ENNO,59.565701,9.21222
ICAO,ENOL,63.69889831542969,9.604000091552734
ICAO,ENOV,62.180000305176,6.0741000175476
ICAO,ENPY,78.652322,16.337208
ICAO,ENRA,66.363899230957,14.301400184631
ICAO,ENRI,61.545440673,10.061588287
ICAO,ENRK,59.397499,11.3469
ICAO,ENRM,64.838302612305,11.14610004425
ICAO,ENRO,62.578399658203,11.342300415039
ICAO,ENRS,67.527801513672,12.103300094604
ICAO,ENRY,59.378817,10.785439
ICAO,ENSA,77.8969444,16.725
ICAO,ENSB,78.246101379395,15.465600013733
ICAO,ENSD,61.830001831055,6.1058301925659
ICAO,ENSG,61.156101,7.13778
ICAO,ENSH,68.243301391602,14.669199943542
ICAO,ENSK,68.578826904297,15.033416748047
ICAO,ENSN,59.185001373291016,9.566940307617188
ICAO,ENSO,59.791900634765625,5.340849876403809
ICAO,ENSR,69.786796569824,20.959400177002
ICAO,ENSS,70.355400085449,31.044900894165
ICAO,ENST,65.956802368164,12.468899726868
ICAO,ENTC,69.68329620361328,18.918899536132812
ICAO,ENTO,59.1866989136,10.258600235
ICAO,ENVA,63.4578018,10.9239998
ICAO,ENVD,70.065299987793,29.844699859619
ICAO,ENVR,67.654555,12.727257
ICAO,ENZV,58.876701354,5.6377801895
ICAO,EPBA,49.80500030517578,19.00189971923828
ICAO,EPBC,52.26850128173828,20.910999298095703
ICAO,EPBP,52.00078,23.1325278
ICAO,EPBY,53.096801757799994,17.9776992798
ICAO,EPCE,54.416,17.7633
ICAO,EPDE,51.551399231,21.8936004639
ICAO,EPGD,54.377601623535156,18.46619987487793
ICAO,EPGO,52.18444061279297,21.281110763549805
ICAO,EPIR,52.8293991089,18.3306007385
ICAO,EPJA,54.71028137207031,18.645280838012695
ICAO,EPJG,50.89889907836914,15.785599708557129
ICAO,EPKK,50.077702,19.7848
ICAO,EPKM,50.23809814453125,19.03420066833496
ICAO,EPKO,54.129583,17.844972
ICAO,EPKS,52.3316993713,16.9664001465
ICAO,EPKT,50.4743,19.08
ICAO,EPLB,51.240278,22.713611
ICAO,EPLK,51.551700592,19.179100036599998
ICAO,EPLL,51.721900939899996,19.3980998993
ICAO,EPLY,52.004699707,19.1455993652
ICAO,EPMB,54.0269012451,19.134199142499998
ICAO,EPMI,53.395099639899996,16.0827999115
ICAO,EPML,50.32229995727539,21.462099075317383
ICAO,EPMM,52.1954994202,21.6558990479
ICAO,EPMO,52.451099,20.6518
ICAO,EPOK,54.57970047,18.51720047
ICAO,EPPO,52.421001434299995,16.8262996674
ICAO,EPPR,54.248001,18.6716
ICAO,EPPW,52.379398,17.853901
ICAO,EPRA,51.3891983032,21.213300705
ICAO,EPRZ,50.1100006104,22.0189990997
ICAO,EPSC,53.584701538100006,14.902199745199999
ICAO,EPSD,53.3921012878418,14.63379955291748
ICAO,EPSK,54.47890090942383,17.107500076293945
ICAO,EPSN,53.790599823,15.826299667399999
ICAO,EPSU,54.07279968261719,22.899200439453125
ICAO,EPSY,53.481899,20.9377
ICAO,EPTM,51.584400177,20.0977993011
ICAO,EPWA,52.1656990051,20.967100143399996
ICAO,EPWR,51.1026992798,16.885799408
ICAO,EPZG,52.138500213600004,15.7986001968
ICAO,ESCF,58.40230178833008,15.525699615478516
ICAO,ESCK,58.61090087890625,16.103599548339844
ICAO,ESCM,59.897300720214844,17.588600158691406
ICAO,ESDF,56.266700744629,15.265000343323
ICAO,ESFR,58.49810028076172,13.053199768066406
ICAO,ESGG,57.662799835205,12.279800415039
ICAO,ESGJ,57.757598876953125,14.068699836730957
ICAO,ESGK,58.1697998046875,13.587800025939941
ICAO,ESGL,58.4655,13.1744
ICAO,ESGP,57.7747,11.8704
ICAO,ESGR,58.45640182495117,13.972700119018555
ICAO,ESGT,58.31809997558594,12.345000267028809
ICAO,ESIA,58.51380157470703,14.507100105285645
ICAO,ESIB,58.42639923095703,12.714400291442871
ICAO,ESKB,59.4144743644,17.8821372986
ICAO,ESKK,59.34590148925781,14.49590015411377
ICAO,ESKM,60.957901,14.5114
ICAO,ESKN,58.78860092163086,16.912200927734375
ICAO,ESKV,59.6759,12.6394
ICAO,ESKX,58.79079818725586,16.571199417114258
ICAO,ESMA,56.610802,15.6048
ICAO,ESMG,56.9502983093,13.921699523900001
ICAO,ESMK,55.92169952392578,14.08549976348877
ICAO,ESML,55.94599914550781,12.869999885559082
ICAO,ESMO,57.350498,16.497999
ICAO,ESMP,57.264198303222656,13.59939956665039
ICAO,ESMQ,56.68550109863281,16.287599563598633
ICAO,ESMS,55.536305364,13.376197814900001
ICAO,ESMT,56.69110107421875,12.820199966430664
ICAO,ESMV,57.292198,14.1372
ICAO,ESMX,56.929100036621094,14.727999687194824
ICAO,ESNA,63.73830032348633,15.45829963684082
ICAO,ESNC,62.40890121459999,13.747200012199999
ICAO,ESND,62.04779815673828,14.422900199890137
ICAO,ESNF,61.897998809814,15.705300331116
ICAO,ESNG,67.13240051269531,20.814599990844727
ICAO,ESNH,61.7681007385,17.0806999207
ICAO,ESNJ,66.49620056152344,20.147199630737305
ICAO,ESNK,63.04859924316406,17.76889991760254
ICAO,ESNL,64.54830169677734,18.71619987487793
ICAO,ESNM,63.12860107421875,14.802800178527832
ICAO,ESNN,62.528099060058594,17.443899154663086
ICAO,ESNO,63.40829849243164,18.989999771118164
ICAO,ESNP,65.39830017089844,21.260799407958984
ICAO,ESNQ,67.821998596191,20.336799621582
ICAO,ESNR,61.189998626708984,14.712599754333496
ICAO,ESNS,64.62480163574219,21.076900482177734
ICAO,ESNT,62.4814,17.002899
ICAO,ESNU,63.791801452637,20.282800674438
ICAO,ESNV,64.5791015625,16.833599090576172
ICAO,ESNX,65.59030151367188,19.28190040588379
ICAO,ESNY,61.26150131225586,17.09910011291504
ICAO,ESNZ,63.194400787354,14.50030040741
ICAO,ESOE,59.22370147705078,15.038000106811523
ICAO,ESOH,60.02009963989258,13.578900337219238
ICAO,ESOK,59.444698333699996,13.337400436400001
ICAO,ESOW,59.58940124511719,16.63360023498535
ICAO,ESPA,65.543800354004,22.121999740601
ICAO,ESPE,65.87529754638672,20.149900436401367
ICAO,ESQO,59.386600494384766,15.924099922180176
ICAO,ESSA,59.651901245117,17.918600082397
ICAO,ESSB,59.354400634765625,17.941699981689453
ICAO,ESSD,60.422000885009766,15.515199661254883
ICAO,ESSE,59.34510040283203,17.74049949645996
ICAO,ESSF,57.525799,15.8233
ICAO,ESSK,60.593299865722656,16.951400756835938
ICAO,ESSL,58.4062004089,15.680500030500001
ICAO,ESSP,58.586299896240234,16.250600814819336
ICAO,ESST,60.1576004028,12.991299629199998
ICAO,ESSU,59.35110092163086,16.70840072631836
ICAO,ESSV,57.662799835205,18.346200942993
ICAO,ESSZ,59.10110092163086,17.21109962463379
ICAO,ESTA,56.29610061645508,12.847100257873535
ICAO,ESTL,56.082801818847656,13.212499618530273
ICAO,ESUD,64.96089935302734,17.69659996032715
ICAO,ESUK,67.76480102539062,20.257200241088867
ICAO,ESUP,67.24559783935547,23.068899154663086
ICAO,ESUT,65.80609893798828,15.082799911499023
ICAO,ETAD,49.9726982117,6.69250011444
ICAO,ETAR,49.4369010925293,7.600279808044434
ICAO,ETEU,49.648101806599996,9.966489791870002
ICAO,ETHB,52.2785,9.08217
ICAO,ETHC,52.59120178222656,10.022100448608398
ICAO,ETHE,52.291199,7.387
ICAO,ETHF,51.1146,9.286
ICAO,ETHL,48.220299,9.91002
ICAO,ETHM,50.366001,7.31533
ICAO,ETHN,49.391945,9.958889
ICAO,ETHR,49.217498779296875,11.100199699401855
ICAO,ETHS,52.919399,10.185827
ICAO,ETIC,49.698699951171875,11.940199851989746
ICAO,ETID,50.169201,8.96159
ICAO,ETIH,49.218101501464844,11.836099624633789
ICAO,ETIN,49.743099,10.2006
ICAO,ETMN,53.7677001953,8.658499717709999
ICAO,ETND,52.585556,8.342222
ICAO,ETNG,50.9608,6.04242
ICAO,ETNH,54.312199,9.53817
ICAO,ETNJ,53.533501,7.88867
ICAO,ETNL,53.9182014465,12.278300285299999
ICAO,ETNN,50.8312,6.65817
ICAO,ETNP,52.33869934082031,7.541329860687256
ICAO,ETNS,54.459301,9.51633
ICAO,ETNT,53.54779815673828,7.667329788208008
ICAO,ETNW,52.457298,9.42717
ICAO,ETOI,49.63359832763672,11.767200469970703
ICAO,ETOR,49.5635986328125,8.463390350341797
ICAO,ETOU,50.049800872802734,8.325400352478027
ICAO,ETSA,48.070599,10.906
ICAO,ETSB,50.1738014221,7.06333017349
ICAO,ETSE,48.32229995727539,11.948699951171875
ICAO,ETSF,48.205555,11.266944
ICAO,ETSH,51.767799,13.1677
ICAO,ETSI,48.7156982421875,11.534000396728516
ICAO,ETSL,48.185504,10.8612
ICAO,ETSN,48.710999,11.2115
ICAO,ETUO,51.922798,8.30633
ICAO,EVDA,55.944721221900004,26.6650009155
ICAO,EVKA,56.534698,25.8925
ICAO,EVLA,56.51750183105469,21.096900939941406
ICAO,EVRA,56.92359924316406,23.971099853515625
ICAO,EVRC,56.8833007812,24.2266998291
ICAO,EVTA,56.9422,23.2239
ICAO,EVVA,57.35779953,21.5442008972
ICAO,EYKA,54.96390151977539,24.084800720214844
ICAO,EYKD,55.31169891357422,23.95639991760254
ICAO,EYKL,55.7118988037,21.242799758900002
ICAO,EYKS,54.879799,23.8815
ICAO,EYPA,55.973201751708984,21.093900680541992
ICAO,EYPP,55.729400634765625,24.460800170898438
ICAO,EYSA,55.89390182495117,23.395000457763672
ICAO,EYSB,56.07059860229492,23.5580997467041
ICAO,EYVI,54.634102,25.285801
ICAO,EYVP,54.48484802246094,24.98737335205078
ICAO,FA08,28.166999816900002,-81.80809783939999
ICAO,FA54,26.85449981689453,-82.2511978149414
ICAO,FAAB,-28.575001,16.5333
ICAO,FAAG,-29.28179931640625,18.813899993896484
ICAO,FAAL,-22.6790008545,29.0555000305
ICAO,FAAN,-30.68000030517578,26.729999542236328
ICAO,FABB,-26.23859977722168,28.301799774169922
ICAO,FABE,-32.8970985413,27.279100418099997
ICAO,FABL,-29.092699050900002,26.302400589
ICAO,FABM,-28.2483997345,28.3360996246
ICAO,FABO,-27.36680030822754,26.629199981689453
ICAO,FABR,-34.665,20.0628
ICAO,FABS,-25.53230094909668,27.77589988708496
ICAO,FACC,-24.744165,31.522499
ICAO,FACO,-29.906400680541992,22.316699981689453
ICAO,FACT,-33.9648017883,18.6016998291
ICAO,FACV,-31.50029945373535,19.725900650024414
ICAO,FADQ,-27.84939956665039,32.30970001220703
ICAO,FADW,0.0,0.0
ICAO,FAEL,-33.0355987549,27.825899124099998
ICAO,FAEO,-26.4955997467041,29.979799270629883
ICAO,FAFB,-28.82309913635254,27.908899307250977
ICAO,FAGC,-25.986299514799995,28.1401004791
ICAO,FAGG,-34.0056,22.378902
ICAO,FAGM,-26.2425003052,28.1511993408
ICAO,FAGR,-32.193599700927734,24.541400909423828
ICAO,FAGT,-33.284698486328125,26.49810028076172
ICAO,FAGY,-29.1219997406,30.586700439499996
ICAO,FAHA,-28.078699111938477,26.8612003326416
ICAO,FAHR,-28.23509979248047,29.106199264526367
ICAO,FAHS,-24.368600845299998,31.0487003326
ICAO,FAHV,-30.56220054626465,25.52829933166504
ICAO,FAKD,-26.8710994720459,26.718000411987305
ICAO,FAKM,-28.802799224900003,24.7651996613
ICAO,FAKN,-25.3831996918,31.1056003571
ICAO,FAKR,-26.0808259199,27.7259149551
ICAO,FAKS,-27.660600662231445,27.315799713134766
ICAO,FAKU,-27.45669937133789,23.411399841308594
ICAO,FAKZ,-29.6884002686,17.093999862700002
ICAO,FALA,-25.938499450699997,27.9260997772
ICAO,FALC,-28.36009979248047,23.43910026550293
ICAO,FALE,-29.6144444444,31.1197222222
ICAO,FALI,-26.17569923400879,26.184600830078125
ICAO,FALM,-23.159900665283203,29.696500778198242
ICAO,FALW,-32.968898773199996,18.1602993011
ICAO,FALY,-28.5816993713,29.749700546299998
ICAO,FAMB,-25.684799194335938,29.440200805664062
ICAO,FAMD,-24.818099975585938,31.544599533081055
ICAO,FAMG,-30.8574008942,30.343000412
ICAO,FAMI,-24.989099502563477,29.283100128173828
ICAO,FAMJ,-27.079299926799997,29.7784996033
ICAO,FAMM,-25.798400878900004,25.548000335699996
ICAO,FAMN,-25.4300003052,31.5767002106
ICAO,FAMS,-25.7045001984,26.9090003967
ICAO,FAMU,-27.626100540161133,32.0443000793457
ICAO,FANC,-27.7705993652,29.976900100699996
ICAO,FANS,-25.5,30.9137992859
ICAO,FANY,-24.686100006103516,28.434900283813477
ICAO,FAOB,-34.554901123,20.250699996900003
ICAO,FAOH,-33.6069984436,22.188999176
ICAO,FAOR,-26.1392,28.246
ICAO,FAPE,-33.9849014282,25.6173000336
ICAO,FAPG,-34.0881601675,23.3287234306
ICAO,FAPH,-23.937200546299998,31.1553993225
ICAO,FAPI,-23.9260997772,29.4843997955
ICAO,FAPJ,-31.605899810791016,29.519800186157227
ICAO,FAPM,-29.649000167799997,30.3987007141
ICAO,FAPN,-25.333799362199997,27.173400878900004
ICAO,FAPP,-23.845269,29.458615
ICAO,FAPS,-26.670999527,27.0818996429
ICAO,FAPY,-26.889299392700195,27.503400802612305
ICAO,FAQT,-31.92020034790039,26.882200241088867
ICAO,FARB,-28.740999221800003,32.0920982361
ICAO,FARG,-25.6443004608,27.271099090599996
ICAO,FARS,-33.812198638916016,19.902799606323242
ICAO,FASB,-29.689300537109375,17.939599990844727
ICAO,FASC,-26.52409935,29.170099258399997
ICAO,FASD,-32.964099884,17.9692993164
ICAO,FASI,-26.2494004736,28.3982715607
ICAO,FASK,-25.8097000122,28.164600372299997
ICAO,FASS,-27.6485996246,22.9993000031
ICAO,FASX,-34.04819869995117,20.474599838256836
ICAO,FASZ,-24.960899353,31.5886993408
ICAO,FATF,-28.260000228881836,22.993200302124023
ICAO,FATP,-29.032899856567383,26.15760040283203
ICAO,FATT,-26.776599884,29.3388004303
ICAO,FATW,-27.204999923706055,22.48189926147461
ICAO,FATZ,-23.8243999481,30.329299926799997
ICAO,FAUL,-28.3206005096,31.4165000916
ICAO,FAUP,-28.39909935,21.260200500499998
ICAO,FAUT,-31.546363184900002,28.6733551025
ICAO,FAVB,-26.9824008942,24.7287998199
ICAO,FAVG,-29.770599365234375,31.058399200439453
ICAO,FAVR,-31.641000747680664,18.5447998046875
ICAO,FAVV,-26.566400528,27.9608001709
ICAO,FAWB,-25.6539,28.224199
ICAO,FAWI,-25.832300186199998,29.1919994354
ICAO,FAWK,-25.829999923699997,28.222499847399998
ICAO,FAWM,-27.996824511099998,26.663333892799997
ICAO,FAYP,-33.90019989013672,18.498300552368164
ICAO,FAZR,-25.599000930786133,26.042299270629883
ICAO,FBCO,-19.131115,23.102505
ICAO,FBDT,-19.5323,23.0925
ICAO,FBFT,-21.15959930419922,27.47450065612793
ICAO,FBGZ,-21.6924991607666,21.658100128173828
ICAO,FBHU,-19.2765,22.475646
ICAO,FBJW,-24.6023006439209,24.69099998474121
ICAO,FBKE,-17.83289909362793,25.162399291992188
ICAO,FBKR,-19.149999618530273,23.783000946044922
ICAO,FBMN,-19.97260093688965,23.431100845336914
ICAO,FBOR,-21.266701,25.3167
ICAO,FBSK,-24.555201,25.9182
ICAO,FBSN,-20.5534,26.115801
ICAO,FBSP,-22.0583,27.8288
ICAO,FBSW,-18.373899459838867,21.832599639892578
ICAO,FBTL,-22.189199447599997,29.126899719199997
ICAO,FBVM,-18.955395,22.814533
ICAO,FCBB,-4.251699924468994,15.253000259399414
ICAO,FCOD,-1.226666,15.91
ICAO,FCOI,1.6169999837875366,18.066999435424805
ICAO,FCOO,-0.5313500165939331,15.95009994506836
ICAO,FCOU,1.6159900426899998,16.0379009247
ICAO,FCPL,-4.20635,12.6599
ICAO,FCPP,-4.816030025482178,11.88659954071045
ICAO,FDMS,-26.52899932861328,31.3075008392334
ICAO,FDSK,-26.358611,31.716944
ICAO,FEFF,4.39847993850708,18.518800735473633
ICAO,FEFT,4.2215800285339355,15.786399841308594
ICAO,FGAB,-1.410277,5.621944
ICAO,FGBT,1.9054700136184692,9.805680274963379
ICAO,FGSL,3.755270004272461,8.708720207214355
ICAO,FHAW,-7.9696,-14.3937
ICAO,FHSH,-15.957725,-5.645943
ICAO,FIMP,-20.430201,57.683601
ICAO,FIMR,-19.7577,63.361
ICAO,FJDG,-7.31327,72.411102
ICAO,FKKC,4.08919000626,9.360529899600001
ICAO,FKKD,4.0060801506,9.719479560849999
ICAO,FKKL,10.451399803161621,14.257399559020996
ICAO,FKKM,5.636919975280762,10.750800132751465
ICAO,FKKN,7.3570098876953125,13.559200286865234
ICAO,FKKR,9.33588981628418,13.370100021362305
ICAO,FKKU,5.536920070650001,10.354599952700001
ICAO,FKKV,6.039239883422852,10.122599601745605
ICAO,FKKY,3.8360400199890137,11.523500442504883
ICAO,FKYS,3.722559928894043,11.553299903869629
ICAO,FLCP,-13.558300018310547,32.58720016479492
ICAO,FLKE,-12.572799682617,27.893899917603
ICAO,FLKS,-10.216699600219727,31.13330078125
ICAO,FLKY,-8.524999618530273,30.663000106811523
ICAO,FLLC,-15.4138002396,28.3306999207
ICAO,FLLI,-17.821800231933594,25.82270050048828
ICAO,FLLS,-15.3308000565,28.4526004791
ICAO,FLMA,-11.13700008392334,28.872600555419922
ICAO,FLMF,-13.258899688720703,31.936599731445312
ICAO,FLMG,-15.254500389099121,23.16230010986328
ICAO,FLND,-12.998100280762,28.66489982605
ICAO,FLSO,-12.900500297546387,28.149900436401367
ICAO,FMCH,-11.5337,43.2719
ICAO,FMCI,-12.298100471496582,43.76639938354492
ICAO,FMCN,-11.710800170899999,43.2439002991
ICAO,FMCV,-12.131699562072754,44.430301666259766
ICAO,FMCZ,-12.804699897766113,45.28110122680664
ICAO,FMEE,-20.887100219726562,55.51029968261719
ICAO,FMEP,-21.320899963378906,55.42499923706055
ICAO,FMME,-19.8392214824,47.063713073699994
ICAO,FMMG,-18.701273,44.614921
ICAO,FMMI,-18.7969,47.478802
ICAO,FMMK,-18.80501,45.273467
ICAO,FMML,-19.6867008209,44.541900634799994
ICAO,FMMN,-19.56279945373535,45.450801849365234
ICAO,FMMO,-18.049999,44.033001
ICAO,FMMR,-17.850083,44.920467
ICAO,FMMS,-17.093900680541992,49.815799713134766
ICAO,FMMT,-18.109500885009766,49.39250183105469
ICAO,FMMU,-17.47610092163086,43.972801208496094
ICAO,FMMV,-20.284700393676758,44.31760025024414
ICAO,FMMX,-18.759677,46.054065
ICAO,FMMZ,-17.795378,48.442583
ICAO,FMNA,-12.34939956665039,49.29169845581055
ICAO,FMNC,-16.16390037536621,49.773799896240234
ICAO,FMND,-14.651700019836426,49.620601654052734
ICAO,FMNE,-13.188400268554688,48.987998962402344
ICAO,FMNG,-15.584286,47.623587
ICAO,FMNH,-14.99940013885498,50.3202018737793
ICAO,FMNJ,-13.645705,48.459427
ICAO,FMNL,-14.62969970703125,47.76380157470703
ICAO,FMNM,-15.6668417421,46.351232528699995
ICAO,FMNN,-13.3121004105,48.3148002625
ICAO,FMNO,-16.10169,45.358837
ICAO,FMNP,-16.0722693402,47.644164562200004
ICAO,FMNQ,-16.744530296500002,44.4824838638
ICAO,FMNR,-15.436699867248535,49.68830108642578
ICAO,FMNS,-14.278599739074707,50.17470169067383
ICAO,FMNV,-13.375800132751465,50.00279998779297
ICAO,FMNW,-14.898799896240234,47.993900299072266
ICAO,FMNX,-15.833049,48.833284
ICAO,FMNZ,-13.484816,48.632702
ICAO,FMSD,-25.03809928894043,46.95610046386719
ICAO,FMSF,-21.441600799560547,47.111698150634766
ICAO,FMSG,-22.805299758911133,47.82059860229492
ICAO,FMSJ,-21.426105,44.316509
ICAO,FMSK,-22.119699478149414,48.02170181274414
ICAO,FMSL,-24.235694754699995,45.3045272827
ICAO,FMSM,-21.201799392700195,48.358299255371094
ICAO,FMSR,-21.7539005279541,43.3754997253418
ICAO,FMST,-23.383399963378906,43.72850036621094
ICAO,FNBC,-6.269899845123291,14.246999740600586
ICAO,FNBG,-12.609000206,13.4036998749
ICAO,FNCA,-5.59699010848999,12.188400268554688
ICAO,FNCP,-9.76937007904,15.4553194046
ICAO,FNCT,-12.4792,13.4869
ICAO,FNDU,-7.400889873504639,20.818500518798828
ICAO,FNGI,-17.0435009003,15.683799743700002
ICAO,FNHU,-12.808899879455566,15.760499954223633
ICAO,FNKU,-12.404600143433,16.947399139404
ICAO,FNLB,-12.371199607849121,13.536600112915039
ICAO,FNLK,-8.445727348330001,20.7320861816
ICAO,FNLU,-8.85837,13.2312
ICAO,FNMA,-9.525090217590332,16.312400817871094
ICAO,FNME,-14.657600402832031,17.71980094909668
ICAO,FNMO,-15.261199951171875,12.14680004119873
ICAO,FNNG,-7.754509925842285,15.287699699401855
ICAO,FNPA,-10.722000122070312,13.76550006866455
ICAO,FNSA,-9.689069747924805,20.431900024414062
ICAO,FNSO,-6.141089916229248,12.371800422668457
ICAO,FNSU,-11.167900085449219,13.84749984741211
ICAO,FNUB,-14.924699783325195,13.574999809265137
ICAO,FNUE,-11.768099784851074,19.8976993560791
ICAO,FNUG,-7.60306978225708,15.027799606323242
ICAO,FNXA,-16.755399703979492,14.965299606323242
ICAO,FNZG,-7.716939926149999,21.358200073200003
ICAO,FOGK,-1.1846100091934,12.441300392151
ICAO,FOGM,-1.845139980316162,11.056699752807617
ICAO,FOGO,1.5431100130081177,11.581399917602539
ICAO,FOGQ,-0.6652140021324158,13.673100471496582
ICAO,FOGR,-0.7043889760971069,10.245699882507324
ICAO,FOOB,2.0756399631500244,11.493200302124023
ICAO,FOOG,-0.7117390036582947,8.754380226135254
ICAO,FOOH,-1.5747300386428833,9.262689590454102
ICAO,FOOK,0.5792109966278076,12.890899658203125
ICAO,FOOL,0.458600014448,9.412280082699999
ICAO,FOON,-1.6561599969863892,13.437999725341797
ICAO,FOOT,-2.8499999046325684,11.017000198364258
ICAO,FOOY,-3.4584197998046875,10.674076080322266
ICAO,FPPR,1.6629400253295898,7.411739826202393
ICAO,FPST,0.3781749904155731,6.7121500968933105
ICAO,FQBR,-19.79640007019043,34.90760040283203
ICAO,FQCB,-14.815,36.529999
ICAO,FQCH,-19.15130043029785,33.42900085449219
ICAO,FQIA,-25.9971446991,32.929351806599996
ICAO,FQIN,-23.876399993896484,35.40850067138672
ICAO,FQLC,-13.274,35.2663
ICAO,FQLU,-15.0331001282,40.671699523899996
ICAO,FQMA,-25.920799,32.572601
ICAO,FQMD,-11.672900199890137,39.5630989074707
ICAO,FQMP,-11.361800193786621,40.35490036010742
ICAO,FQMR,-13.225099563598633,37.552101135253906
ICAO,FQNC,-14.488200187683105,40.71220016479492
ICAO,FQNP,-15.105600357055664,39.28179931640625
ICAO,FQPB,-12.991762161254883,40.52401351928711
ICAO,FQQL,-17.855499267578125,36.86909866333008
ICAO,FQSG,-15.602700233459473,32.77320098876953
ICAO,FQTT,-16.104799270629883,33.640201568603516
ICAO,FQUG,-14.70460033416748,34.35240173339844
ICAO,FQVL,-22.018400192260742,35.31330108642578
ICAO,FSAL,-7.00478,52.7262
ICAO,FSAS,-9.7422199993,46.506802
ICAO,FSDR,-5.6967,53.6558
ICAO,FSFA,-10.1096,51.176102
ICAO,FSIA,-4.67434,55.521801
ICAO,FSPP,-4.3192901611328125,55.69139862060547
ICAO,FSSB,-3.72472,55.205299
ICAO,FSSC,-7.13457,56.278198
ICAO,FTTA,9.14444,18.374399
ICAO,FTTC,13.847000122070312,20.84429931640625
ICAO,FTTD,8.624409675598145,16.071399688720703
ICAO,FTTJ,12.1337,15.034
ICAO,FTTN,11.0340003967,20.274000167799997
ICAO,FTTY,17.91710090637207,19.111099243164062
ICAO,FVBM,-16.8169994354,28.3500003815
ICAO,FVBU,-20.017401,28.617901
ICAO,FVCP,-17.75160026550293,30.924699783325195
ICAO,FVCZ,-21.008101,31.5786
ICAO,FVFA,-18.09589958190918,25.839000701904297
ICAO,FVHA,-17.931801,31.0928
ICAO,FVKB,-16.519800186157227,28.885000228881836
ICAO,FVMN,-15.768735,29.385617
ICAO,FVMT,-17.431900024414062,32.18450164794922
ICAO,FVMU,-18.997499465942,32.627201080322
ICAO,FVMV,-20.055299758911133,30.859100341796875
ICAO,FVSH,-20.289499282836914,30.088199615478516
ICAO,FVSV,-17.91699981689453,25.816999435424805
ICAO,FVTL,-19.436399459838867,29.861900329589844
ICAO,FVWN,-18.629899978637695,27.020999908447266
ICAO,FVWT,-18.362967,26.519791
ICAO,FWCL,-15.679100036621094,34.9739990234375
ICAO,FWCM,-14.306900024414062,35.13249969482422
ICAO,FWDW,-12.5183,34.131901
ICAO,FWKA,-9.953570365905762,33.893001556396484
ICAO,FWKG,-13.014599800109863,33.46860122680664
ICAO,FWKI,-13.7894001007,33.78099823
ICAO,FWLK,-12.075833,34.737222
ICAO,FWMG,-14.482999801635742,35.266998291015625
ICAO,FWMY,-14.083600044299999,34.9197006226
ICAO,FWUU,-11.444700241088867,34.01179885864258
ICAO,FXMM,-29.462299346923828,27.552499771118164
ICAO,FXMN,-29.546100616455078,28.270999908447266
ICAO,FXMU,-29.304100036621094,27.50349998474121
ICAO,FYAR,-22.462200164794922,14.979999542236328
ICAO,FYGF,-19.60219955444336,18.122699737548828
ICAO,FYGK,-24.629999,15.9392
ICAO,FYKM,-17.634399,24.176701
ICAO,FYKT,-26.5398006439209,18.111400604248047
ICAO,FYLZ,-26.687400817871094,15.242899894714355
ICAO,FYML,-24.60540008544922,17.925399780273438
ICAO,FYMO,-18.81279945373535,17.05940055847168
ICAO,FYOA,-17.878201,15.9526
ICAO,FYOG,-28.5847,16.446699
ICAO,FYOO,-19.149200439453125,15.91189956665039
ICAO,FYOW,-20.434700012207,16.660800933838
ICAO,FYRU,-17.956499099731,19.719400405884
ICAO,FYSM,-22.66189956665,14.568099975586
ICAO,FYTM,-19.26189994812,17.732500076294
ICAO,FYWB,-22.9799,14.6453
ICAO,FYWE,-22.612199783325195,17.080400466918945
ICAO,FYWH,-22.4799,17.4709
ICAO,FZAA,-4.38575,15.4446
ICAO,FZAB,-4.32666015625,15.327500343323
ICAO,FZAG,-5.9308600425720215,12.351799964904785
ICAO,FZAI,-5.918059825897217,12.447699546813965
ICAO,FZAJ,-5.854000091552734,13.064000129699707
ICAO,FZAM,-5.799610137939453,13.440400123596191
ICAO,FZBA,-1.947219967842102,18.28580093383789
ICAO,FZBI,-2.7174999713897705,17.68470001220703
ICAO,FZBO,-3.3113200664520264,17.38170051574707
ICAO,FZBT,-1.434999942779541,19.02400016784668
ICAO,FZCA,-5.035769939422607,18.785600662231445
ICAO,FZCF,-7.333000183105469,19.017000198364258
ICAO,FZEA,0.0226000007242,18.2887001038
ICAO,FZEN,1.2247200012207031,19.78890037536621
ICAO,FZFD,4.253210067749023,20.975299835205078
ICAO,FZFK,3.2353699207299997,19.771299362199997
ICAO,FZFP,4.157639980316162,21.65089988708496
ICAO,FZFU,2.18278,22.481701
ICAO,FZGA,2.17066,21.496901
ICAO,FZGN,-0.21699999272823334,20.850000381469727
ICAO,FZGV,-1.048109,23.372501
ICAO,FZIC,0.481638997793,25.3379993439
ICAO,FZJH,2.8276100158691406,27.588300704956055
ICAO,FZKA,1.5657199621200562,30.220800399780273
ICAO,FZKJ,2.818350076675415,24.793699264526367
ICAO,FZMA,-2.3089799880981445,28.808799743652344
ICAO,FZNA,-1.6708099842071533,29.238500595092773
ICAO,FZNP,0.575,29.4739
ICAO,FZOA,-2.91917991638,25.915399551399997
ICAO,FZOK,-4.5329999923706055,26.617000579833984
ICAO,FZQA,-11.5913000107,27.5308990479
ICAO,FZQM,-10.765899658203125,25.505699157714844
ICAO,FZRF,-5.8755598068237305,29.25
ICAO,FZRQ,-5.39444,26.99
ICAO,FZSA,-8.642020225524902,25.252899169921875
ICAO,FZUA,-5.90005016327,22.4692001343
ICAO,FZUK,-6.43833,20.794701
ICAO,FZVA,-3.4170000553131104,23.450000762939453
ICAO,FZVS,-4.329919,20.590124
ICAO,FZWA,-6.121240139010001,23.569000244099996
ICAO,FZWE,-6.982999801635742,23.08300018310547
ICAO,FZWT,-6.132999897,24.4829998016
ICAO,GA04,33.365699768066406,-84.16519927978516
ICAO,GA46,33.38090133666992,-84.8010025024414
ICAO,GABG,11.449999809265137,-7.517000198364258
ICAO,GABS,12.5335,-7.94994
ICAO,GAGO,16.24839973449707,-0.005456000100821257
ICAO,GAKY,14.481200218200684,-11.404399871826172
ICAO,GAMB,14.5128002167,-4.0795598030099995
ICAO,GASK,11.333000183105469,-5.699999809265137
ICAO,GATB,16.730499267578125,-3.007580041885376
ICAO,GATS,20.243000030517578,0.9773079752922058
ICAO,GBYD,13.338000297546387,-16.65220069885254
ICAO,GCFV,28.452699661254883,-13.863800048828125
ICAO,GCGM,28.029600143432617,-17.214599609375
ICAO,GCHI,27.814800262451172,-17.887100219726562
ICAO,GCLA,28.626499,-17.7556
ICAO,GCLP,27.931900024414062,-15.38659954071045
ICAO,GCRR,28.945499,-13.6052
ICAO,GCTS,28.044500351,-16.5725002289
ICAO,GCXO,28.4827003479,-16.3414993286
ICAO,GEML,35.279800415,-2.9562599659
ICAO,GFBN,7.5324201583862305,-12.518899917602539
ICAO,GFBO,7.944399833679199,-11.76099967956543
ICAO,GFGK,7.767000198364258,-12.383000373840332
ICAO,GFHA,8.397130012512207,-13.12909984588623
ICAO,GFKE,7.891290187835693,-11.176600456237793
ICAO,GFLL,8.61644,-13.1955
ICAO,GFYE,8.610469818115234,-11.04539966583252
ICAO,GGBU,11.297355651855469,-15.838079452514648
ICAO,GGCF,11.2878999710083,-15.180500030517578
ICAO,GGOV,11.894800186157227,-15.65369987487793
ICAO,GLCP,4.3790202140808105,-7.6969499588012695
ICAO,GLMR,6.289060115814209,-10.758700370788574
ICAO,GLRB,6.23379,-10.3623
ICAO,GMAD,30.325000762939453,-9.413069725036621
ICAO,GMAT,28.448200225830078,-11.161299705505371
ICAO,GMAZ,30.3202991486,-5.86667013168
ICAO,GMFB,32.5143055556,-1.98305555556
ICAO,GMFF,33.9272994995,-4.977960109709999
ICAO,GMFI,33.50529861450195,-5.152900218963623
ICAO,GMFK,31.9475002289,-4.39833021164
ICAO,GMFM,33.87910079956055,-5.515120029449463
ICAO,GMFO,34.787200927734375,-1.92399001121521
ICAO,GMFU,34.00809860229492,-4.965559959411621
ICAO,GMMA,26.7318,-11.6847
ICAO,GMMB,33.655399,-7.22145
ICAO,GMMD,32.401895,-6.315905
ICAO,GMME,34.051498,-6.75152
ICAO,GMMH,23.7183,-15.932
ICAO,GMMI,31.3974990845,-9.6816701889
ICAO,GMML,27.151699,-13.2192
ICAO,GMMN,33.36750030517578,-7.589970111846924
ICAO,GMMW,34.988800048799995,-3.0282099247
ICAO,GMMX,31.606899261499997,-8.03629970551
ICAO,GMMY,34.29890060424805,-6.595880031585693
ICAO,GMMZ,30.9391002655,-6.909430027010001
ICAO,GMTA,35.177101135253906,-3.83951997756958
ICAO,GMTN,35.594299316406,-5.320020198822
ICAO,GMTT,35.726898193400004,-5.91689014435
ICAO,GOBD,14.67,-17.073333
ICAO,GODK,12.898500442504883,-14.968099594116211
ICAO,GOGG,12.5556,-16.281799
ICAO,GOGS,12.39533,-16.748
ICAO,GOOK,14.146900177001953,-16.051300048828125
ICAO,GOOY,14.739700317382812,-17.49020004272461
ICAO,GOSM,15.593600273132324,-13.322799682617188
ICAO,GOSS,16.050800323486328,-16.463199615478516
ICAO,GOTB,14.847299575805664,-12.468299865722656
ICAO,GOTK,12.57229995727539,-12.22029972076416
ICAO,GOTT,13.736800193786621,-13.65310001373291
ICAO,GQNA,16.711299896240234,-9.637880325317383
ICAO,GQND,18.570100784301758,-11.423500061035156
ICAO,GQNF,16.59000015258789,-11.406200408935547
ICAO,GQNI,16.621999740600586,-7.3165998458862305
ICAO,GQNK,16.159500122070312,-13.507599830627441
ICAO,GQNO,18.31,-15.9697222
ICAO,GQNS,15.179699897766113,-12.207300186157227
ICAO,GQPA,20.506799697875977,-13.04319953918457
ICAO,GQPP,20.9330997467041,-17.030000686645508
ICAO,GQPT,25.2367000579834,-11.588700294494629
ICAO,GQPZ,22.756399154663086,-12.483599662780762
ICAO,GUCY,9.57689,-13.612
ICAO,GUFA,10.350600242615,-13.569199562073
ICAO,GUFH,10.0354995728,-10.7698001862
ICAO,GUKR,10.651000022888,-14.533599853516
ICAO,GUKU,9.1605596542358,-10.124400138855
ICAO,GULB,11.326100349426,-12.286800384521
ICAO,GUNZ,7.8060193061829,-8.7017974853516
ICAO,GUSI,11.432999610901,-9.1669998168945
ICAO,GVAC,16.7414,-22.9494
ICAO,GVBA,16.136499404907227,-22.888900756835938
ICAO,GVMA,15.155900001525879,-23.213699340820312
ICAO,GVNP,14.924500465393066,-23.493499755859375
ICAO,GVSF,14.8850002289,-24.4799995422
ICAO,GVSN,16.58839988708496,-24.284700393676758
ICAO,GVSV,16.833200454711914,-25.055299758911133
ICAO,HAAB,8.97789001465,38.799301147499996
ICAO,HAAL,9.003685,38.725498
ICAO,HAAM,6.0393900871276855,37.59049987792969
ICAO,HAAX,14.14680004119873,38.77280044555664
ICAO,HABC,5.78287,36.562
ICAO,HABD,11.608099937438965,37.32160186767578
ICAO,HABE,9.38638973236084,34.52190017700195
ICAO,HADC,11.082500457763672,39.71139907836914
ICAO,HADD,8.553999900817871,34.858001708984375
ICAO,HADM,10.350000381469727,37.71699905395508
ICAO,HADR,9.624699592590332,41.85419845581055
ICAO,HADT,11.967000007629395,38.0
ICAO,HAGB,7.1160634,40.0463033
ICAO,HAGM,8.12876033782959,34.5630989074707
ICAO,HAGN,12.51990032196045,37.433998107910156
ICAO,HAGO,5.93513011932,43.5786018372
ICAO,HAGR,8.1614,35.5529
ICAO,HAHM,8.7163,39.0059
ICAO,HAHU,14.25,36.58300018310547
ICAO,HAJJ,9.3325,42.9121
ICAO,HAJM,7.66609001159668,36.81660079956055
ICAO,HAKD,6.734,44.252998
ICAO,HALA,7.066999912261963,38.5
ICAO,HALL,11.975000381469727,38.97999954223633
ICAO,HAMA,10.7254,38.7415
ICAO,HAMK,13.467399597167969,39.53350067138672
ICAO,HAMT,6.9571,35.5547
ICAO,HASO,10.018500328063965,34.586299896240234
ICAO,HATP,7.2024,35.415
ICAO,HBBA,-3.3240199089050293,29.318500518798828
ICAO,HBBE,-3.417209,29.911308
ICAO,HCMA,11.9582,50.748
ICAO,HCMB,3.102220058441162,43.62860107421875
ICAO,HCMF,11.275300025939941,49.14939880371094
ICAO,HCMH,9.518170356750488,44.08879852294922
ICAO,HCMI,10.389200210571289,44.94110107421875
ICAO,HCMK,-0.3773530125617981,42.45920181274414
ICAO,HCMM,2.0144400596618652,45.3046989440918
ICAO,HCMR,6.78082990646,47.45470047
ICAO,HCMV,9.5275,45.5549
ICAO,HDAM,11.547300338745117,43.15950012207031
ICAO,HDOB,11.967000007629395,43.266998291015625
ICAO,HDTJ,11.782999992370605,42.91699981689453
ICAO,HEAL,30.92449951171875,28.46139907836914
ICAO,HEAR,31.073299408,33.8358001709
ICAO,HEAT,27.0464992523,31.0119991302
ICAO,HEAX,31.183900833129883,29.94890022277832
ICAO,HEAZ,30.091800689697266,31.360000610351562
ICAO,HEBA,30.917699813842773,29.696399688720703
ICAO,HEBL,22.375999450699997,31.611700058
ICAO,HEBS,29.20829963684082,31.016599655151367
ICAO,HECA,30.12190055847168,31.40559959411621
ICAO,HECW,30.116399765,30.915399551399997
ICAO,HEGN,27.178300857543945,33.799400329589844
ICAO,HEGR,31.068559,34.129629
ICAO,HEGS,30.819799423217773,30.191200256347656
ICAO,HELX,25.671,32.7066
ICAO,HEMA,25.557100296,34.5836982727
ICAO,HEMK,26.342778,31.742778
ICAO,HEMM,31.3253993988,27.221700668300002
ICAO,HEOW,22.5856990814209,28.71660041809082
ICAO,HEPS,31.279399871826172,32.2400016784668
ICAO,HESC,28.685300827,34.0625
ICAO,HESH,27.9773006439,34.3950004578
ICAO,HESN,23.9643993378,32.8199996948
ICAO,HETB,29.587799072299998,34.7780990601
ICAO,HETR,28.208999633789062,33.64550018310547
ICAO,HHAS,15.291899681091309,38.910701751708984
ICAO,HHMS,15.670000076293945,39.37009811401367
ICAO,HHSB,13.071800231933594,42.64500045776367
ICAO,HI07,19.9205,-155.8607
ICAO,HKAM,-2.645050048828125,37.25310134887695
ICAO,HKBA,0.4570850133895874,34.130279541015625
ICAO,HKBR,-1.100000023841858,39.95000076293945
ICAO,HKBU,0.5762079954147339,34.55345153808594
ICAO,HKEL,0.4044579863548279,35.23889923095703
ICAO,HKEM,-0.57327,37.49726
ICAO,HKGA,-0.4635080099105835,39.64830017089844
ICAO,HKGT,0.533333,38.516667
ICAO,HKHB,-0.6000000238418579,34.46699905395508
ICAO,HKHO,-1.5219999551773071,40.00400161743164
ICAO,HKIS,0.33817094564437866,37.59169387817383
ICAO,HKJK,-1.31923997402,36.9277992249
ICAO,HKKE,-1.5829999446868896,35.25
ICAO,HKKG,0.271342009306,34.7873001099
ICAO,HKKI,-0.0861390009522438,34.72890090942383
ICAO,HKKL,-2.9106099605560303,38.06520080566406
ICAO,HKKR,-0.3899,35.242093
ICAO,HKKT,0.9719889760017395,34.95859909057617
ICAO,HKLK,4.20412015914917,34.348201751708984
ICAO,HKLO,3.1219699382781982,35.608699798583984
ICAO,HKLU,-2.252419948577881,40.91310119628906
ICAO,HKMK,0.165083006024,38.1951408386
ICAO,HKML,-3.2293100357055664,40.10169982910156
ICAO,HKMO,-4.034830093383789,39.594200134277344
ICAO,HKMS,-1.406111,35.008057
ICAO,HKMY,3.46972,39.101398
ICAO,HKNI,-0.3644140064716339,36.978485107421875
ICAO,HKNV,-0.787953,36.433494
ICAO,HKNW,-1.321720004081726,36.81480026245117
ICAO,HKNY,-0.06239889934659004,37.04100799560547
ICAO,HKRE,-1.2772699594499999,36.8623008728
ICAO,HKSB,0.530583,37.534195
ICAO,HKUK,-4.29333,39.571098
ICAO,HKWJ,1.73324,40.091599
ICAO,HLFL,28.795400619506836,22.080900192260742
ICAO,HLGD,31.063499450699997,16.5949993134
ICAO,HLGL,28.638500213623047,21.437999725341797
ICAO,HLGN,31.861,23.907
ICAO,HLGT,25.1455993652,10.142600059500001
ICAO,HLKF,24.178699493408203,23.31399917602539
ICAO,HLLB,32.096801757799994,20.2695007324
ICAO,HLLM,32.894100189208984,13.276000022888184
ICAO,HLLQ,32.788700103759766,21.96430015563965
ICAO,HLLS,26.98699951171875,14.47249984741211
ICAO,HLLT,32.6635017395,13.1590003967
ICAO,HLMB,30.37809944152832,19.576400756835938
ICAO,HLNF,30.5,18.52720069885254
ICAO,HLON,29.11009979248047,15.96560001373291
ICAO,HLRA,29.47260093688965,17.934900283813477
ICAO,HLTD,30.15169906616211,9.715310096740723
ICAO,HLZA,28.58989906311035,17.293899536132812
ICAO,HLZN,31.774878,12.25006
ICAO,HRYG,-1.6771999597549438,29.258899688720703
ICAO,HRYR,-1.96863,30.1395
ICAO,HRZA,-2.462239980697632,28.907899856567383
ICAO,HSAT,17.710344314575195,34.0570182800293
ICAO,HSAW,8.767000198364258,27.399999618530273
ICAO,HSDN,19.153900146499996,30.430099487299998
ICAO,HSDZ,11.7859,34.3367
ICAO,HSFA,10.529167,32.500556
ICAO,HSFS,13.614899635314941,25.324600219726562
ICAO,HSGN,13.48169994354248,22.467199325561523
ICAO,HSKA,15.387499809265137,36.328800201416016
ICAO,HSLI,11.137999534600002,29.7010993958
ICAO,HSMK,6.8249998092699995,29.6690006256
ICAO,HSMN,18.4433333333,31.8433333333
ICAO,HSNN,12.053500175476074,24.956199645996094
ICAO,HSOB,13.153200149536133,30.23270034790039
ICAO,HSPN,19.4335994720459,37.234100341796875
ICAO,HSRN,11.8324692723,32.810497283900006
ICAO,HSSJ,4.87201023102,31.6011009216
ICAO,HSSM,9.55897045135498,31.65220069885254
ICAO,HSSS,15.589500427246094,32.553199768066406
ICAO,HSSW,21.802698135375977,31.521577835083008
ICAO,HSTR,4.400000095367432,32.58300018310547
ICAO,HSWW,7.7258300781199996,27.9750003815
ICAO,HSYE,4.13028160099,30.7280731201
ICAO,HTAR,-3.3677899837493896,36.63330078125
ICAO,HTBU,-1.332,31.8212
ICAO,HTDA,-6.87811,39.202599
ICAO,HTDO,-6.170440196990967,35.752601623535156
ICAO,HTGW,-8.919942,33.273981
ICAO,HTIR,-7.668630123138428,35.75210189819336
ICAO,HTKA,-4.8862,29.6709
ICAO,HTKI,-8.91123,39.508619
ICAO,HTKJ,-3.42940998077,37.0745010376
ICAO,HTLI,-9.85111,39.757801
ICAO,HTLM,-3.376310110092163,35.81829833984375
ICAO,HTMA,-7.917478,39.668502
ICAO,HTMB,-8.919444,33.463889
ICAO,HTMG,-6.797220230102539,37.653099060058594
ICAO,HTMP,-6.355374,31.084116
ICAO,HTMR,-7.684811,34.922282
ICAO,HTMS,-3.3633298873901367,37.326900482177734
ICAO,HTMT,-10.339099884033203,40.181800842285156
ICAO,HTMU,-1.503,33.8021
ICAO,HTMW,-2.4444899559020996,32.932701110839844
ICAO,HTPE,-5.257259845733643,39.8114013671875
ICAO,HTRU,-2.813667,32.172472
ICAO,HTSN,-2.45806,34.822498
ICAO,HTSO,-10.682999610900879,35.58300018310547
ICAO,HTSY,-3.6093,33.5035
ICAO,HTTB,-5.076389789581299,32.83330154418945
ICAO,HTTG,-5.092360019683838,39.07120132446289
ICAO,HTWK,-3.049999952316284,37.0
ICAO,HTZA,-6.22202,39.224899
ICAO,HUAR,3.049999952316284,30.91699981689453
ICAO,HUEN,0.042386,32.443501
ICAO,HUGU,2.8055601119995117,32.27180099487305
ICAO,HUKB,-1.226111,29.96
ICAO,HUKD,3.7176,33.7487
ICAO,HUKI,-1.2837,29.7197
ICAO,HUKJ,0.1968,32.55297
ICAO,HUKO,2.953,34.1232
ICAO,HUKS,0.18299999833106995,30.100000381469727
ICAO,HUKT,3.2817,32.8882
ICAO,HUPA,2.2,31.55
ICAO,HUSO,1.7276899814605713,33.622798919677734
ICAO,K0V4,37.141700744599994,-79.01640319820001
ICAO,K11R,30.21899986,-96.3742981
ICAO,K19S,37.49140167,-100.8300018
ICAO,K1T7,29.812700271606445,-98.42530059814453
ICAO,K23M,32.0849,-88.738897
ICAO,K2A5,35.911800384521484,-79.61759948730469
ICAO,K2F0,30.9057006836,-101.891998291
ICAO,K2H0,39.410400390599996,-88.8453979492
ICAO,K2I3,37.610022,-86.507262
ICAO,K2K7,37.43539810180664,-95.64610290527344
ICAO,K3AU,37.671600341796875,-97.0779037475586
ICAO,K3R9,30.357500076293945,-97.99449920654297
ICAO,K4A7,33.389099,-84.332397
ICAO,K4U9,44.7356987,-112.720001221
ICAO,K52A,33.6120986938,-83.46040344240001
ICAO,K57C,42.79719924926758,-88.37259674072266
ICAO,K5B2,43.05130005,-73.86119843
ICAO,K62S,43.23649978637695,-120.66600036621094
ICAO,K6D9,44.312801,-83.422302
ICAO,K6J4,33.92679977416992,-81.79460144042969
ICAO,K6S0,45.806400299072266,-109.98100280761719
ICAO,K7W6,35.562400817871094,-75.9552001953125
ICAO,K87K,37.8567008972168,-93.99909973144531
ICAO,KA39,32.990806,-111.918528
ICAO,KA50,38.8744010925293,-104.41000366210938
ICAO,KAAF,29.72750092,-85.02749634
ICAO,KAAP,29.722499847399998,-95.58830261230001
ICAO,KABE,40.652099609375,-75.44080352783203
ICAO,KABI,32.4113006592,-99.68190002440001
ICAO,KABQ,35.040199,-106.609001
ICAO,KABR,45.449100494384766,-98.42179870605469
ICAO,KABY,31.535499572753906,-84.19450378417969
ICAO,KACJ,32.110802,-84.188904
ICAO,KACK,41.25310135,-70.06020355
ICAO,KACT,31.611299514770508,-97.23049926757812
ICAO,KACV,40.978101,-124.109
ICAO,KACY,39.45759963989258,-74.57720184326172
ICAO,KACZ,34.717899322509766,-78.00360107421875
ICAO,KADH,34.804298,-96.671303
ICAO,KADM,34.30301,-97.0196342
ICAO,KADS,32.9686012268,-96.8364028931
ICAO,KADW,38.810799,-76.866997
ICAO,KAEG,35.145198822021484,-106.79499816894531
ICAO,KAEX,31.32740020751953,-92.54979705810547
ICAO,KAFW,32.9875984192,-97.31880187990001
ICAO,KAGC,40.354400634765625,-79.9301986694336
ICAO,KAGS,33.36989974975586,-81.9645004272461
ICAO,KAHN,33.94860076904297,-83.32630157470703
ICAO,KAHQ,41.2412986755,-96.59400177
ICAO,KAIA,42.0531997681,-102.804000854
ICAO,KAID,40.10860061649999,-85.6129989624
ICAO,KAIK,33.649399,-81.684998
ICAO,KAIZ,38.0960006714,-92.54949951170002
ICAO,KAJR,34.49990082,-83.55670166
ICAO,KAKO,40.1755981445,-103.222000122
ICAO,KAKR,41.0374984741,-81.4669036865
ICAO,KALB,42.74829864501953,-73.80169677734375
ICAO,KALI,27.740900039699998,-98.02690124510002
ICAO,KALM,32.8399009705,-105.990997314
ICAO,KALN,38.89030075069999,-90.0459976196
ICAO,KALO,42.557098388671875,-92.40029907226562
ICAO,KALS,37.434898,-105.866997
ICAO,KALW,46.09489822,-118.288002
ICAO,KALX,32.914699554399995,-85.9629974365
ICAO,KAMA,35.219398,-101.706001
ICAO,KAMN,43.322101593,-84.68800354
ICAO,KANB,33.5882,-85.8581
ICAO,KAND,34.4945983887,-82.70939636230001
ICAO,KANE,45.145,-93.211401
ICAO,KANP,38.942902,-76.568398
ICAO,KANQ,41.639702,-85.083504
ICAO,KAOH,40.706902,-84.026703
ICAO,KAOO,40.29639816,-78.31999969
ICAO,KAPA,39.57009888,-104.848999
ICAO,KAPC,38.2132,-122.280998
ICAO,KAPF,26.1525993347,-81.7752990723
ICAO,KAPG,39.466202,-76.1688
ICAO,KAPN,45.0780983,-83.56030273
ICAO,KAPT,35.060699,-85.585297
ICAO,KARA,30.0378,-91.883904
ICAO,KARB,42.2229995728,-83.74559783939999
ICAO,KART,43.99190139770508,-76.02169799804688
ICAO,KARV,45.92789841,-89.73090363
ICAO,KARW,32.4122009277,-80.6343994141
ICAO,KASE,39.22320175,-106.8690033
ICAO,KASH,42.7817001343,-71.51480102539999
ICAO,KASN,33.569900512699995,-86.05090332030001
ICAO,KAST,46.158000946,-123.878997803
ICAO,KASW,41.27470016479492,-85.84010314941406
ICAO,KATL,33.6367,-84.428101
ICAO,KATW,44.258098602299995,-88.5190963745
ICAO,KATY,44.91400146,-97.15470123
ICAO,KAUG,44.320598602299995,-69.7973022461
ICAO,KAUO,32.615101,-85.433998
ICAO,KAUS,30.194499969482422,-97.6698989868164
ICAO,KAUW,44.9262008667,-89.6266021729
ICAO,KAVL,35.43619918823242,-82.54180145263672
ICAO,KAVO,27.59119987,-81.52780151
ICAO,KAVP,41.338500976599995,-75.72339630130001
ICAO,KAVQ,32.4095993042,-111.218002319
ICAO,KAVX,33.4049,-118.416
ICAO,KAWO,48.16070175,-122.1589966
ICAO,KAXN,45.8662986755,-95.39469909670001
ICAO,KAYS,31.2490997314,-82.39550018310001
ICAO,KAZO,42.234901428222656,-85.5521011352539
ICAO,KBAB,39.136100769,-121.43699646
ICAO,KBAD,32.5018005371,-93.6626968384
ICAO,KBAF,42.157799,-72.715599
ICAO,KBAK,39.2619018555,-85.8963012695
ICAO,KBBD,31.1793003082,-99.3238983154
ICAO,KBBG,36.532082,-93.200544
ICAO,KBCE,37.706401825,-112.144996643
ICAO,KBCT,26.3784999847,-80.1076965332
ICAO,KBDE,48.7284011841,-94.612197876
ICAO,KBDL,41.9388999939,-72.68319702149999
ICAO,KBDN,44.09479904,-121.2009964
ICAO,KBDR,41.16350173950195,-73.1261978149414
ICAO,KBDU,40.0393981934,-105.225997925
ICAO,KBEC,37.694499969499994,-97.21499633790002
ICAO,KBED,42.47000122,-71.28900146
ICAO,KBFD,41.8031005859375,-78.64009857177734
ICAO,KBFF,41.87400055,-103.5960007
ICAO,KBFI,47.529998779296875,-122.302001953125
ICAO,KBFL,35.43360138,-119.0569992
ICAO,KBFM,30.626800537100003,-88.06809997559999
ICAO,KBGD,35.700901031499995,-101.393997192
ICAO,KBGE,30.9715004,-84.63739777
ICAO,KBGM,42.20869827,-75.97979736
ICAO,KBGR,44.80739974975586,-68.8281021118164
ICAO,KBHB,44.45000076,-68.3615036
ICAO,KBHM,33.56290054,-86.75350189
ICAO,KBID,41.1680984497,-71.577796936
ICAO,KBIF,31.84950066,-106.3799973
ICAO,KBIH,37.3731002808,-118.363998413
ICAO,KBIL,45.807701110839844,-108.54299926757812
ICAO,KBIS,46.772701263427734,-100.74600219726562
ICAO,KBIV,42.742900848389,-86.107398986816
ICAO,KBIX,30.4104003906,-88.92440032959999
ICAO,KBJC,39.90879822,-105.1169968
ICAO,KBJI,47.50939941,-94.93370056
ICAO,KBKD,32.71900177,-98.89099884030001
ICAO,KBKE,44.837299346900004,-117.808998108
ICAO,KBKF,39.701698303200004,-104.751998901
ICAO,KBKL,41.51750183105469,-81.68329620361328
ICAO,KBKW,37.787300109899995,-81.1241989136
ICAO,KBLF,37.295799255371094,-81.20770263671875
ICAO,KBLH,33.6192016602,-114.717002869
ICAO,KBLI,48.79280090332031,-122.53800201416016
ICAO,KBLV,38.5452,-89.835197
ICAO,KBMC,41.552399,-112.061996
ICAO,KBMG,39.145999908447266,-86.61669921875
ICAO,KBMI,40.47710037,-88.91590118
ICAO,KBMQ,30.73889923095703,-98.23860168457031
ICAO,KBMT,30.0706996918,-94.21579742430002
ICAO,KBNA,36.1245002746582,-86.6781997680664
ICAO,KBNG,33.9230995178,-116.850997925
ICAO,KBNO,43.5918998718,-118.955001831
ICAO,KBOI,43.5644,-116.223
ICAO,KBOS,42.36429977,-71.00520325
ICAO,KBOW,27.943399429299998,-81.78340148930002
ICAO,KBPI,42.58509827,-110.1110001
ICAO,KBPK,36.3689002991,-92.47049713130001
ICAO,KBPT,29.9507999420166,-94.02069854736328
ICAO,KBQK,31.258800506591797,-81.46649932861328
ICAO,KBRD,46.39830017,-94.13809967
ICAO,KBRL,40.783199310302734,-91.12550354003906
ICAO,KBRO,25.90679931640625,-97.4259033203125
ICAO,KBTL,42.307300567599995,-85.2515029907
ICAO,KBTM,45.95479965209961,-112.49700164794922
ICAO,KBTR,30.533199,-91.149597
ICAO,KBTV,44.471900939899996,-73.15329742429999
ICAO,KBUF,42.94049835,-78.73220062
ICAO,KBUR,34.20069885253906,-118.35900115966797
ICAO,KBUU,42.69070053100586,-88.30460357666016
ICAO,KBUY,36.048500061035156,-79.47489929199219
ICAO,KBVI,40.7724990845,-80.39140319820001
ICAO,KBVS,48.4709014893,-122.42099762
ICAO,KBVY,42.584201812699995,-70.91649627689999
ICAO,KBWG,36.964500427199994,-86.41970062259999
ICAO,KBWI,39.1754,-76.668297
ICAO,KBXK,33.42039871,-112.685997
ICAO,KBYH,35.9642982483,-89.94400024410001
ICAO,KBYI,42.542598724399994,-113.772003174
ICAO,KBYS,35.2804985046,-116.629997253
ICAO,KBYY,28.9733009338,-95.8635025024
ICAO,KBZN,45.77750015,-111.1529999
ICAO,KC03,41.44620132446289,-85.93479919433594
ICAO,KCAE,33.93880081176758,-81.11949920654297
ICAO,KCAK,40.916099548339844,-81.44219970703125
ICAO,KCAR,46.871498107899995,-68.0178985596
ICAO,KCBE,39.615398407,-78.7609024048
ICAO,KCBF,41.2592010498,-95.760597229
ICAO,KCBM,33.6437988281,-88.44380187990001
ICAO,KCCB,34.1115989685,-117.68800354
ICAO,KCCO,33.31159973144531,-84.7697982788086
ICAO,KCCR,37.9897003174,-122.056999207
ICAO,KCCY,43.0726013184,-92.6108016968
ICAO,KCDC,37.70100021362305,-113.0989990234375
ICAO,KCDN,34.2835998535,-80.56490325930001
ICAO,KCDR,42.837600708,-103.095001221
ICAO,KCDS,34.4337997437,-100.288002014
ICAO,KCDW,40.875198364300005,-74.2814025879
ICAO,KCEC,41.78020096,-124.2369995
ICAO,KCEF,42.19400024,-72.53479767
ICAO,KCEU,34.6719017,-82.8864975
ICAO,KCEW,30.778799057,-86.522102356
ICAO,KCEZ,37.3030014038,-108.627998352
ICAO,KCFD,30.715700149499998,-96.3313980103
ICAO,KCFV,37.09400177,-95.5718994141
ICAO,KCGC,28.867300033569336,-82.57129669189453
ICAO,KCGF,41.5651016235,-81.4863967896
ICAO,KCGI,37.22529983520508,-89.57080078125
ICAO,KCGX,41.85879898071289,-87.60790252685547
ICAO,KCGZ,32.954899,-111.766998
ICAO,KCHA,35.035301208496094,-85.20379638671875
ICAO,KCHD,33.2691,-111.810997
ICAO,KCHN,27.51490020752,-81.880500793457
ICAO,KCHO,38.13859939575195,-78.4529037475586
ICAO,KCHS,32.89860153,-80.04049683
ICAO,KCIC,39.79539871,-121.8580017
ICAO,KCID,41.884700775146484,-91.71080017089844
ICAO,KCIU,46.25080108642578,-84.47239685058594
ICAO,KCKB,39.2966003418,-80.2281036377
ICAO,KCKC,47.8382987976,-90.38289642330001
ICAO,KCKF,31.98880005,-83.77390289
ICAO,KCKV,36.6218986511,-87.4150009155
ICAO,KCLE,41.4117012024,-81.8498001099
ICAO,KCLL,30.58860016,-96.36380005
ICAO,KCLM,48.120201110839844,-123.5
ICAO,KCLS,46.676998138399995,-122.983001709
ICAO,KCLT,35.2140007019043,-80.94309997558594
ICAO,KCLW,27.9766998291,-82.7586975098
ICAO,KCMA,34.21369934082031,-119.09400177001953
ICAO,KCMH,39.998001,-82.891899
ICAO,KCMI,40.03919983,-88.27809906
ICAO,KCMX,47.168399810791016,-88.48909759521484
ICAO,KCNM,32.337501525878906,-104.26300048828125
ICAO,KCNO,33.97470093,-117.637001
ICAO,KCNU,37.668800354,-95.4850997925
ICAO,KCNW,31.637800216699997,-97.0740966797
ICAO,KCNY,38.75500107,-109.7549973
ICAO,KCOD,44.520198822,-109.024002075
ICAO,KCOE,47.77429962,-116.8199997
ICAO,KCOF,28.2348995209,-80.6100997925
ICAO,KCON,43.20270157,-71.50229645
ICAO,KCOS,38.805801,-104.700996
ICAO,KCOT,28.45669937,-99.22029877
ICAO,KCOU,38.81809997558594,-92.21959686279297
ICAO,KCPR,42.908001,-106.463997
ICAO,KCQW,34.71289825,-79.95700073
ICAO,KCRE,33.8116989136,-78.72389984130001
ICAO,KCRG,30.3362998962,-81.51439666750001
ICAO,KCRP,27.77039909362793,-97.5011978149414
ICAO,KCRQ,33.12829971,-117.2799988
ICAO,KCRW,38.37310028076172,-81.59320068359375
ICAO,KCSG,32.516300201416016,-84.93890380859375
ICAO,KCSM,35.3398017883,-99.20050048830001
ICAO,KCSV,35.9513015747,-85.08499908450001
ICAO,KCTB,48.6083984375,-112.375999451
ICAO,KCTJ,33.63100051879883,-85.1520004272461
ICAO,KCTY,29.6354999542,-83.10479736330001
ICAO,KCUB,33.970500946,-80.9952011108
ICAO,KCUH,35.9499015808,-96.7731018066
ICAO,KCVG,39.0488014221,-84.6678009033
ICAO,KCVH,36.8932991028,-121.410003662
ICAO,KCVN,34.4250984192,-103.07900238
ICAO,KCVO,44.49720001,-123.2900009
ICAO,KCVS,34.3828010559,-103.321998596
ICAO,KCVX,45.3047981262207,-85.2748031616211
ICAO,KCWA,44.7775993347,-89.6668014526
ICAO,KCWI,41.8311004639,-90.3291015625
ICAO,KCXL,32.6694984436,-115.513000488
ICAO,KCXO,30.351801,-95.414497
ICAO,KCXU,31.212900161743164,-84.23680114746094
ICAO,KCXY,40.2170982361,-76.85150146480001
ICAO,KCYS,41.15570068,-104.8119965
ICAO,KCZG,42.078499,-76.096296
ICAO,KCZL,34.45539856,-84.93920135
ICAO,KDAA,38.715000152600005,-77.1809997559
ICAO,KDAB,29.179899,-81.058098
ICAO,KDAG,34.85369873,-116.7870026
ICAO,KDAL,32.847099,-96.851799
ICAO,KDAN,36.572898864746094,-79.33609771728516
ICAO,KDAW,43.28409957885742,-70.9292984008789
ICAO,KDAY,39.902400970458984,-84.21939849853516
ICAO,KDBN,32.56439972,-82.98529816
ICAO,KDBQ,42.40200043,-90.70950317
ICAO,KDCA,38.8521,-77.037697
ICAO,KDCU,34.652698516799994,-86.94539642330001
ICAO,KDDC,37.76340103149414,-99.9655990600586
ICAO,KDEC,39.834598541259766,-88.8656997680664
ICAO,KDED,29.06699944,-81.28379822
ICAO,KDEN,39.861698150635,-104.672996521
ICAO,KDET,42.40919876,-83.00990295
ICAO,KDFW,32.896801,-97.038002
ICAO,KDGL,31.3425998688,-109.505996704
ICAO,KDHN,31.321300506591797,-85.44960021972656
ICAO,KDHT,36.0225982666,-102.54699707
ICAO,KDIK,46.7974014282,-102.802001953
ICAO,KDKK,42.49330139,-79.27200317
ICAO,KDKX,35.96390151977539,-83.8739013671875
ICAO,KDLF,29.359501,-100.778002
ICAO,KDLH,46.8420982361,-92.19360351559999
ICAO,KDLL,43.52270126,-89.77020264
ICAO,KDLS,45.6184997559,-121.166999817
ICAO,KDMA,32.1665000916,-110.883003235
ICAO,KDMN,32.262298584,-107.721000671
ICAO,KDNL,33.4664993286,-82.0393981934
ICAO,KDNN,34.72290039,-84.87020111
ICAO,KDNV,40.19919968,-87.59590149
ICAO,KDOV,39.12950134,-75.46600342
ICAO,KDPA,41.90779877,-88.24859619
ICAO,KDQH,31.476699829101562,-82.8604965209961
ICAO,KDRA,36.6194,-116.032997
ICAO,KDRI,30.8316993713,-93.33989715579999
ICAO,KDRM,46.0093002319,-83.74389648440001
ICAO,KDRO,37.1515007019,-107.753997803
ICAO,KDRT,29.3742008209,-100.927001953
ICAO,KDSM,41.534000396728516,-93.66310119628906
ICAO,KDTA,39.3805999756,-112.508003235
ICAO,KDTN,32.5401992798,-93.7450027466
ICAO,KDTO,33.2006988525,-97.19799804690001
ICAO,KDTS,30.40010071,-86.47149658
ICAO,KDTW,42.212398529052734,-83.35340118408203
ICAO,KDUC,34.47090149,-97.9598999
ICAO,KDUG,31.4689998627,-109.603996277
ICAO,KDUJ,41.17829895,-78.8986969
ICAO,KDVL,48.11420059,-98.90879822
ICAO,KDVO,38.143600463867,-122.55599975586
ICAO,KDVT,33.6883010864,-112.083000183
ICAO,KDWA,38.57910156,-121.8570023
ICAO,KDWH,30.0618000031,-95.55280303960001
ICAO,KDXR,41.371498107899995,-73.48220062259999
ICAO,KDYL,40.3330001831,-75.1222991943
ICAO,KDYS,32.4207992554,-99.854598999
ICAO,KE25,33.96889877,-112.7990036
ICAO,KE38,30.384199142499998,-103.683998108
ICAO,KE63,32.95809937,-112.6780014
ICAO,KEAT,47.3988990784,-120.207000732
ICAO,KEAU,44.86579895019531,-91.48429870605469
ICAO,KECG,36.26060104,-76.17459869
ICAO,KECP,30.357106,-85.795414
ICAO,KEDC,30.3974931,-97.5663935
ICAO,KEDN,31.29969978,-85.89990234
ICAO,KEDW,34.905399,-117.884003
ICAO,KEED,34.7663002014,-114.623001099
ICAO,KEEN,42.898399353027344,-72.27079772949219
ICAO,KEET,33.17699814,-86.78279877
ICAO,KEFD,29.607299804700002,-95.1587982178
ICAO,KEFT,42.614898681640625,-89.59040069580078
ICAO,KEGE,39.64260101,-106.9179993
ICAO,KEGI,30.65040016,-86.52290344
ICAO,KEGT,37.32360076904297,-97.38829803466797
ICAO,KEGV,45.932300567599995,-89.26830291750001
ICAO,KEHA,37.000702,-101.879997
ICAO,KEKA,40.803398132299996,-124.112998962
ICAO,KEKM,41.7193984985,-86.00319671630001
ICAO,KEKN,38.88940048,-79.85710144
ICAO,KEKO,40.82490158081055,-115.79199981689453
ICAO,KEKY,33.31290054,-86.92590332
ICAO,KELD,33.22100067138672,-92.81330108642578
ICAO,KELM,42.1599006652832,-76.8916015625
ICAO,KELO,47.82450104,-91.83070374
ICAO,KELP,31.80719948,-106.3779984
ICAO,KELY,39.29970169,-114.8420029
ICAO,KEMP,38.3320999146,-96.19120025630001
ICAO,KEMT,34.086102,-118.035004
ICAO,KEMV,36.6869010925293,-77.48280334472656
ICAO,KEND,36.339199066199996,-97.9164962769
ICAO,KENV,40.7187004089,-114.03099823
ICAO,KENW,42.59569931,-87.92780304
ICAO,KEOK,40.459899902299995,-91.4284973145
ICAO,KEPM,44.910099029541016,-67.01270294189453
ICAO,KERI,42.0831270134,-80.1738667488
ICAO,KERV,29.9766998291,-99.08570098879999
ICAO,KERY,46.31119918823242,-85.4572982788086
ICAO,KESC,45.7226982117,-87.0936965942
ICAO,KESF,31.3948993683,-92.2957992554
ICAO,KESN,38.8041992188,-76.06900024410001
ICAO,KETB,43.4221992493,-88.1278991699
ICAO,KEUF,31.9512996674,-85.1288986206
ICAO,KEUG,44.12459945678711,-123.21199798583984
ICAO,KEVB,29.055700302124023,-80.94889831542969
ICAO,KEVV,38.0369987488,-87.5324020386
ICAO,KEVW,41.27479935,-111.0350037
ICAO,KEWB,41.67610168457031,-70.95690155029297
ICAO,KEWK,38.058200836199994,-97.2744979858
ICAO,KEWN,35.0730018616,-77.04290008539999
ICAO,KEWR,40.692501068115234,-74.168701171875
ICAO,KEXX,35.78110122680664,-80.30380249023438
ICAO,KEYW,24.556100845336914,-81.75959777832031
ICAO,KF22,36.38560104370117,-97.2771987915039
ICAO,KF70,33.5741996765,-117.127998352
ICAO,KFAF,37.132499694799996,-76.60880279540001
ICAO,KFAR,46.92070007324219,-96.81580352783203
ICAO,KFAT,36.77619934082031,-119.71800231933594
ICAO,KFAY,34.9911994934082,-78.88030242919922
ICAO,KFBG,35.13180161,-78.93669891
ICAO,KFBR,41.3918991089,-110.406997681
ICAO,KFCI,37.40650177,-77.52500153
ICAO,KFCM,44.8272018433,-93.45709991460001
ICAO,KFCS,38.67839813,-104.7570038
ICAO,KFDW,34.31549835205078,-81.10880279541016
ICAO,KFDY,41.013500213600004,-83.66870117190001
ICAO,KFET,41.44910049,-96.52020264
ICAO,KFFA,36.0181999207,-75.67130279540001
ICAO,KFFC,33.3572998046875,-84.5718002319336
ICAO,KFFO,39.8260993958,-84.0483016968
ICAO,KFFT,38.18249893,-84.90470123
ICAO,KFFZ,33.4608001709,-111.727996826
ICAO,KFHR,48.5219993591,-123.024002075
ICAO,KFHU,31.588499069213867,-110.34400177001953
ICAO,KFIG,41.04859924316406,-78.41310119628906
ICAO,KFIT,42.554100036621094,-71.75900268554688
ICAO,KFKL,41.3778991699,-79.8603973389
ICAO,KFKS,44.62519836425781,-86.20079803466797
ICAO,KFLD,43.7711982727,-88.48840332030001
ICAO,KFLG,35.13850021,-111.6709976
ICAO,KFLL,26.072599,-80.152702
ICAO,KFLO,34.18539810180664,-79.7238998413086
ICAO,KFLP,36.29090118,-92.59030151
ICAO,KFLV,39.3683013916,-94.9147033691
ICAO,KFME,39.08539962769999,-76.7593994141
ICAO,KFMH,41.6584014893,-70.5214004517
ICAO,KFMN,36.741199493399996,-108.230003357
ICAO,KFMY,26.58659935,-81.86329650879999
ICAO,KFNL,40.451804,-105.011
ICAO,KFNT,42.96540069580078,-83.74359893798828
ICAO,KFOD,42.55149841,-94.19259644
ICAO,KFOE,38.950901031499995,-95.66359710690001
ICAO,KFOK,40.8437004089,-72.6317977905
ICAO,KFPR,27.49510002,-80.36830139
ICAO,KFRG,40.7288017273,-73.4133987427
ICAO,KFRI,39.05530167,-96.76450348
ICAO,KFSD,43.582000732400004,-96.741897583
ICAO,KFSI,34.64979935,-98.40219879
ICAO,KFSM,35.33660125732422,-94.36740112304688
ICAO,KFST,30.9157009125,-102.916000366
ICAO,KFTG,39.785301208496094,-104.54299926757812
ICAO,KFTK,37.907100677500004,-85.9720993042
ICAO,KFTW,32.819801,-97.362396
ICAO,KFTY,33.7790985107,-84.5214004517
ICAO,KFUL,33.8720016479,-117.980003357
ICAO,KFVE,47.2854995728,-68.31279754639999
ICAO,KFWA,40.97850037,-85.19509888
ICAO,KFXE,26.1972999573,-80.1707000732
ICAO,KFYV,36.00510025024414,-94.17009735107422
ICAO,KFZG,31.683700561523438,-83.27050018310547
ICAO,KFZI,41.19079971,-83.39450073
ICAO,KFZY,43.350799560546875,-76.38809967041016
ICAO,KGAD,33.972599,-86.088996
ICAO,KGAI,39.168300628699996,-77.1660003662
ICAO,KGBD,38.3442993164,-98.8591995239
ICAO,KGBG,40.937999725299996,-90.431098938
ICAO,KGCC,44.348899841299996,-105.539001465
ICAO,KGCK,37.9275016785,-100.723999023
ICAO,KGCN,35.95240020751953,-112.14700317382812
ICAO,KGDJ,32.44440079,-97.81690216
ICAO,KGDV,47.13869858,-104.8069992
ICAO,KGDW,43.9706001282,-84.47499847410002
ICAO,KGED,38.68920135,-75.35890198
ICAO,KGEG,47.61989974975586,-117.53399658203125
ICAO,KGEO,38.881900787353516,-83.88269805908203
ICAO,KGEU,33.52690124511719,-112.29499816894531
ICAO,KGFK,47.949299,-97.176102
ICAO,KGFL,43.3412017822,-73.6102981567
ICAO,KGGE,33.3116989136,-79.3196029663
ICAO,KGGG,32.38399887084961,-94.71150207519531
ICAO,KGGW,48.212502,-106.614998
ICAO,KGHG,42.09830093383789,-70.67220306396484
ICAO,KGIF,28.062901,-81.753304
ICAO,KGJT,39.1223983765,-108.527000427
ICAO,KGKY,32.66389846801758,-97.09429931640625
ICAO,KGLD,39.37060165,-101.6989975
ICAO,KGLH,33.4828987121582,-90.98560333251953
ICAO,KGLR,45.013500213600004,-84.7035980225
ICAO,KGLS,29.265300750732422,-94.86039733886719
ICAO,KGLW,37.03179932,-85.9536972
ICAO,KGMJ,36.60680008,-94.73860168
ICAO,KGMU,34.847900390599996,-82.34999847410002
ICAO,KGNT,35.167301178,-107.902000427
ICAO,KGNV,29.6900997162,-82.2717971802
ICAO,KGON,41.330101013183594,-72.04509735107422
ICAO,KGPI,48.31050109863281,-114.25599670410156
ICAO,KGPT,30.40730094909668,-89.07009887695312
ICAO,KGPZ,47.21110153,-93.50980377
ICAO,KGQQ,40.7533988953,-82.7238006592
ICAO,KGRB,44.48509979248047,-88.12960052490234
ICAO,KGRF,47.07920074,-122.5810013
ICAO,KGRI,40.967498779296875,-98.30960083007812
ICAO,KGRK,31.067199707,-97.82890319820001
ICAO,KGRR,42.88079834,-85.52279663
ICAO,KGSB,35.33940125,-77.96060181
ICAO,KGSO,36.097801208496094,-79.93730163574219
ICAO,KGSP,34.8956985474,-82.2189025879
ICAO,KGTB,44.05559921,-75.71949768
ICAO,KGTF,47.48199844,-111.3710022
ICAO,KGTR,33.450298309299995,-88.5914001465
ICAO,KGTU,30.678800582885742,-97.67939758300781
ICAO,KGUC,38.53390121,-106.9329987
ICAO,KGUP,35.511100769,-108.789001465
ICAO,KGUS,40.648101806599996,-86.1520996094
ICAO,KGUY,36.6851005554,-101.508003235
ICAO,KGVL,34.27259827,-83.8302002
ICAO,KGVQ,43.03170013,-78.16760254
ICAO,KGVT,33.0677986145,-96.0652999878
ICAO,KGWO,33.4943008423,-90.0847015381
ICAO,KGXY,40.4374008179,-104.633003235
ICAO,KGYH,34.758301,-82.376404
ICAO,KGYR,33.4225006104,-112.375999451
ICAO,KGYY,41.61629867553711,-87.41280364990234
ICAO,KGZH,31.4158,-87.043999
ICAO,KHAF,37.513401031499995,-122.500999451
ICAO,KHAO,39.363800048799995,-84.5220031738
ICAO,KHBG,31.26479912,-89.25279999
ICAO,KHBI,35.65449905,-79.8946991
ICAO,KHBR,34.991317,-99.051313
ICAO,KHDE,40.452099,-99.336502
ICAO,KHDI,35.22010040283203,-84.8323974609375
ICAO,KHDN,40.48120117,-107.2180023
ICAO,KHDO,29.35950088501,-99.176696777344
ICAO,KHEF,38.72140121,-77.51540375
ICAO,KHFD,41.736698150635,-72.649398803711
ICAO,KHGR,39.707901,-77.72949982
ICAO,KHHR,33.922798,-118.334999
ICAO,KHIB,47.38660049,-92.83899689
ICAO,KHIF,41.12403,-111.973086
ICAO,KHII,34.571098,-114.358002
ICAO,KHIO,45.540401,-122.949997
ICAO,KHKY,35.74110031,-81.38950348
ICAO,KHLG,40.1749992371,-80.6463012695
ICAO,KHLN,46.6068000793457,-111.98300170898438
ICAO,KHLR,31.138700485199998,-97.71450042720001
ICAO,KHMN,32.8525009155,-106.107002258
ICAO,KHMZ,40.08530045,-78.5121994
ICAO,KHND,35.9728012085,-115.134002686
ICAO,KHNZ,36.36159897,-78.52919769
ICAO,KHOB,32.6875,-103.2170029
ICAO,KHON,44.38520050048828,-98.22850036621094
ICAO,KHOP,36.668598175,-87.49620056150002
ICAO,KHOT,34.47800064086914,-93.09619903564453
ICAO,KHOU,29.64539909,-95.27890015
ICAO,KHPN,41.06700134277344,-73.70760345458984
ICAO,KHQM,46.971199035599994,-123.93699646
ICAO,KHQU,33.52970123,-82.51650238
ICAO,KHQZ,32.74700164794922,-96.53040313720703
ICAO,KHRL,26.228500366210938,-97.65440368652344
ICAO,KHRO,36.26150131225586,-93.15470123291016
ICAO,KHRT,30.427799224853516,-86.68930053710938
ICAO,KHSA,30.367799758911133,-89.45459747314453
ICAO,KHST,25.48859978,-80.38359833
ICAO,KHSV,34.637199401855,-86.775100708008
ICAO,KHTL,44.359798,-84.671095
ICAO,KHTS,38.36669922,-82.55799866
ICAO,KHUA,34.67869949,-86.68479919
ICAO,KHUF,39.4515,-87.307602
ICAO,KHUL,46.1231002808,-67.792098999
ICAO,KHUT,38.0654983521,-97.86060333250002
ICAO,KHVN,41.26369858,-72.88680267
ICAO,KHVR,48.54299927,-109.762001
ICAO,KHVS,34.4030990601,-80.11920166019999
ICAO,KHWD,37.659198761,-122.122001648
ICAO,KHWO,26.0012,-80.2407
ICAO,KHXD,32.2243995667,-80.6975021362
ICAO,KHYA,41.66930008,-70.28040314
ICAO,KHYI,29.8927,-97.862999
ICAO,KHYR,46.025199890100005,-91.44429779050002
ICAO,KHYS,38.84220123,-99.27320099
ICAO,KHYW,33.82849884,-79.12220001
ICAO,KHZL,40.986801147499996,-75.9949035645
ICAO,KI16,37.600399017333984,-81.5593032836914
ICAO,KIAB,37.62189865,-97.26820374
ICAO,KIAD,38.94449997,-77.45580292
ICAO,KIAG,43.1072998046875,-78.94619750976562
ICAO,KIAH,29.984399795532227,-95.34140014648438
ICAO,KICT,37.649899,-97.433098
ICAO,KIDA,43.514599,-112.070999
ICAO,KIDL,33.485699,-90.678902
ICAO,KIDP,37.1584014893,-95.77839660640001
ICAO,KIGQ,41.5349006652832,-87.52950286865234
ICAO,KIGX,35.935001,-79.065902
ICAO,KIJD,41.74399948120117,-72.1802978515625
ICAO,KIKK,41.07139968869999,-87.8462982178
ICAO,KIKV,41.69139862060547,-93.56639862060547
ICAO,KILG,39.67869949,-75.60649872
ICAO,KILM,34.270599365234375,-77.90260314941406
ICAO,KILN,39.427898407,-83.792098999
ICAO,KIMM,26.43320084,-81.40100098
ICAO,KIMT,45.8184013367,-88.1145019531
ICAO,KIND,39.7173,-86.294403
ICAO,KINJ,32.08349991,-97.09719849
ICAO,KINK,31.779600143399996,-103.200996399
ICAO,KINL,48.566200256347656,-93.4030990600586
ICAO,KINS,36.587200164799995,-115.672996521
ICAO,KINT,36.13370132446289,-80.22200012207031
ICAO,KINW,35.021900177,-110.722999573
ICAO,KIOB,38.05810165,-83.979599
ICAO,KIOW,41.639198303200004,-91.5465011597
ICAO,KIPL,32.834201812699995,-115.57900238
ICAO,KIPT,41.241798400878906,-76.92109680175781
ICAO,KIRK,40.09349822998047,-92.5448989868164
ICAO,KISM,28.2898006439,-81.4371032715
ICAO,KISN,48.177898407,-103.641998291
ICAO,KISO,35.331401825,-77.60880279540001
ICAO,KISP,40.79520035,-73.10019684
ICAO,KISW,44.3602981567,-89.83899688720001
ICAO,KITH,42.49100112915039,-76.4583969116211
ICAO,KIWA,33.30780029,-111.6549988
ICAO,KIWS,29.818199157699997,-95.67259979250001
ICAO,KIXD,38.8308982849,-94.890296936
ICAO,KIYK,35.65879822,-117.8300018
ICAO,KIZA,34.60680008,-120.0759964
ICAO,KIZG,43.991100311299995,-70.9478988647
ICAO,KJAC,43.6072998046875,-110.73799896240234
ICAO,KJAN,32.3111991882,-90.0758972168
ICAO,KJAS,30.88570023,-94.03489685
ICAO,KJAX,30.49410057067871,-81.68789672851562
ICAO,KJBR,35.83169937133789,-90.64640045166016
ICAO,KJCT,30.5112991333,-99.7634963989
ICAO,KJEF,38.5912017822,-92.15609741210001
ICAO,KJES,31.55400085,-81.88249969
ICAO,KJFK,40.63980103,-73.77890015
ICAO,KJGG,37.239200592041016,-76.71610260009766
ICAO,KJHW,42.15340042,-79.25800323
ICAO,KJKA,30.29050064,-87.67179871
ICAO,KJKL,37.59389877319336,-83.31729888916016
ICAO,KJLN,37.151798248291016,-94.49829864501953
ICAO,KJMS,46.92969894,-98.67819977
ICAO,KJOT,41.51779938,-88.17549896
ICAO,KJQF,35.387798,-80.709099
ICAO,KJRA,40.754501,-74.007103
ICAO,KJRB,40.70119858,-74.00900269
ICAO,KJST,40.31610107421875,-78.83390045166016
ICAO,KJSV,35.4382019,-94.80280304
ICAO,KJVL,42.620300293,-89.0416030884
ICAO,KJWN,36.18239974975586,-86.88670349121094
ICAO,KJXN,42.259799957300004,-84.45939636230001
ICAO,KJYL,32.645301818847656,-81.59709930419922
ICAO,KJYO,39.077999,-77.557503
ICAO,KJZI,32.70090103149414,-80.00289916992188
ICAO,KJZP,34.453399658203125,-84.4573974609375
ICAO,KK83,39.90420150756836,-95.77940368652344
ICAO,KKLS,46.11800003049999,-122.898002625
ICAO,KLAA,38.069698333699996,-102.68800354
ICAO,KLAF,40.41230010986328,-86.93689727783203
ICAO,KLAL,27.988899,-82.018602
ICAO,KLAM,35.8797988892,-106.268997192
ICAO,KLAN,42.77870178222656,-84.58740234375
ICAO,KLAR,41.31209945678711,-105.67500305175781
ICAO,KLAS,36.08010101,-115.1520004
ICAO,KLAW,34.5676994324,-98.4166030884
ICAO,KLAX,33.94250107,-118.4079971
ICAO,KLBB,33.663601,-101.822998
ICAO,KLBE,40.27590179,-79.40480042
ICAO,KLBF,41.12620163,-100.6839981
ICAO,KLBL,37.0442009,-100.9599991
ICAO,KLBT,34.6099014282,-79.05940246579999
ICAO,KLBX,29.1086006165,-95.462097168
ICAO,KLCH,30.126100540161133,-93.22329711914062
ICAO,KLCK,39.813801,-82.927803
ICAO,KLCQ,30.1819992065,-82.57689666750001
ICAO,KLDJ,40.617401123,-74.2445983887
ICAO,KLDM,43.96250153,-86.40789795
ICAO,KLEB,43.626098632799994,-72.30419921880001
ICAO,KLEE,28.82309914,-81.80870056
ICAO,KLEW,44.048500061,-70.2835006714
ICAO,KLEX,38.0364990234375,-84.60590362548828
ICAO,KLFI,37.082901001,-76.360496521
ICAO,KLFK,31.2339992523,-94.75
ICAO,KLFT,30.20529938,-91.98760223
ICAO,KLGA,40.77719879,-73.87259674
ICAO,KLGB,33.81769943,-118.1520004
ICAO,KLGC,33.0089,-85.072601
ICAO,KLGD,45.2901992798,-118.007003784
ICAO,KLGU,41.7911987305,-111.851997375
ICAO,KLHM,38.90919876098633,-121.35099792480469
ICAO,KLHV,41.13560104,-77.42230225
ICAO,KLHW,31.889099,-81.562303
ICAO,KLHX,38.04970169,-103.5090027
ICAO,KLIT,34.729400634799994,-92.2242965698
ICAO,KLKP,44.2644996643,-73.96189880370001
ICAO,KLKV,42.161098480199996,-120.399002075
ICAO,KLLQ,33.6385994,-91.75099945
ICAO,KLMT,42.156101,-121.733002
ICAO,KLNA,26.59300041,-80.08509827
ICAO,KLND,42.8152008057,-108.730003357
ICAO,KLNK,40.85100173950195,-96.75920104980469
ICAO,KLNN,41.683998107899995,-81.3897018433
ICAO,KLNR,43.2117004395,-90.181602478
ICAO,KLNS,40.121700286865234,-76.29609680175781
ICAO,KLOL,40.0663986206,-118.565002441
ICAO,KLOM,40.1375007629,-75.2650985718
ICAO,KLOT,41.6072998,-88.09619904
ICAO,KLOU,38.2280006409,-85.6636962891
ICAO,KLOZ,37.0821990967,-84.08489990230001
ICAO,KLPC,34.665599823,-120.468002319
ICAO,KLPR,41.34429932,-82.17759705
ICAO,KLQR,38.20859909,-99.08599854
ICAO,KLRD,27.543800354003906,-99.46160125732422
ICAO,KLRF,34.916900634799994,-92.14969635010002
ICAO,KLRO,32.89780045,-79.78289795
ICAO,KLRU,32.289398193359375,-106.9219970703125
ICAO,KLSE,43.879002,-91.256699
ICAO,KLSF,32.337299346900004,-84.9913024902
ICAO,KLSV,36.2361984253,-115.033996582
ICAO,KLTS,34.667098999,-99.2667007446
ICAO,KLUF,33.534999847399995,-112.383003235
ICAO,KLUK,39.10329819,-84.41860199
ICAO,KLVK,37.6934013367,-121.819999695
ICAO,KLVM,45.6994018555,-110.447998047
ICAO,KLVS,35.6542015076,-105.141998291
ICAO,KLWA,42.351200103759766,-86.25569915771484
ICAO,KLWB,37.8582992554,-80.3994979858
ICAO,KLWC,39.01119995,-95.21659851
ICAO,KLWM,42.717201232899995,-71.1233978271
ICAO,KLWS,46.3745002746582,-117.01499938964844
ICAO,KLWT,47.04930114746094,-109.46700286865234
ICAO,KLXN,40.791000366199995,-99.7772979736
ICAO,KLYH,37.326698303222656,-79.20040130615234
ICAO,KLZD,41.819698333740234,-71.9010009765625
ICAO,KLZU,33.97809982,-83.96240234
ICAO,KLZZ,31.106199264526367,-98.1958999633789
ICAO,KM01,35.20069885,-90.05400085
ICAO,KM94,46.687401,-119.920998
ICAO,KMAE,36.9886016846,-120.111999512
ICAO,KMAF,31.9424991607666,-102.2020034790039
ICAO,KMBG,45.54650116,-100.4079971
ICAO,KMBL,44.2723999,-86.24690247
ICAO,KMBS,43.532901763916016,-84.07959747314453
ICAO,KMCB,31.17849922,-90.47190094
ICAO,KMCC,38.66759872,-121.401001
ICAO,KMCE,37.28469849,-120.5139999
ICAO,KMCF,27.84930038,-82.52120209
ICAO,KMCI,39.2976,-94.713898
ICAO,KMCK,40.20629883,-100.5920029
ICAO,KMCN,32.69279861450195,-83.64920043945312
ICAO,KMCO,28.429399490356445,-81.30899810791016
ICAO,KMCW,43.157798767100005,-93.3312988281
ICAO,KMDH,37.778099060058594,-89.25199890136719
ICAO,KMDQ,34.8614006,-86.55750275
ICAO,KMDT,40.1935005188,-76.7633972168
ICAO,KMDW,41.785999,-87.752403
ICAO,KMEI,32.33259963989258,-88.75189971923828
ICAO,KMEJ,37.27690124511719,-100.35600280761719
ICAO,KMEM,35.04240036010742,-89.97669982910156
ICAO,KMER,37.38050079,-120.5680008
ICAO,KMFD,40.82139968869999,-82.5166015625
ICAO,KMFE,26.17580032,-98.23860168
ICAO,KMFI,44.6369018555,-90.18930053710001
ICAO,KMFR,42.37419891357422,-122.87300109863281
ICAO,KMGC,41.703300476100004,-86.8211975098
ICAO,KMGE,33.91540146,-84.51629639
ICAO,KMGJ,41.50999832,-74.26460266
ICAO,KMGM,32.30059814,-86.39399719
ICAO,KMGW,39.64289856,-79.91629791
ICAO,KMGY,39.5890007019,-84.224899292
ICAO,KMHE,43.774799346900004,-98.03859710690001
ICAO,KMHK,39.14099884033203,-96.6707992553711
ICAO,KMHR,38.55390167,-121.2979965
ICAO,KMHT,42.932598,-71.435699
ICAO,KMHV,35.05939865,-118.1520004
ICAO,KMIA,25.79319953918457,-80.29060363769531
ICAO,KMIB,48.4156,-101.358002
ICAO,KMIC,45.0620002746582,-93.35389709472656
ICAO,KMIE,40.2422981262207,-85.3958969116211
ICAO,KMIV,39.367802,-75.072197
ICAO,KMKC,39.123199462890625,-94.5927963256836
ICAO,KMKE,42.947200775146484,-87.89659881591797
ICAO,KMKG,43.16949844,-86.23819733
ICAO,KMKL,35.599899,-88.915604
ICAO,KMKO,35.656502,-95.366699
ICAO,KMKT,44.22159958,-93.91870117
ICAO,KMKY,25.995001,-81.672501
ICAO,KMLB,28.102800369262695,-80.64530181884766
ICAO,KMLC,34.882401,-95.783501
ICAO,KMLD,42.16659927368164,-112.2969970703125
ICAO,KMLI,41.44850158691406,-90.50749969482422
ICAO,KMLJ,33.154202,-83.240701
ICAO,KMLS,46.428001403808594,-105.88600158691406
ICAO,KMLT,45.64780044555664,-68.68560028076172
ICAO,KMLU,32.51089859008789,-92.0376968383789
ICAO,KMMH,37.62409973,-118.8379974
ICAO,KMMI,35.39730072,-84.56259918
ICAO,KMMK,41.50870132446289,-72.82949829101562
ICAO,KMMT,33.92079926,-80.80130005
ICAO,KMMU,40.799400329589844,-74.41490173339844
ICAO,KMMV,45.19440079,-123.1360016
ICAO,KMNM,45.126701,-87.638397
ICAO,KMNZ,31.6658992767334,-98.14859771728516
ICAO,KMOB,30.691200256348,-88.242797851562
ICAO,KMOD,37.62580109,-120.9540024
ICAO,KMOT,48.2593994140625,-101.27999877929688
ICAO,KMPI,37.5108985901,-120.040000916
ICAO,KMPO,41.137503,-75.378897
ICAO,KMPR,38.35240173,-97.69129944
ICAO,KMPV,44.20349884,-72.56230164
ICAO,KMQI,35.91899872,-75.69550323
ICAO,KMQS,39.97900009,-75.8655014
ICAO,KMQT,46.53390121459961,-87.5614013671875
ICAO,KMQY,36.0089988708,-86.5201034546
ICAO,KMRB,39.40190125,-77.98459625
ICAO,KMRF,30.371099,-104.017997
ICAO,KMRJ,42.886799,-90.236198
ICAO,KMRN,35.820202,-81.611397
ICAO,KMRT,40.224700927734375,-83.35160064697266
ICAO,KMRY,36.58700180053711,-121.84300231933594
ICAO,KMSL,34.74530029,-87.61019897
ICAO,KMSN,43.13990020751953,-89.3375015258789
ICAO,KMSO,46.91630173,-114.0910034
ICAO,KMSP,44.882,-93.221802
ICAO,KMSS,44.93579864501953,-74.84559631347656
ICAO,KMSY,29.99340057373047,-90.25800323486328
ICAO,KMTC,42.613463,-82.836919
ICAO,KMTH,24.726101,-81.051399
ICAO,KMTJ,38.509799957300004,-107.893997192
ICAO,KMTN,39.325699,-76.413803
ICAO,KMTP,41.0765,-71.920797
ICAO,KMTV,36.630699157714844,-80.01830291748047
ICAO,KMUI,40.434799,-76.569397
ICAO,KMUO,43.043598,-115.872002
ICAO,KMVL,44.53459930419999,-72.6139984131
ICAO,KMVY,41.3931007385,-70.6143035889
ICAO,KMWA,37.75500107,-89.01110077
ICAO,KMWC,43.110401,-88.034401
ICAO,KMWH,47.20769882,-119.3199997
ICAO,KMWK,36.45970154,-80.5530014
ICAO,KMWL,32.7816009521,-98.0602035522
ICAO,KMWM,43.91339874267578,-95.1093978881836
ICAO,KMXF,32.3829,-86.365799
ICAO,KMYL,44.88970184,-116.1009979
ICAO,KMYR,33.6796989441,-78.9282989502
ICAO,KMYV,39.09780121,-121.5699997
ICAO,KMZJ,32.5106010437,-111.32800293
ICAO,KNBC,32.4774017334,-80.723197937
ICAO,KNBG,29.82530022,-90.03500366
ICAO,KNCA,34.70840073,-77.43969727
ICAO,KNDZ,30.70439910888672,-87.02300262451172
ICAO,KNEL,40.03329849,-74.353302
ICAO,KNEW,30.042400360107,-90.028297424316
ICAO,KNFG,33.30130005,-117.3550034
ICAO,KNFL,39.41659927,-118.7009964
ICAO,KNFW,32.76919937,-97.4414978
ICAO,KNGP,27.69260025,-97.29109955
ICAO,KNGU,36.937599,-76.289299
ICAO,KNGZ,37.78889846801758,-122.31999969482422
ICAO,KNHK,38.285999,-76.411797
ICAO,KNHZ,43.89220047,-69.93859863
ICAO,KNID,35.6853981,-117.6920013
ICAO,KNIP,30.2358,-81.680603
ICAO,KNJK,32.829201,-115.671996
ICAO,KNKT,34.90090179,-76.88069916
ICAO,KNKX,32.86840057,-117.1429977
ICAO,KNLC,36.33300018,-119.9520035
ICAO,KNMM,32.55210114,-88.55560303
ICAO,KNOW,48.14149856567383,-123.41400146484375
ICAO,KNPA,30.35269928,-87.31860352
ICAO,KNQA,35.356701,-89.8703
ICAO,KNQI,27.5072002411,-97.8097000122
ICAO,KNQX,24.57579994,-81.68890381
ICAO,KNRB,30.39109993,-81.42469788
ICAO,KNSE,30.7241993,-87.02189636
ICAO,KNSI,33.23979949951172,-119.45800018310547
ICAO,KNTD,34.120300293,-119.121002197
ICAO,KNTU,36.820702,-76.033501
ICAO,KNUC,33.02270126,-118.5879974
ICAO,KNUQ,37.4161,-122.049004
ICAO,KNUW,48.351799,-122.655998
ICAO,KNXP,34.2961998,-116.1620026
ICAO,KNXX,40.19979858,-75.14820099
ICAO,KNYG,38.50170135,-77.30529785
ICAO,KNYL,32.65660095,-114.6060028
ICAO,KNZJ,33.67610168457031,-117.73100280761719
ICAO,KNZY,32.69919968,-117.2149963
ICAO,KOAJ,34.8292007446,-77.61209869380001
ICAO,KOAK,37.721298,-122.221001
ICAO,KOAR,36.68190002,-121.762001
ICAO,KOBE,27.262800216699997,-80.8498001099
ICAO,KOCF,29.17259979,-82.22419739
ICAO,KOCW,35.570499420166,-77.049797058105
ICAO,KOEB,41.9333992,-85.05259705
ICAO,KOFF,41.118301391602,-95.912498474121
ICAO,KOFK,41.985500335693,-97.435096740723
ICAO,KOGB,33.456798553467,-80.859497070312
ICAO,KOGD,41.195899963379,-112.0120010376
ICAO,KOGS,44.6819000244,-75.46549987790002
ICAO,KOJC,38.84759903,-94.73760223
ICAO,KOKB,33.217300415039,-117.35399627686
ICAO,KOKC,35.39310073852539,-97.60070037841797
ICAO,KOKK,40.528198242188,-86.05899810791
ICAO,KOKM,35.668098449707,-95.948699951172
ICAO,KOLF,48.094501495399996,-105.574996948
ICAO,KOLM,46.9693985,-122.9029999
ICAO,KOLS,31.4177,-110.848
ICAO,KOLU,41.44800186,-97.34259796
ICAO,KOLV,34.9786987305,-89.78690338130001
ICAO,KOMA,41.3032,-95.894096
ICAO,KOMN,29.300600051879883,-81.11360168457031
ICAO,KONM,34.022499084472656,-106.90299987792969
ICAO,KONO,44.020500183105,-117.01399993896
ICAO,KONP,44.580399,-124.057999
ICAO,KONT,34.055999755859375,-117.60099792480469
ICAO,KOPF,25.907,-80.278397
ICAO,KOQN,39.9901008605957,-75.58190155029297
ICAO,KOQU,41.597099304199,-71.412101745605
ICAO,KORD,41.9786,-87.9048
ICAO,KORF,36.89459991455078,-76.20120239257812
ICAO,KORH,42.26729965209961,-71.87570190429688
ICAO,KORL,28.5455,-81.332901
ICAO,KORS,48.7081985474,-122.910003662
ICAO,KOSC,44.451599,-83.394096
ICAO,KOSH,43.98440170288086,-88.55699920654297
ICAO,KOSU,40.0798,-83.072998
ICAO,KOTH,43.41709899902344,-124.24600219726562
ICAO,KOTM,41.10660172,-92.44789886
ICAO,KOWB,37.74010086,-87.16680145
ICAO,KOWD,42.1904983521,-71.1728973389
ICAO,KOWP,36.1753006,-96.15180206
ICAO,KOXC,41.47859954834,-73.135200500488
ICAO,KOXR,34.200801849365,-119.20700073242
ICAO,KOZA,30.735300064087,-101.20300292969
ICAO,KOZR,31.27569962,-85.71340179
ICAO,KP08,32.9359016418457,-111.427001953125
ICAO,KP52,34.7299995422,-112.035003662
ICAO,KPAE,47.90629959,-122.2819977
ICAO,KPAH,37.06079864501953,-88.7738037109375
ICAO,KPAM,30.0695991516,-85.57540130619999
ICAO,KPAO,37.461101532,-122.114997864
ICAO,KPBF,34.1731,-91.9356
ICAO,KPBG,44.650901794433594,-73.46810150146484
ICAO,KPBH,45.70899963378906,-90.40249633789062
ICAO,KPBI,26.68320083618164,-80.09559631347656
ICAO,KPBX,37.5617981,-82.56639862
ICAO,KPCW,41.516300201416016,-82.86869812011719
ICAO,KPCZ,44.33330154,-89.01979828
ICAO,KPDC,43.019298553467,-91.12370300293
ICAO,KPDK,33.8755989075,-84.3020019531
ICAO,KPDT,45.695098877,-118.841003418
ICAO,KPDX,45.58869934,-122.5979996
ICAO,KPEQ,31.382400512695,-103.51100158691
ICAO,KPFN,30.212099,-85.6828
ICAO,KPGA,36.92610168,-111.447998
ICAO,KPGD,26.92020035,-81.9905014
ICAO,KPGV,35.6352005,-77.38529968
ICAO,KPHD,40.470901489258,-81.419700622559
ICAO,KPHF,37.13190079,-76.49299622
ICAO,KPHK,26.78499985,-80.69339752
ICAO,KPHL,39.87189865112305,-75.24109649658203
ICAO,KPHN,42.9109993,-82.52890015
ICAO,KPHX,33.43429946899414,-112.01200103759766
ICAO,KPIA,40.664199829100006,-89.6932983398
ICAO,KPIB,31.467100143432617,-89.33709716796875
ICAO,KPIE,27.91020012,-82.68740082
ICAO,KPIH,42.9098014831543,-112.59600067138672
ICAO,KPIM,32.8406982422,-84.8824005127
ICAO,KPIR,44.38270187,-100.2860031
ICAO,KPIT,40.49150085,-80.23290253
ICAO,KPJC,40.80160141,-80.16069794
ICAO,KPKB,39.34510040283203,-81.43920135498047
ICAO,KPLN,45.57089996,-84.79669952
ICAO,KPMB,48.9425010681,-97.2407989502
ICAO,KPMD,34.62939835,-118.0849991
ICAO,KPMH,38.8404998779,-82.84729766850002
ICAO,KPMP,26.247100830078,-80.111099243164
ICAO,KPNA,42.79550171,-109.8069992
ICAO,KPNC,36.73199844,-97.09980011
ICAO,KPNE,40.081902,-75.010597
ICAO,KPNM,45.55989838,-93.60820007
ICAO,KPNS,30.473400115967,-87.186599731445
ICAO,KPOB,35.1708984375,-79.014503479004
ICAO,KPOC,34.091598510742,-117.78199768066
ICAO,KPOE,31.0447998,-93.1917038
ICAO,KPOF,36.773899078369,-90.324897766113
ICAO,KPOU,41.6265983581543,-73.88420104980469
ICAO,KPPA,35.612998962402,-100.99600219727
ICAO,KPPF,37.32989883,-95.5062027
ICAO,KPQI,46.68899918,-68.0447998
ICAO,KPRB,35.67290115,-120.6269989
ICAO,KPRC,34.65449905,-112.4199982
ICAO,KPRX,33.636600494385,-95.450798034668
ICAO,KPSB,40.884399414062,-78.087303161621
ICAO,KPSC,46.26470184326172,-119.11900329589844
ICAO,KPSM,43.0778999329,-70.8233032227
ICAO,KPSP,33.8297004699707,-116.50700378417969
ICAO,KPSX,28.727500915527,-96.250999450684
ICAO,KPTB,37.183799743652,-77.507400512695
ICAO,KPTK,42.665500640869,-83.420097351074
ICAO,KPTT,37.70159912,-98.74690247
ICAO,KPUB,38.289100646972656,-104.49700164794922
ICAO,KPUC,39.61389923,-110.7509995
ICAO,KPUW,46.7439,-117.110001
ICAO,KPVC,42.0718994141,-70.2213973999
ICAO,KPVD,41.732601,-71.420403
ICAO,KPVU,40.219200134277,-111.72299957275
ICAO,KPWA,35.53419876,-97.64710236
ICAO,KPWK,42.114222,-87.901494
ICAO,KPWM,43.64619827,-70.30930328
ICAO,KPWT,47.490200042725,-122.76499938965
ICAO,KPXE,32.51060104370117,-83.76730346679688
ICAO,KPYM,41.909,-70.728798
ICAO,KPYP,34.089977,-85.610069
ICAO,KQA,54.1337704415,-165.778895617
ICAO,KRAC,42.7606010437,-87.8152008057
ICAO,KRAL,33.95190048,-117.4449997
ICAO,KRAP,44.0452995300293,-103.05699920654297
ICAO,KRBD,32.6809005737,-96.8682022095
ICAO,KRBL,40.1506996155,-122.251998901
ICAO,KRBM,34.85010147,-92.30020142
ICAO,KRCA,44.14500046,-103.1039963
ICAO,KRCX,45.49679946899414,-91.00050354003906
ICAO,KRCZ,34.8913,-79.759598
ICAO,KRDD,40.50899887,-122.2929993
ICAO,KRDG,40.378501892089844,-75.96520233154297
ICAO,KRDM,44.2541008,-121.1500015
ICAO,KRDR,47.961101532,-97.4011993408
ICAO,KRDU,35.877601623535156,-78.7874984741211
ICAO,KREI,34.08530044555664,-117.14600372314453
ICAO,KRFD,42.19540023803711,-89.09719848632812
ICAO,KRHI,45.63119888305664,-89.46749877929688
ICAO,KRHV,37.332901001,-121.819000244
ICAO,KRIC,37.50519943237305,-77.3197021484375
ICAO,KRID,39.757198333740234,-84.8427963256836
ICAO,KRIF,38.73640060424805,-112.0989990234375
ICAO,KRIL,39.526299,-107.726997
ICAO,KRIR,33.98970031738281,-117.41100311279297
ICAO,KRIU,38.48680114746094,-121.10299682617188
ICAO,KRIV,33.880699,-117.259003
ICAO,KRIW,43.064201355,-108.459999084
ICAO,KRJD,38.97010040283203,-75.86630249023438
ICAO,KRKD,44.06010056,-69.09919739
ICAO,KRKP,28.0867996216,-97.0446014404
ICAO,KRKR,35.02159881591797,-94.62129974365234
ICAO,KRKS,41.5942,-109.065001
ICAO,KRME,43.23379898,-75.40699768
ICAO,KRMG,34.3506011963,-85.15799713130001
ICAO,KRMY,42.25120162963867,-84.95549774169922
ICAO,KRND,29.52969933,-98.27890015
ICAO,KRNH,45.14830017,-92.5381012
ICAO,KRNM,33.0392,-116.915001
ICAO,KRNO,39.49909973144531,-119.76799774169922
ICAO,KRNT,47.4930992126,-122.216003418
ICAO,KROA,37.3255,-79.975403
ICAO,KROC,43.118900299072266,-77.67240142822266
ICAO,KROW,33.30160140991211,-104.53099822998047
ICAO,KRSL,38.872100830078,-98.811798095703
ICAO,KRST,43.90829849243164,-92.5
ICAO,KRSW,26.53619956970215,-81.75520324707031
ICAO,KRTN,36.74150085,-104.5019989
ICAO,KRUT,43.52939987,-72.94960022
ICAO,KRVS,36.039600372314,-95.984596252441
ICAO,KRWF,44.54719925,-95.08229828
ICAO,KRWI,35.856300354003906,-77.89189910888672
ICAO,KRWL,41.80559921,-107.1999969
ICAO,KRYN,32.1422004699707,-111.17500305175781
ICAO,KRYW,30.498600006103516,-97.96949768066406
ICAO,KRYY,34.01319885,-84.59860229
ICAO,KRZL,40.9478988647,-87.1826019287
ICAO,KS39,44.286998748779,-120.90399932861
ICAO,KS40,46.21340179,-119.7910004
ICAO,KSAA,41.444901,-106.823997
ICAO,KSAC,38.5125007629,-121.492996216
ICAO,KSAD,32.85480118,-109.6350021
ICAO,KSAF,35.617099762,-106.088996887
ICAO,KSAN,32.7336006165,-117.190002441
ICAO,KSAT,29.533700942993164,-98.46980285644531
ICAO,KSAV,32.12760162,-81.20210266
ICAO,KSAW,46.353599548300004,-87.395401001
ICAO,KSBA,34.42620087,-119.8399963
ICAO,KSBD,34.0954017639,-117.23500061
ICAO,KSBM,43.76959991,-87.85140228
ICAO,KSBN,41.70869827270508,-86.31729888916016
ICAO,KSBO,32.609100341796875,-82.36990356445312
ICAO,KSBP,35.236801147499996,-120.641998291
ICAO,KSBS,40.5163002,-106.8659973
ICAO,KSBY,38.34049987792969,-75.51029968261719
ICAO,KSCD,33.17179870605469,-86.30549621582031
ICAO,KSCH,42.852500915527,-73.928901672363
ICAO,KSCK,37.894199371338,-121.2379989624
ICAO,KSDC,43.234699,-77.121
ICAO,KSDF,38.1744,-85.736
ICAO,KSDL,33.622898101807,-111.91100311279
ICAO,KSDM,32.572299957275,-116.98000335693
ICAO,KSDY,47.706902,-104.193001
ICAO,KSEA,47.449001,-122.308998
ICAO,KSEE,32.826198577881,-116.97200012207
ICAO,KSEF,27.45639992,-81.3423996
ICAO,KSEM,32.343898773193,-86.987800598145
ICAO,KSEP,32.215301513672,-98.177696228027
ICAO,KSEZ,34.848598480225,-111.78800201416
ICAO,KSFB,28.777599334716797,-81.23750305175781
ICAO,KSFF,47.682800292969,-117.32299804688
ICAO,KSFO,37.61899948120117,-122.375
ICAO,KSFZ,41.9207992554,-71.49140167239999
ICAO,KSGF,37.24570084,-93.38860321
ICAO,KSGH,39.840301513672,-83.840202331543
ICAO,KSGJ,29.9592,-81.339798
ICAO,KSGR,29.622299194336,-95.65650177002
ICAO,KSGU,37.036389,-113.510306
ICAO,KSHD,38.2638015747,-78.8964004517
ICAO,KSHN,47.233600616455,-123.14800262451
ICAO,KSHR,44.76919937133789,-106.9800033569336
ICAO,KSHV,32.446602,-93.8256
ICAO,KSIK,36.898899078369,-89.561798095703
ICAO,KSJC,37.362598,-121.929001
ICAO,KSJT,31.35770034790039,-100.49600219726562
ICAO,KSKA,47.6151008606,-117.65599823
ICAO,KSKF,29.38419914,-98.58110046
ICAO,KSKX,36.45819855,-105.6719971
ICAO,KSKY,41.4333992004,-82.6522979736
ICAO,KSLC,40.78839874267578,-111.97799682617188
ICAO,KSLE,44.90950012,-123.0029984
ICAO,KSLH,45.65370178,-84.51930237
ICAO,KSLI,33.79000092,-118.052002
ICAO,KSLK,44.38529968261719,-74.2061996459961
ICAO,KSLN,38.79100036621094,-97.6521987915039
ICAO,KSMD,41.14339828,-85.15280151
ICAO,KSME,37.053398132299996,-84.6158981323
ICAO,KSMF,38.69540023803711,-121.59100341796875
ICAO,KSMN,45.1237983704,-113.880996704
ICAO,KSMO,34.015800476100004,-118.450996399
ICAO,KSMQ,40.625999450683594,-74.67019653320312
ICAO,KSMX,34.89889908,-120.4570007
ICAO,KSNA,33.67570114,-117.8679962
ICAO,KSNS,36.662799835205,-121.60600280762
ICAO,KSNY,41.10129929,-102.9850006
ICAO,KSOA,30.585699081421,-100.6490020752
ICAO,KSOP,35.23740005,-79.3911972
ICAO,KSOW,34.265499115,-110.005996704
ICAO,KSPA,34.915699005127,-81.956497192383
ICAO,KSPB,45.770999908447266,-122.86199951171875
ICAO,KSPF,44.48030090332,-103.78299713135
ICAO,KSPG,27.7651,-82.626999
ICAO,KSPI,39.84410095,-89.67790222
ICAO,KSPS,33.9888,-98.491898
ICAO,KSPW,43.165500640869,-95.202796936035
ICAO,KSPZ,39.40299987792969,-119.2509994506836
ICAO,KSQL,37.511901855469,-122.25
ICAO,KSRQ,27.39539909362793,-82.55439758300781
ICAO,KSRR,33.462799072266,-105.53500366211
ICAO,KSSC,33.97269821,-80.47059631
ICAO,KSSF,29.336999893188,-98.471099853516
ICAO,KSSI,31.15180016,-81.39129639
ICAO,KSTC,45.546600341796875,-94.05989837646484
ICAO,KSTE,44.5452003479,-89.530296325684
ICAO,KSTJ,39.771900177002,-94.909698486328
ICAO,KSTK,40.61529922,-103.2649994
ICAO,KSTL,38.748697,-90.370003
ICAO,KSTP,44.93450164794922,-93.05999755859375
ICAO,KSTS,38.50899887,-122.8130035
ICAO,KSUA,27.18169975,-80.22109985
ICAO,KSUN,43.50439835,-114.2959976
ICAO,KSUS,38.662101745605,-90.652000427246
ICAO,KSUT,33.9292984,-78.07499695
ICAO,KSUU,38.262699127197,-121.92700195312
ICAO,KSUX,42.40259933,-96.38439941
ICAO,KSUZ,34.59059906,-92.47940063
ICAO,KSVH,35.765300750732,-80.953903198242
ICAO,KSVN,32.00999832,-81.14569855
ICAO,KSWF,41.50410079956055,-74.10479736328125
ICAO,KSWO,36.161201477051,-97.08570098877
ICAO,KSYR,43.11119842529297,-76.1063003540039
ICAO,KSZL,38.73030090332,-93.547897338867
ICAO,KSZT,48.299499511719,-116.55999755859
ICAO,KTAN,41.8744010925293,-71.0166015625
ICAO,KTBN,37.74160004,-92.14070129
ICAO,KTBR,32.4827003479,-81.73690032959999
ICAO,KTCC,35.182800293,-103.602996826
ICAO,KTCL,33.220600128174,-87.611396789551
ICAO,KTCM,47.1376991272,-122.475997925
ICAO,KTCS,33.2369003296,-107.272003174
ICAO,KTCY,37.68899917602539,-121.44200134277344
ICAO,KTDF,36.28490067,-78.98419952
ICAO,KTEB,40.85010147089999,-74.060798645
ICAO,KTEX,37.9538002,-107.9079971
ICAO,KTIK,35.414699554443,-97.386596679688
ICAO,KTIW,47.26789856,-122.5780029
ICAO,KTIX,28.514799118042,-80.799201965332
ICAO,KTKI,33.17789841,-96.59049988
ICAO,KTLH,30.396499633789062,-84.35030364990234
ICAO,KTMA,31.4290008545,-83.4885025024
ICAO,KTMB,25.6478996277,-80.432800293
ICAO,KTMK,45.4182014465,-123.814002991
ICAO,KTNT,25.861799240112,-80.897003173828
ICAO,KTNX,37.7988014221,-116.78099823
ICAO,KTOA,33.803398132324,-118.33999633789
ICAO,KTOC,34.59379959,-83.29579926
ICAO,KTOI,31.860399,-86.012101
ICAO,KTOL,41.58679962,-83.80780029
ICAO,KTOP,39.068698883057,-95.622497558594
ICAO,KTPA,27.975500106811523,-82.533203125
ICAO,KTPF,27.915599822998,-82.44930267334
ICAO,KTPH,38.06019974,-117.086998
ICAO,KTPL,31.15250015258789,-97.40779876708984
ICAO,KTQK,38.474300384521484,-100.88500213623047
ICAO,KTRI,36.475201,-82.407401
ICAO,KTRK,39.319999694799996,-120.13999939
ICAO,KTRM,33.62670135498,-116.16000366211
ICAO,KTTD,45.54940032959,-122.40100097656
ICAO,KTTN,40.27669906616211,-74.8134994506836
ICAO,KTTS,28.614999771118164,-80.69450378417969
ICAO,KTUL,36.19839859008789,-95.88809967041016
ICAO,KTUP,34.26810073852539,-88.7698974609375
ICAO,KTUS,32.1161003112793,-110.94100189208984
ICAO,KTVC,44.74140167236328,-85.58219909667969
ICAO,KTVF,48.06570053,-96.18499756
ICAO,KTVI,30.901599884033,-83.881301879883
ICAO,KTVL,38.89390182495117,-119.99500274658203
ICAO,KTWF,42.4818,-114.487999
ICAO,KTXK,33.45370101928711,-93.99099731445312
ICAO,KTYR,32.35409927368164,-95.40239715576172
ICAO,KTYS,35.81100082,-83.9940033
ICAO,KTZR,39.90119934082031,-83.13690185546875
ICAO,KUAO,45.247100830078125,-122.7699966430664
ICAO,KUDD,33.748401641846,-116.27500152588
ICAO,KUDG,34.449401,-79.890098
ICAO,KUGN,42.422199249268,-87.867897033691
ICAO,KUIN,39.94269943,-91.19460297
ICAO,KUKF,36.2228012085,-81.09829711910001
ICAO,KUKI,39.125999450684,-123.20099639893
ICAO,KUKT,40.435199737549,-75.381896972656
ICAO,KULS,37.60400009,-101.3740005
ICAO,KUMP,39.93519974,-86.04499817
ICAO,KUNI,39.2109985352,-82.23139953610001
ICAO,KUNV,40.8493003845,-77.84870147710001
ICAO,KUOS,35.205101013184,-85.898101806641
ICAO,KUOX,34.384300231934,-89.536796569824
ICAO,KUTA,34.680999755859,-90.346702575684
ICAO,KUTS,30.7469005585,-95.5871963501
ICAO,KUVA,29.2112998962,-99.743598938
ICAO,KUWL,39.87590027,-85.32649994
ICAO,KUYF,39.93270111,-83.46199799
ICAO,KUZA,34.9878006,-81.05719757
ICAO,KVAD,30.9678001404,-83.1930007935
ICAO,KVAY,39.942901611299995,-74.845703125
ICAO,KVBG,34.7373008728,-120.583999634
ICAO,KVBT,36.34569931,-94.21929932
ICAO,KVCT,28.85260009765625,-96.91850280761719
ICAO,KVCV,34.597499847399995,-117.383003235
ICAO,KVDI,32.192699432373,-82.371200561523
ICAO,KVEL,40.4408989,-109.5100021
ICAO,KVGT,36.21070098877,-115.19400024414
ICAO,KVIS,36.3186988831,-119.392997742
ICAO,KVLD,30.782499313354492,-83.27670288085938
ICAO,KVLL,42.54290009,-83.17790222
ICAO,KVNC,27.071599960327,-82.440299987793
ICAO,KVNW,40.86470031738281,-84.6093978881836
ICAO,KVNY,34.209800720215,-118.48999786377
ICAO,KVOK,43.938999176025,-90.253402709961
ICAO,KVPC,34.12310028076172,-84.84870147705078
ICAO,KVPS,30.4832,-86.525398
ICAO,KVPZ,41.45399857,-87.00710297
ICAO,KVQQ,30.2187004089,-81.876701355
ICAO,KVRB,27.6556,-80.417901
ICAO,KVTN,42.85779953,-100.5479965
ICAO,KVUJ,35.416698455811,-80.150802612305
ICAO,KVVS,39.95920181,-79.65709686
ICAO,KVYS,41.351898,-89.153099
ICAO,KW35,39.69260025024414,-78.16609954833984
ICAO,KW63,36.5957984924,-78.56009674070002
ICAO,KWAL,37.9402008057,-75.4664001465
ICAO,KWBW,41.2971992493,-75.8511962891
ICAO,KWDR,33.98289871,-83.66739655
ICAO,KWHP,34.2593002319,-118.413002014
ICAO,KWJF,34.74110031,-118.2190018
ICAO,KWLD,37.168598175,-97.0375976562
ICAO,KWMC,40.8965988159,-117.805999756
ICAO,KWRB,32.6400985718,-83.5919036865
ICAO,KWRI,40.0155983,-74.59169769
ICAO,KWRL,43.9656982421875,-107.95099639892578
ICAO,KWSD,32.34149933,-106.4029999
ICAO,KWST,41.3496017456,-71.8033981323
ICAO,KWVI,36.9356994629,-121.790000916
ICAO,KWWD,39.008499145500004,-74.9083023071
ICAO,KWWR,36.438,-99.5226667
ICAO,KWYS,44.68840027,-111.1179962
ICAO,KXFL,29.4674,-81.206299
ICAO,KXMR,28.4675998688,-80.56659698490002
ICAO,KXNA,36.281898,-94.306801
ICAO,KXTA,37.23500061035156,-115.81099700927734
ICAO,KY72,43.97499847,-90.48349762
ICAO,KYIP,42.23789978,-83.53040314
ICAO,KYKM,46.56819916,-120.5439987
ICAO,KYKN,42.916698455811,-97.385902404785
ICAO,KYNG,41.26070023,-80.67910004
ICAO,KZPH,28.2282009125,-82.15589904790001
ICAO,KZUN,35.08319854736328,-108.79199981689453
ICAO,KZZV,39.9444007874,-81.89209747310001
ICAO,LAGJ,41.895199,19.5987
ICAO,LAKU,42.033699035599994,20.4158992767
ICAO,LAKV,40.77190017700195,19.901899337768555
ICAO,LATI,41.4146995544,19.7206001282
ICAO,LAVL,40.47610092163086,19.474199295043945
ICAO,LBBG,42.56959915161133,27.515199661254883
ICAO,LBGO,43.15140151977539,25.712900161743164
ICAO,LBHS,41.976398,25.5898
ICAO,LBHT,42.42189,23.767221
ICAO,LBIA,42.4548988342,26.3521995544
ICAO,LBMG,43.5443000793457,23.272499084472656
ICAO,LBPD,42.067799,24.8508
ICAO,LBPG,42.290401458740234,24.714000701904297
ICAO,LBPL,43.451401,24.5028
ICAO,LBSF,42.696693420410156,23.411436080932617
ICAO,LBSZ,42.3766667,25.655
ICAO,LBWB,43.42380142211914,28.181299209594727
ICAO,LBWN,43.232101,27.8251
ICAO,LCEN,35.154701232910156,33.49610137939453
ICAO,LCGK,35.235947,33.724358
ICAO,LCLK,34.875099182128906,33.624900817871094
ICAO,LCPH,34.71799850463867,32.48569869995117
ICAO,LCRA,34.590401,32.9879
ICAO,LDDU,42.5614013671875,18.268199920654297
ICAO,LDLO,44.5657997131,14.3930997849
ICAO,LDOC,45.5427778,18.6319444
ICAO,LDOS,45.46269989013672,18.810199737548828
ICAO,LDPL,44.89350128173828,13.922200202941895
ICAO,LDPV,45.141700744628906,13.630599975585938
ICAO,LDRG,45.37950134277344,14.503800392150879
ICAO,LDRI,45.21689987182617,14.570300102233887
ICAO,LDSB,43.285701751708984,16.67970085144043
ICAO,LDSP,43.53889846801758,16.29800033569336
ICAO,LDVA,46.294647216796875,16.382932662963867
ICAO,LDZA,45.7429008484,16.0687999725
ICAO,LDZD,44.108299,15.3467
ICAO,LDZU,44.55759811401367,15.774399757385254
ICAO,LEAB,38.9485015869,-1.8635200262099998
ICAO,LEAG,36.12888,-5.441118
ICAO,LEAL,38.28219985961914,-0.5581560134887695
ICAO,LEAM,36.84389877319336,-2.3701000213623047
ICAO,LEAS,43.5635986328125,-6.0346198081970215
ICAO,LEBA,37.84199905395508,-4.848879814147949
ICAO,LEBB,43.30110168457031,-2.9106099605560303
ICAO,LEBG,42.357601,-3.62076
ICAO,LEBL,41.2971,2.07846
ICAO,LEBZ,38.891300201416016,-6.8213300704956055
ICAO,LECD,42.38639831542969,1.86667001247406
ICAO,LECO,43.302101,-8.37726
ICAO,LECU,40.370701,-3.78514
ICAO,LEDA,41.728185,0.535023
ICAO,LEDS,40.213889,0.073333
ICAO,LEFM,40.888610839799995,-4.23750019073
ICAO,LEGA,37.1332016,-3.63568997
ICAO,LEGE,41.901000977,2.7605500221
ICAO,LEGR,37.18870162963867,-3.777359962463379
ICAO,LEGT,40.29410171508789,-3.723829984664917
ICAO,LEHC,42.0760993958,-0.316666990519
ICAO,LEIB,38.872898101800004,1.3731199502899998
ICAO,LEJR,36.744598388671875,-6.060110092163086
ICAO,LELC,37.775001525878906,-0.8123890161514282
ICAO,LELL,41.52090072631836,2.1050798892974854
ICAO,LELN,42.5890007019043,-5.65556001663208
ICAO,LELO,42.4609534888,-2.32223510742
ICAO,LEMD,40.471926,-3.56264
ICAO,LEMG,36.67490005493164,-4.499110221862793
ICAO,LEMH,39.86259841918945,4.218649864196777
ICAO,LEMI,37.803,-1.125
ICAO,LEMO,37.17490005493164,-5.615940093994141
ICAO,LEOC,39.9375,-3.5033299922943115
ICAO,LEPA,39.551700592,2.73881006241
ICAO,LEPP,42.77000045776367,-1.6463299989700317
ICAO,LERI,37.951099,-1.23032
ICAO,LERL,38.8563888889,-3.97
ICAO,LERS,41.14739990234375,1.1671700477600098
ICAO,LERT,36.645198822,-6.34946012497
ICAO,LESA,40.95209884643555,-5.501989841461182
ICAO,LESB,39.598899841308594,2.70278000831604
ICAO,LESL,39.86220169067383,4.25832986831665
ICAO,LESO,43.35649871826172,-1.7906099557876587
ICAO,LEST,42.89630126953125,-8.415140151977539
ICAO,LESU,42.3386,1.40917
ICAO,LETL,40.403,-1.2183
ICAO,LETO,40.496700286865234,-3.4458699226379395
ICAO,LEVC,39.4893,-0.481625
ICAO,LEVD,41.7061004639,-4.85194015503
ICAO,LEVT,42.8828010559082,-2.7244699001312256
ICAO,LEVX,42.2318000793457,-8.62677001953125
ICAO,LEXJ,43.427101135253906,-3.82000994682312
ICAO,LEZG,41.66619873046875,-1.0415500402450562
ICAO,LEZL,37.417999267578125,-5.8931097984313965
ICAO,LFAC,50.962100982666016,1.954759955406189
ICAO,LFAG,49.8685,3.02958
ICAO,LFAI,48.59619903564453,3.0067899227142334
ICAO,LFAO,48.545799255371094,-0.38744398951530457
ICAO,LFAQ,49.9715003967,2.69765996933
ICAO,LFAT,50.517398834228516,1.6205899715423584
ICAO,LFAV,50.325801849365234,3.4612600803375244
ICAO,LFAY,49.873004,2.387074
ICAO,LFBA,44.17470169067383,0.5905560255050659
ICAO,LFBC,44.53329849243164,-1.125
ICAO,LFBD,44.828300476100004,-0.715556025505
ICAO,LFBE,44.82529830932617,0.5186110138893127
ICAO,LFBF,43.54560089111328,1.3674999475479126
ICAO,LFBG,45.65829849243164,-0.3174999952316284
ICAO,LFBH,46.17919921875,-1.1952799558639526
ICAO,LFBI,46.58769989013672,0.30666598677635193
ICAO,LFBK,46.222599029541016,2.363960027694702
ICAO,LFBL,45.86280059814453,1.1794400215148926
ICAO,LFBM,43.911701,-0.5075
ICAO,LFBN,46.313477,-0.394529
ICAO,LFBO,43.629101,1.36382
ICAO,LFBP,43.380001068115234,-0.41861099004745483
ICAO,LFBR,43.44889831542969,1.2633299827575684
ICAO,LFBT,43.1786994934082,-0.006438999902456999
ICAO,LFBU,45.72919845581055,0.22145600616931915
ICAO,LFBX,45.19810104370117,0.815555989742279
ICAO,LFBZ,43.4683333,-1.5311111
ICAO,LFCC,44.35139846801758,1.4752800464630127
ICAO,LFCD,44.7561,-1.06333
ICAO,LFCG,43.0078010559082,1.1031500101089478
ICAO,LFCH,44.596401,-1.11083
ICAO,LFCI,43.91389846801758,2.1130599975585938
ICAO,LFCK,43.55630111694336,2.289180040359497
ICAO,LFCL,43.58610153198242,1.499169945716858
ICAO,LFCM,43.9893,3.183
ICAO,LFCQ,43.77109909057617,2.0108299255371094
ICAO,LFCR,44.407901763916016,2.4826700687408447
ICAO,LFCU,45.534698486328125,2.4238901138305664
ICAO,LFCW,44.39690017700195,0.7588890194892883
ICAO,LFCY,45.62810134887695,-0.9725000262260437
ICAO,LFCZ,44.145928,-1.16432
ICAO,LFDA,43.70940017700195,-0.245278000831604
ICAO,LFDB,44.025699615478516,1.3780399560928345
ICAO,LFDH,43.687801,0.601667
ICAO,LFDI,44.982498,-0.134722
ICAO,LFDJ,43.090599060058594,1.69582998752594
ICAO,LFDM,44.4989013671875,0.20051400363445282
ICAO,LFDN,45.88779830932617,-0.9830560088157654
ICAO,LFDP,45.959202,-1.31611
ICAO,LFEC,48.463199615478516,-5.06358003616333
ICAO,LFED,48.05849838256836,-2.92182993888855
ICAO,LFEH,47.480556,2.394167
ICAO,LFES,48.0525016784668,-3.664720058441162
ICAO,LFEW,47.239399,4.26583
ICAO,LFEY,46.71860122680664,-2.3911099433898926
ICAO,LFFE,49.046398,2.35306
ICAO,LFFH,49.0672,3.35694
ICAO,LFFI,47.40810012817383,-1.1775000095367432
ICAO,LFFN,48.4297981262207,4.48222017288208
ICAO,LFFQ,48.498652,2.338867
ICAO,LFGA,48.109901428222656,7.359010219573975
ICAO,LFGC,48.554401,7.77806
ICAO,LFGF,47.005901,4.89342
ICAO,LFGJ,47.042686,5.435063
ICAO,LFGK,47.9921989440918,3.3922200202941895
ICAO,LFGO,48.289172,3.247912
ICAO,LFGP,47.98019,3.775583
ICAO,LFGQ,47.481899,4.34417
ICAO,LFGW,49.122398,5.46905
ICAO,LFHM,45.82080078125,6.652219772338867
ICAO,LFHO,44.544203,4.372192
ICAO,LFHP,45.0806999206543,3.762890100479126
ICAO,LFHQ,45.07640075683594,2.99360990524292
ICAO,LFHS,46.20090103149414,5.292029857635498
ICAO,LFHV,45.919983,4.634931
ICAO,LFHY,46.53459930419922,3.423719882965088
ICAO,LFIF,43.823299407958984,2.7452800273895264
ICAO,LFIG,44.177799224853516,2.515000104904175
ICAO,LFJL,48.9821014404,6.25131988525
ICAO,LFJR,47.560299,-0.312222
ICAO,LFKB,42.55270004272461,9.48373031616211
ICAO,LFKC,42.5244444,8.7930556
ICAO,LFKF,41.5005989074707,9.097780227661133
ICAO,LFKJ,41.92359924316406,8.8029203414917
ICAO,LFKO,41.66059875488281,8.889749526977539
ICAO,LFKS,41.924400329589844,9.406000137329102
ICAO,LFKT,42.29359817504883,9.193059921264648
ICAO,LFKX,45.407003,6.577942
ICAO,LFLA,47.85020065307617,3.497109889984131
ICAO,LFLB,45.638099670410156,5.880229949951172
ICAO,LFLC,45.7867012024,3.1691699028
ICAO,LFLD,47.058101654052734,2.3702800273895264
ICAO,LFLE,45.5611000061,5.975759983060001
ICAO,LFLH,46.82609939575195,4.817629814147949
ICAO,LFLI,46.1920013428,6.268390178680001
ICAO,LFLJ,45.39670181274414,6.6347198486328125
ICAO,LFLL,45.725556,5.081111
ICAO,LFLM,46.295101,4.79577
ICAO,LFLN,46.412498474121094,4.0132598876953125
ICAO,LFLO,46.05830001831055,4.001389980316162
ICAO,LFLP,45.9308333,6.1063889
ICAO,LFLS,45.36289978027344,5.329370021820068
ICAO,LFLT,46.352501,2.57049
ICAO,LFLU,44.9216,4.9699
ICAO,LFLV,46.169700622558594,3.4037399291992188
ICAO,LFLW,44.89139938354492,2.4219400882720947
ICAO,LFLX,46.860278,1.721111
ICAO,LFLY,45.72719955444336,4.944270133972168
ICAO,LFMA,43.5056,5.36778
ICAO,LFMC,43.384700775146484,6.387139797210693
ICAO,LFMD,43.542,6.95348
ICAO,LFMH,45.54059982299805,4.296390056610107
ICAO,LFMI,43.522701,4.92384
ICAO,LFMK,43.215999603271484,2.3063199520111084
ICAO,LFML,43.439271922,5.22142410278
ICAO,LFMN,43.6584014893,7.215869903560001
ICAO,LFMO,44.140499114990234,4.866720199584961
ICAO,LFMP,42.74039840698242,2.8706700801849365
ICAO,LFMQ,43.252498626708984,5.785190105438232
ICAO,LFMS,44.069698,4.14212
ICAO,LFMT,43.57619857788086,3.96301007270813
ICAO,LFMU,43.32350158691406,3.3538999557495117
ICAO,LFMV,43.90729904174805,4.901830196380615
ICAO,LFMY,43.60639953613281,5.109250068664551
ICAO,LFMZ,43.1758,2.73417
ICAO,LFNB,44.502102,3.53282
ICAO,LFNH,44.02980041503906,5.078060150146484
ICAO,LFOA,47.053299,2.6325
ICAO,LFOB,49.45439910888672,2.1127800941467285
ICAO,LFOC,48.058102,1.37662
ICAO,LFOD,47.256802,-0.115142
ICAO,LFOE,49.02870178222656,1.2198599576950073
ICAO,LFOH,49.53390121459961,0.08805599808692932
ICAO,LFOI,50.143501,1.831891
ICAO,LFOJ,47.9878005981,1.7605600357100002
ICAO,LFOK,48.7733333333,4.206111111
ICAO,LFOP,49.38420104980469,1.1748000383377075
ICAO,LFOQ,47.678502,1.20884
ICAO,LFOT,47.4322013855,0.727605998516
ICAO,LFOU,47.08209991455078,-0.8770639896392822
ICAO,LFOV,48.03139877319336,-0.7429860234260559
ICAO,LFOZ,47.8969,2.16333
ICAO,LFPB,48.969398498535156,2.441390037536621
ICAO,LFPC,49.253501892089844,2.5191400051116943
ICAO,LFPE,48.927799224853516,2.835279941558838
ICAO,LFPG,49.012798,2.55
ICAO,LFPK,48.83769989013672,3.016119956970215
ICAO,LFPL,48.821028,2.625967
ICAO,LFPM,48.604698181152344,2.6711199283599854
ICAO,LFPN,48.75189971923828,2.1061899662017822
ICAO,LFPO,48.7233333,2.3794444
ICAO,LFPT,49.096667,2.040833
ICAO,LFPV,48.7741667,2.1916667
ICAO,LFPZ,48.8114013671875,2.0747199058532715
ICAO,LFQA,49.20869827270508,4.156579971313477
ICAO,LFQB,48.322102,4.0167
ICAO,LFQC,48.593299865722656,6.543459892272949
ICAO,LFQE,49.226898193359375,5.672220230102539
ICAO,LFQF,46.96730041503906,4.260570049285889
ICAO,LFQG,47.002601623535156,3.1133298873901367
ICAO,LFQI,50.221802,3.15424
ICAO,LFQJ,50.31050109863281,4.033120155334473
ICAO,LFQM,47.2066,6.083681
ICAO,LFQO,50.687198638916016,3.0755600929260254
ICAO,LFQP,48.7680556,7.205
ICAO,LFQQ,50.563332,3.086886
ICAO,LFQT,50.61840057373047,2.642240047454834
ICAO,LFQV,49.78390121459961,4.647079944610596
ICAO,LFQW,47.6376,6.20392
ICAO,LFRB,48.447898864746094,-4.418540000915527
ICAO,LFRC,49.65010070800781,-1.4702800512313843
ICAO,LFRD,48.58769989013672,-2.0799601078033447
ICAO,LFRE,47.289398193359375,-2.3463900089263916
ICAO,LFRF,48.88309860229492,-1.564170002937317
ICAO,LFRG,49.3652992249,0.154305994511
ICAO,LFRH,47.76060104370117,-3.440000057220459
ICAO,LFRI,46.701900482177734,-1.3786300420761108
ICAO,LFRJ,48.53030014038086,-4.151639938354492
ICAO,LFRK,49.173301696777344,-0.44999998807907104
ICAO,LFRL,48.281700134277344,-4.4450201988220215
ICAO,LFRM,47.94860076904297,0.20166699588298798
ICAO,LFRN,48.069499969499994,-1.73478996754
ICAO,LFRO,48.754398,-3.47166
ICAO,LFRQ,47.974998474121094,-4.167789936065674
ICAO,LFRS,47.153198242200006,-1.61073005199
ICAO,LFRT,48.5378,-2.85444
ICAO,LFRU,48.6031990051,-3.81577992439
ICAO,LFRV,47.72330093383789,-2.718559980392456
ICAO,LFRZ,47.3105556,-2.1566667
ICAO,LFSB,47.59,7.5291667
ICAO,LFSC,47.922000885,7.39967012405
ICAO,LFSD,47.268902,5.09
ICAO,LFSF,49.07170104980469,6.131669998168945
ICAO,LFSG,48.325001,6.06998
ICAO,LFSH,48.7943000793,7.81760978699
ICAO,LFSI,48.63600158691406,4.899419784545898
ICAO,LFSL,45.039722,1.485556
ICAO,LFSM,47.487,6.79054
ICAO,LFSN,48.692100524902344,6.230460166931152
ICAO,LFSO,48.583099365234375,5.954999923706055
ICAO,LFSP,46.90399932861328,6.3273701667785645
ICAO,LFSQ,47.655601501465,7.0108299255371
ICAO,LFSR,49.310001,4.05
ICAO,LFST,48.538299560546875,7.628230094909668
ICAO,LFSX,47.7830556,6.36416667
ICAO,LFTF,43.247798919677734,6.126699924468994
ICAO,LFTH,43.0973014832,6.14602994919
ICAO,LFTN,44.24440002441406,4.0122199058532715
ICAO,LFTU,43.4175,6.7357
ICAO,LFTW,43.75740051269531,4.4163498878479
ICAO,LFTZ,43.205399,6.482
ICAO,LFVM,47.095500946,-56.3802986145
ICAO,LFVP,46.762901306152344,-56.173099517822266
ICAO,LFXA,45.987301,5.32844
ICAO,LFYD,48.086299896240234,5.664060115814209
ICAO,LFYL,47.7047,6.54583
ICAO,LGAD,37.9207,21.292601
ICAO,LGAG,38.602001,21.3512001
ICAO,LGAL,40.855899810791016,25.956300735473633
ICAO,LGAT,37.893299,23.726101
ICAO,LGAV,37.9364013672,23.9444999695
ICAO,LGAX,40.651100158691406,22.48870086669922
ICAO,LGBL,39.219600677490234,22.794300079345703
ICAO,LGEL,38.06380081176758,23.555999755859375
ICAO,LGHI,38.34320068359375,26.140600204467773
ICAO,LGHL,37.297501,23.1478
ICAO,LGIK,37.6827011108,26.3470993042
ICAO,LGIO,39.6963996887207,20.822500228881836
ICAO,LGIR,35.3396987915,25.180299758900002
ICAO,LGKA,40.4463005066,21.2821998596
ICAO,LGKC,36.2742996216,23.0170001984
ICAO,LGKF,38.12009811401367,20.500499725341797
ICAO,LGKJ,36.1417007446,29.576400756799995
ICAO,LGKL,37.06829833984375,22.02549934387207
ICAO,LGKM,40.972801208496094,24.341400146484375
ICAO,LGKO,36.79330062866211,27.091699600219727
ICAO,LGKP,35.4213981628418,27.145999908447266
ICAO,LGKR,39.601898193359375,19.911699295043945
ICAO,LGKS,35.4213981628,26.909999847399998
ICAO,LGKV,40.913299560546875,24.619199752807617
ICAO,LGKY,36.9632987976,26.9405994415
ICAO,LGKZ,40.28609848022461,21.84079933166504
ICAO,LGLE,37.184898,26.800301
ICAO,LGLM,39.917098999,25.236299514799995
ICAO,LGLR,39.650253,22.4655
ICAO,LGMG,37.98109817504883,23.365400314331055
ICAO,LGMK,37.43510055541992,25.348100662231445
ICAO,LGML,36.696899,24.4769
ICAO,LGMT,39.0567016602,26.5983009338
ICAO,LGNX,37.0811004639,25.3680992126
ICAO,LGPA,37.020495,25.113195
ICAO,LGPL,36.5798988342,26.3757991791
ICAO,LGPZ,38.925498962402344,20.765300750732422
ICAO,LGRD,36.38309860229492,28.10890007019043
ICAO,LGRP,36.405399322509766,28.086200714111328
ICAO,LGRX,38.1511,21.4256
ICAO,LGSA,35.531700134277344,24.149700164794922
ICAO,LGSK,39.177101135253906,23.503700256347656
ICAO,LGSM,37.689998626708984,26.911699295043945
ICAO,LGSO,37.4227981567,24.950899124099998
ICAO,LGSP,36.973899841308594,22.52630043029785
ICAO,LGSR,36.399200439453125,25.479299545288086
ICAO,LGST,35.21609878540039,26.101299285888672
ICAO,LGSV,39.48,22.7672
ICAO,LGSY,38.9676017761,24.4871997833
ICAO,LGTG,38.339802,23.565001
ICAO,LGTL,35.192001,25.327
ICAO,LGTP,37.530601501464844,22.403600692749023
ICAO,LGTS,40.51969909667969,22.97089958190918
ICAO,LGTT,38.1088981628418,23.78380012512207
ICAO,LGZA,37.7509,20.8843
ICAO,LHBP,47.42976,19.261093
ICAO,LHBS,47.451099,18.9806
ICAO,LHDC,47.48889923095703,21.615299224853516
ICAO,LHJK,46.74720001220703,19.605600357055664
ICAO,LHKA,46.549613,18.942421
ICAO,LHKE,46.91749954223633,19.74920082092285
ICAO,LHNY,47.9838981628418,21.69230079650879
ICAO,LHOY,46.30390167236328,18.76919937133789
ICAO,LHPA,47.3636016846,17.5007991791
ICAO,LHPP,45.990898,18.240996
ICAO,LHPR,47.624401,17.813601
ICAO,LHSA,47.07789993286133,17.968399047851562
ICAO,LHSM,46.686391,17.159084
ICAO,LHSN,47.122897,20.2355
ICAO,LHTA,46.39310073852539,17.917499542236328
ICAO,LHTL,47.345298767100005,18.980800628699996
ICAO,LIBA,41.541401,15.7181
ICAO,LIBC,38.9972,17.0802
ICAO,LIBD,41.138901,16.760599
ICAO,LIBF,41.432899,15.535
ICAO,LIBG,40.517502,17.4032
ICAO,LIBN,40.239201,18.133301
ICAO,LIBP,42.431702,14.1811
ICAO,LIBR,40.6576,17.947001
ICAO,LIBV,40.767799,16.9333
ICAO,LICA,38.905399,16.2423
ICAO,LICB,36.994601,14.607182
ICAO,LICC,37.466801,15.0664
ICAO,LICD,35.497898,12.6181
ICAO,LICG,36.816502,11.9689
ICAO,LICJ,38.175999,13.091
ICAO,LICP,38.110802,13.3133
ICAO,LICR,38.071201,15.6516
ICAO,LICT,37.9114,12.488
ICAO,LICZ,37.401699,14.9224
ICAO,LIDE,44.698299,10.6628
ICAO,LIDT,46.0214,11.1242
ICAO,LIEA,40.632099,8.29077
ICAO,LIED,39.354198,8.97248
ICAO,LIEE,39.251499,9.05428
ICAO,LIEO,40.898701,9.51763
ICAO,LIER,39.895308,8.642661
ICAO,LIET,39.9188,9.68298
ICAO,LILA,44.925201,8.62513
ICAO,LILE,45.4953,8.10278
ICAO,LILI,45.310233,8.417935
ICAO,LILM,45.111198,8.45603
ICAO,LILN,45.742199,8.888233
ICAO,LILY,45.814701,9.06972
ICAO,LIMA,45.086399,7.60337
ICAO,LIMB,45.542198,9.20333
ICAO,LIMC,45.6306,8.72811
ICAO,LIME,45.673901,9.70417
ICAO,LIMF,45.200802,7.64963
ICAO,LIMG,44.050598,8.12743
ICAO,LIMJ,44.4133,8.8375
ICAO,LIML,45.445099,9.27674
ICAO,LIMN,45.529598,8.66922
ICAO,LIMP,44.824501,10.2964
ICAO,LIMR,44.779999,8.78639
ICAO,LIMS,44.913102,9.723322
ICAO,LIMW,45.738499,7.36872
ICAO,LIMZ,44.547001,7.62322
ICAO,LIPA,46.031898,12.596503
ICAO,LIPB,46.460201,11.3264
ICAO,LIPC,44.224201,12.3072
ICAO,LIPE,44.5354,11.2887
ICAO,LIPH,45.648399,12.1944
ICAO,LIPI,45.978699,13.0493
ICAO,LIPK,44.194801,12.0701
ICAO,LIPL,45.432201,10.2677
ICAO,LIPN,45.472,10.9279
ICAO,LIPO,45.428902,10.3306
ICAO,LIPQ,45.827499,13.4722
ICAO,LIPR,44.020302,12.6117
ICAO,LIPS,45.684898,12.0829
ICAO,LIPT,45.573399,11.5295
ICAO,LIPU,45.395802,11.8479
ICAO,LIPV,45.428299,12.3881
ICAO,LIPX,45.395699,10.8885
ICAO,LIPY,43.616299,13.3623
ICAO,LIPZ,45.505299,12.3519
ICAO,LIQS,43.256302,11.255
ICAO,LIQW,44.088001,9.98795
ICAO,LIRA,41.7994,12.5949
ICAO,LIRE,41.654499,12.4452
ICAO,LIRF,41.8002778,12.2388889
ICAO,LIRG,41.990299,12.7408
ICAO,LIRI,40.620399,14.9113
ICAO,LIRJ,42.7603,10.2394
ICAO,LIRL,41.5424,12.909
ICAO,LIRM,41.060799,14.0819
ICAO,LIRN,40.886002,14.2908
ICAO,LIRP,43.683899,10.3927
ICAO,LIRQ,43.810001,11.2051
ICAO,LIRS,42.759701,11.0719
ICAO,LIRU,41.9519,12.4989
ICAO,LIRV,42.430199,12.0642
ICAO,LIRZ,43.095901,12.5132
ICAO,LJCE,45.900001525879,15.530200004578
ICAO,LJLJ,46.223701,14.4576
ICAO,LJMB,46.47990036010742,15.686100006103516
ICAO,LJPZ,45.4734001159668,13.614999771118164
ICAO,LJSG,46.47200012207031,15.116999626159668
ICAO,LKBE,49.74079895019531,14.644700050354004
ICAO,LKBU,49.97439956665039,14.178099632263184
ICAO,LKCS,48.9463996887207,14.427499771118164
ICAO,LKCV,49.939701080322266,15.381799697875977
ICAO,LKHK,50.253201,15.8452
ICAO,LKHV,49.84809875488281,13.893500328063965
ICAO,LKKB,50.12139892578125,14.543600082397461
ICAO,LKKT,49.41830062866211,13.321900367736816
ICAO,LKKU,49.02939987182617,17.439699172973633
ICAO,LKKV,50.202999114990234,12.914999961853027
ICAO,LKLN,49.675201416016,13.274600028992
ICAO,LKMH,50.540199279785156,15.006600379943848
ICAO,LKMT,49.6963005065918,18.111099243164062
ICAO,LKNA,49.16579818725586,16.124900817871094
ICAO,LKPD,50.01340103149414,15.73859977722168
ICAO,LKPM,49.7201,14.1006
ICAO,LKPO,49.42580032348633,17.404699325561523
ICAO,LKPR,50.1008,14.26
ICAO,LKRO,50.41059875,14.2261
ICAO,LKSZ,50.3246994019,14.2588996887
ICAO,LKTB,49.15129852294922,16.694400787353516
ICAO,LKUL,50.699699,13.9697
ICAO,LKVM,49.926899,16.185801
ICAO,LKVO,50.216599,14.3958
ICAO,LLBG,32.01139831542969,34.88669967651367
ICAO,LLBS,31.287000656128,34.722999572754
ICAO,LLEK,31.8395004272,34.8218002319
ICAO,LLER,29.723694,35.011416
ICAO,LLES,32.440799713134766,35.0077018737793
ICAO,LLET,29.56130027770996,34.96009826660156
ICAO,LLEY,30.621700286865234,35.20330047607422
ICAO,LLHA,32.80939865112305,35.04309844970703
ICAO,LLHS,31.7625007629,34.727199554399995
ICAO,LLIB,32.98099899291992,35.5718994140625
ICAO,LLMG,32.5973014831543,35.22880172729492
ICAO,LLMZ,31.32819938659668,35.38859939575195
ICAO,LLNV,31.208299636799996,35.012298584
ICAO,LLOV,29.94029998779297,34.93579864501953
ICAO,LLRD,32.66510009765625,35.179500579833984
ICAO,LLRM,30.776100158691406,34.66669845581055
ICAO,LLSD,32.11470031738281,34.78219985961914
ICAO,LMMG,36.027199,14.2728
ICAO,LMML,35.857498,14.4775
ICAO,LOAG,48.446389,15.634167
ICAO,LOAN,47.843299865722656,16.260099411010742
ICAO,LOAU,48.40999984741211,16.191699981689453
ICAO,LOAV,47.96500015258789,16.260000228881836
ICAO,LOGG,47.14653,16.316843
ICAO,LOGO,47.478298,14.0083
ICAO,LOIH,47.3849983215,9.69999980927
ICAO,LOIJ,47.5201,12.4497
ICAO,LOKN,46.58110046386719,13.629199981689453
ICAO,LOLW,48.18330001831055,14.040900230407715
ICAO,LOSM,47.13249969482422,13.696900367736816
ICAO,LOWG,46.9911003112793,15.439599990844727
ICAO,LOWI,47.260201,11.344
ICAO,LOWK,46.642502,14.3377
ICAO,LOWL,48.2332,14.1875
ICAO,LOWS,47.793300628699996,13.0043001175
ICAO,LOWW,48.110298156738,16.569700241089
ICAO,LOWZ,47.292222,12.7875
ICAO,LOXT,48.3167,16.116699
ICAO,LOXZ,47.202801,14.7442
ICAO,LPAR,38.883301,-9.0301
ICAO,LPAV,40.656741,-8.741544
ICAO,LPAZ,36.97140121459961,-25.17060089111328
ICAO,LPBG,41.8578,-6.70713
ICAO,LPBJ,38.078899,-7.9324
ICAO,LPBR,41.5871009827,-8.445139884949999
ICAO,LPCB,39.847022,-7.44111
ICAO,LPCO,40.158758,-8.470815
ICAO,LPCR,39.671501,-31.1136
ICAO,LPCS,38.724998,-9.35523
ICAO,LPCV,40.194812,-8.460207
ICAO,LPEV,38.533501,-7.88964
ICAO,LPFL,39.455299377441406,-31.131399154663086
ICAO,LPFR,37.0144004822,-7.96590995789
ICAO,LPGR,39.092201232910156,-28.029800415039062
ICAO,LPHR,38.519901275634766,-28.715900421142578
ICAO,LPLA,38.761799,-27.090799
ICAO,LPMA,32.697899,-16.7745
ICAO,LPMR,39.828335,-8.8875
ICAO,LPMT,38.703899,-9.03592
ICAO,LPOT,39.087502,-8.96278
ICAO,LPOV,40.915901,-8.64592
ICAO,LPPD,37.7411994934,-25.6979007721
ICAO,LPPI,38.554298,-28.441299
ICAO,LPPM,37.1493,-8.58396
ICAO,LPPR,41.2481002808,-8.68138980865
ICAO,LPPS,33.0733985901,-16.3500003815
ICAO,LPPT,38.7813,-9.13592
ICAO,LPSJ,38.66550064086914,-28.175800323486328
ICAO,LPSO,39.211559,-8.056542
ICAO,LPST,38.8311,-9.33955
ICAO,LPTN,39.475101,-8.36458
ICAO,LPVL,41.27729,-8.516209
ICAO,LPVR,41.2743,-7.72047
ICAO,LPVZ,40.725498,-7.88899
ICAO,LQBK,44.94139862060547,17.297500610351562
ICAO,LQMO,43.282901763916016,17.84589958190918
ICAO,LQSA,43.82460021972656,18.331499099731445
ICAO,LQTZ,44.45869827270508,18.72480010986328
ICAO,LRAR,46.17660140991211,21.261999130249023
ICAO,LRBC,46.52190017700195,26.91029930114746
ICAO,LRBG,45.686443,25.529058
ICAO,LRBM,47.65840148925781,23.469999313354492
ICAO,LRBS,44.50320053100586,26.102100372314453
ICAO,LRCK,44.36220169067383,28.488300323486328
ICAO,LRCL,46.78519821166992,23.686199188232422
ICAO,LRCS,45.41999816894531,22.253299713134766
ICAO,LRCT,46.50230026245117,23.885900497436523
ICAO,LRCV,44.31809997558594,23.888599395751953
ICAO,LRIA,47.17850112915039,27.6205997467041
ICAO,LROD,47.025299072265625,21.90250015258789
ICAO,LROP,44.5711111,26.085
ICAO,LRSB,45.78559875488281,24.091299057006836
ICAO,LRSM,47.70330047607422,22.885700225830078
ICAO,LRSV,47.6875,26.35409927368164
ICAO,LRTC,45.0625,28.71430015563965
ICAO,LRTM,46.46770095825195,24.412500381469727
ICAO,LRTR,45.809898376464844,21.337900161743164
ICAO,LRTZ,43.98419952392578,28.609699249267578
ICAO,LSEZ,46.029319763183594,7.753366470336914
ICAO,LSGC,47.083900451699996,6.792840003970001
ICAO,LSGE,46.755001068115234,7.076109886169434
ICAO,LSGG,46.23809814453125,6.108950138092041
ICAO,LSGK,46.4874992371,7.25083017349
ICAO,LSGL,46.54529953,6.61667013168
ICAO,LSGN,46.9575004578,6.86471986771
ICAO,LSGP,46.40639877319336,6.258059978485107
ICAO,LSGR,46.61360168457031,7.6777801513671875
ICAO,LSGS,46.219600677500004,7.326759815220001
ICAO,LSGY,46.7619018555,6.61332988739
ICAO,LSMA,46.943901,8.28417
ICAO,LSMD,47.398601532,8.648229599
ICAO,LSME,47.092444,8.305184
ICAO,LSMF,47.07889938354492,9.06482982635498
ICAO,LSMI,46.6766014,7.8790798
ICAO,LSML,46.2958984375,8.992130279541016
ICAO,LSMM,46.74330139160156,8.109999656677246
ICAO,LSMP,46.8432,6.91506004333
ICAO,LSPA,47.57419967651367,9.047499656677246
ICAO,LSPM,46.512501,8.68978
ICAO,LSPN,47.22669982910156,8.078060150146484
ICAO,LSPO,47.344398498535156,7.889440059661865
ICAO,LSPV,47.2047,8.8675
ICAO,LSTA,46.3036003112793,7.823329925537109
ICAO,LSTS,46.497398376464844,7.412569999694824
ICAO,LSXB,47.0681,9.48111
ICAO,LSZA,46.00429916379999,8.9105796814
ICAO,LSZB,46.914100647,7.497149944309999
ICAO,LSZC,46.974444,8.396944
ICAO,LSZF,47.4436,8.23361
ICAO,LSZG,47.181599,7.41719
ICAO,LSZH,47.464699,8.54917
ICAO,LSZJ,47.18360137939453,7.090829849243164
ICAO,LSZK,47.376399993896484,8.757499694824219
ICAO,LSZL,46.160800933800004,8.87860965729
ICAO,LSZO,47.189998626708984,8.204719543457031
ICAO,LSZP,47.08919906616211,7.289999961853027
ICAO,LSZQ,47.392677,7.028648
ICAO,LSZR,47.4850006104,9.560770034789998
ICAO,LSZS,46.53409957885742,9.884110450744629
ICAO,LSZT,47.524399,9.00306
ICAO,LSZW,46.756401062,7.60056018829
ICAO,LTAB,39.9350013733,32.7407989502
ICAO,LTAC,40.128101348899996,32.995098114
ICAO,LTAD,39.949798584,32.6885986328
ICAO,LTAE,40.078899383499994,32.5656013489
ICAO,LTAF,36.9822006226,35.280399322499996
ICAO,LTAG,37.002101898199996,35.4258995056
ICAO,LTAH,38.726398468,30.6011009216
ICAO,LTAI,36.898701,30.800501
ICAO,LTAJ,36.9472007751,37.4786987305
ICAO,LTAK,36.5744552612,36.1534194946
ICAO,LTAL,41.31420135498047,33.795799255371094
ICAO,LTAN,37.979,32.561901
ICAO,LTAO,38.353699,38.253899
ICAO,LTAP,40.829399,35.521999
ICAO,LTAR,39.813801,36.9035
ICAO,LTAS,41.506401062,32.0886001587
ICAO,LTAT,38.435298919699996,38.0909996033
ICAO,LTAU,38.770401001,35.4953994751
ICAO,LTAV,39.451499938964844,31.365299224853516
ICAO,LTAW,40.307430267333984,36.367408752441406
ICAO,LTAY,37.7855987549,29.7012996674
ICAO,LTAZ,38.7719,34.5345
ICAO,LTBA,40.976898,28.8146
ICAO,LTBE,40.233299255371094,29.009199142456055
ICAO,LTBF,39.619300842285156,27.926000595092773
ICAO,LTBG,40.31800079345703,27.977699279785156
ICAO,LTBH,40.1376991272,26.4267997742
ICAO,LTBI,39.7840995789,30.582099914599997
ICAO,LTBJ,38.2924003601,27.156999588
ICAO,LTBK,38.31909942626953,27.159400939941406
ICAO,LTBL,38.513000488299994,27.010099411
ICAO,LTBM,37.78512191772461,30.59001922607422
ICAO,LTBN,39.426700592041016,30.01689910888672
ICAO,LTBO,38.68149948120117,29.47170066833496
ICAO,LTBP,40.68439865112305,29.375699996948242
ICAO,LTBQ,40.73500061035156,30.08329963684082
ICAO,LTBR,40.2551994324,29.5625991821
ICAO,LTBS,36.7131004333,28.7924995422
ICAO,LTBT,38.80889892578125,27.833900451660156
ICAO,LTBU,41.13819885253906,27.919099807739258
ICAO,LTBV,37.140098571777344,27.669700622558594
ICAO,LTBX,40.99300003051758,29.21649932861328
ICAO,LTBY,39.809898,30.5194
ICAO,LTBZ,39.113079,30.128111
ICAO,LTCA,38.6068992615,39.2914009094
ICAO,LTCB,40.966047,38.080994
ICAO,LTCC,37.893901825,40.201000213600004
ICAO,LTCD,39.7102012634,39.527000427199994
ICAO,LTCE,39.9565010071,41.17020034789999
ICAO,LTCF,40.562198638916016,43.1150016784668
ICAO,LTCG,40.99509811401367,39.78969955444336
ICAO,LTCH,37.09429931640625,38.84709930419922
ICAO,LTCI,38.46820068359375,43.332298278808594
ICAO,LTCJ,37.929000854499996,41.1166000366
ICAO,LTCK,38.747798919677734,41.66120147705078
ICAO,LTCL,37.97890090942383,41.84040069580078
ICAO,LTCM,42.015800476074,35.066398620605
ICAO,LTCN,37.5388259888,36.9535217285
ICAO,LTCO,39.654541015625,43.025978088378906
ICAO,LTCP,37.7313995361,38.4688987732
ICAO,LTCR,37.223300933800004,40.6316986084
ICAO,LTCS,37.445663,38.895592
ICAO,LTCT,39.9766273499,43.8766479492
ICAO,LTCU,38.8592605591,40.5959625244
ICAO,LTCV,37.3647,42.0582
ICAO,LTCW,37.5497,44.2381
ICAO,LTDA,36.36277771,36.282222747800006
ICAO,LTFA,38.517601013183594,26.977399826049805
ICAO,LTFB,37.95069885253906,27.32900047302246
ICAO,LTFC,37.8554000854,30.368400573699997
ICAO,LTFD,39.554599762,27.0137996674
ICAO,LTFE,37.25059890749999,27.6643009186
ICAO,LTFH,41.254501,36.567101
ICAO,LTFJ,40.898601532,29.3092002869
ICAO,LTFM,41.275278,28.751944
ICAO,LTGP,36.299217,32.300598
ICAO,LUBL,47.843056,27.777222
ICAO,LUBM,47.862701416015625,28.212799072265625
ICAO,LUCH,45.8437995911,28.263700485199998
ICAO,LUKK,46.92770004272461,28.930999755859375
ICAO,LUTR,46.868099212646484,29.590599060058594
ICAO,LVGZ,31.24640083313,34.276100158691
ICAO,LWOH,41.18,20.7423
ICAO,LWSK,41.961601,21.621401
ICAO,LXGB,36.1511993408,-5.3496599197400005
ICAO,LYBE,44.8184013367,20.3090991974
ICAO,LYBT,44.935299,20.2575
ICAO,LYNI,43.337299,21.853701
ICAO,LYNS,45.385799,19.839199
ICAO,LYPG,42.359402,19.2519
ICAO,LYTV,42.404701232910156,18.72330093383789
ICAO,LYVR,45.1469,21.3099
ICAO,LZIB,48.17020034790039,17.21269989013672
ICAO,LZKZ,48.66310119628906,21.241100311279297
ICAO,LZMC,48.402000427246094,17.11840057373047
ICAO,LZPP,48.62519836425781,17.828399658203125
ICAO,LZSL,48.63779830932617,19.13409996032715
ICAO,LZTN,48.8650016785,17.9923000336
ICAO,LZTT,49.073600769,20.2411003113
ICAO,LZZI,49.231498718299996,18.6135005951
ICAO,MBGT,21.444499969482422,-71.14230346679688
ICAO,MBMC,21.82602,-71.8025
ICAO,MBNC,21.9175,-71.939598
ICAO,MBPV,21.77359962463379,-72.26589965820312
ICAO,MBSC,21.515699386599998,-71.528503418
ICAO,MBSY,21.333000183099998,-71.1999969482
ICAO,MDAB,19.198600769,-69.42980194089999
ICAO,MDBH,18.25149917602539,-71.12039947509766
ICAO,MDCR,17.929000854492188,-71.6447982788086
ICAO,MDCY,19.2670001984,-69.7419967651
ICAO,MDCZ,18.907499313354,-70.721900939941
ICAO,MDHE,18.4696998596,-69.9693984985
ICAO,MDJB,18.572500228881836,-69.98560333251953
ICAO,MDLR,18.450700759887695,-68.91179656982422
ICAO,MDMC,19.865299224900003,-71.6453018188
ICAO,MDPC,18.567399978599997,-68.36340332030001
ICAO,MDPP,19.75790023803711,-70.56999969482422
ICAO,MDSD,18.42970085144,-69.668899536133
ICAO,MDSI,18.503700256347656,-69.76170349121094
ICAO,MDST,19.406099319458008,-70.60469818115234
ICAO,MGBN,15.47350025177002,-88.83719635009766
ICAO,MGCB,15.468999862670898,-90.40670013427734
ICAO,MGGT,14.5833,-90.527496
ICAO,MGPB,15.7309,-88.583801
ICAO,MGQC,15.012200355529785,-91.15059661865234
ICAO,MGQZ,14.8656,-91.501999
ICAO,MGRB,15.991999626159668,-90.44529724121094
ICAO,MGRT,14.520999908447266,-91.69730377197266
ICAO,MGSJ,13.936200141899999,-90.83580017090001
ICAO,MGTK,16.913799285899998,-89.86640167239999
ICAO,MHAH,15.4722,-84.352203
ICAO,MHBL,15.7631,-84.543602
ICAO,MHLC,15.7425,-86.852997
ICAO,MHLM,15.4526,-87.923599
ICAO,MHNJ,16.4454,-85.906601
ICAO,MHPL,15.2622,-83.781197
ICAO,MHRO,16.316799,-86.523003
ICAO,MHSC,14.3824,-87.621201
ICAO,MHTE,15.7759,-87.4758
ICAO,MHTG,14.06089973449707,-87.21720123291016
ICAO,MHTJ,15.9268,-85.938202
ICAO,MHUT,16.1131,-86.880302
ICAO,MKBS,18.404199600219727,-76.96900177001953
ICAO,MKJP,17.935699462890625,-76.7874984741211
ICAO,MKJS,18.503700256347656,-77.91339874267578
ICAO,MKKJ,18.1987991333,-76.53450012210001
ICAO,MKNG,18.34280014038086,-78.33209991455078
ICAO,MKTP,17.98859977722168,-76.82379913330078
ICAO,MLIP,6.08333,171.733002
ICAO,MM52,25.652200698853,-108.53800201416
ICAO,MMAA,16.757099151611328,-99.75399780273438
ICAO,MMAN,25.865601,-100.237
ICAO,MMAS,21.705601,-102.318001
ICAO,MMBT,15.7753,-96.262604
ICAO,MMCB,18.834800720214844,-99.26129913330078
ICAO,MMCC,29.332899,-101.098998
ICAO,MMCE,18.65369987487793,-91.79900360107422
ICAO,MMCG,30.3974,-107.875
ICAO,MMCH,17.574239,-99.515424
ICAO,MMCL,24.7644996643,-107.474998474
ICAO,MMCM,18.50469970703125,-88.32679748535156
ICAO,MMCN,27.39259910583496,-109.83300018310547
ICAO,MMCP,19.816799163800003,-90.5002975464
ICAO,MMCS,31.63610076904297,-106.42900085449219
ICAO,MMCT,20.6413002014,-88.4461975098
ICAO,MMCU,28.702899932900003,-105.964996338
ICAO,MMCV,23.7033004761,-98.9564971924
ICAO,MMCY,20.546,-100.887001
ICAO,MMCZ,20.52239990234375,-86.92559814453125
ICAO,MMDA,25.053800582886,-111.61499786377
ICAO,MMDO,24.1242008209,-104.527999878
ICAO,MMEP,21.4195,-104.843002
ICAO,MMES,31.7953,-116.602997
ICAO,MMGL,20.521799087524414,-103.31099700927734
ICAO,MMGM,27.9689998626709,-110.92500305175781
ICAO,MMGR,28.0261,-114.024002
ICAO,MMHC,18.49720001220703,-97.4198989868164
ICAO,MMHO,29.095899581900003,-111.047996521
ICAO,MMIA,19.277,-103.577002
ICAO,MMIM,21.2450008392334,-86.73999786376953
ICAO,MMIO,25.54949951171875,-100.92900085449219
ICAO,MMIT,16.449301,-95.093697
ICAO,MMJA,19.4750995636,-96.7975006104
ICAO,MMLC,18.0016994476,-102.221000671
ICAO,MMLM,25.6851997375,-109.081001282
ICAO,MMLO,20.9935,-101.481003
ICAO,MMLP,24.072700500499998,-110.361999512
ICAO,MMLT,25.989200592041016,-111.3479995727539
ICAO,MMMA,25.7698993683,-97.5252990723
ICAO,MMMD,20.937000274699997,-89.657699585
ICAO,MMML,32.6306,-115.241997
ICAO,MMMM,19.849899292,-101.025001526
ICAO,MMMT,18.1033992767,-94.58070373540001
ICAO,MMMV,26.9557,-101.470001
ICAO,MMMX,19.4363,-99.072098
ICAO,MMMY,25.7784996033,-100.107002258
ICAO,MMMZ,23.1613998413,-106.26599884
ICAO,MMNG,31.22610092163086,-110.97599792480469
ICAO,MMNL,27.4438991547,-99.5705032349
ICAO,MMOX,16.9999008179,-96.726600647
ICAO,MMPA,20.6026992798,-97.46080017090001
ICAO,MMPB,19.1581001282,-98.3713989258
ICAO,MMPC,20.0774,-98.782501
ICAO,MMPE,31.351987,-113.305177
ICAO,MMPG,28.627399,-100.535004
ICAO,MMPN,19.396699905395508,-102.03900146484375
ICAO,MMPQ,17.533153,-92.015484
ICAO,MMPR,20.680099487304688,-105.25399780273438
ICAO,MMPS,15.8769,-97.089103
ICAO,MMQT,20.6173,-100.185997
ICAO,MMRX,26.0089,-98.2285
ICAO,MMSC,16.690299987793,-92.530097961426
ICAO,MMSD,23.15180015563965,-109.72100067138672
ICAO,MMSF,30.930200576782,-114.80899810791
ICAO,MMSL,22.947701,-109.936996
ICAO,MMSP,22.254299163800003,-100.930999756
ICAO,MMTA,19.537992,-98.173492
ICAO,MMTB,16.739901,-93.173301
ICAO,MMTC,25.568300247199996,-103.411003113
ICAO,MMTG,16.5636005402,-93.02249908450001
ICAO,MMTJ,32.541099548339844,-116.97000122070312
ICAO,MMTM,22.2964000702,-97.8658981323
ICAO,MMTN,22.0383,-98.806502
ICAO,MMTO,19.3370990753,-99.56600189210002
ICAO,MMTP,14.7943000793,-92.3700027466
ICAO,MMUN,21.036500930800003,-86.8770980835
ICAO,MMVA,17.996999740600586,-92.81739807128906
ICAO,MMVR,19.1459007263,-96.1873016357
ICAO,MMZC,22.8971004486,-102.68699646
ICAO,MMZH,17.601600647,-101.460998535
ICAO,MMZM,20.045,-102.276001
ICAO,MMZO,19.144800186199998,-104.558998108
ICAO,MMZP,20.747922,-103.461709
ICAO,MNBL,11.991000175476074,-83.77410125732422
ICAO,MNBR,12.1899995803833,-86.35389709472656
ICAO,MNBZ,13.949999809265137,-84.5999984741211
ICAO,MNCE,11.427542,-86.033361
ICAO,MNCI,12.1628999710083,-83.06379699707031
ICAO,MNLN,12.429200172424316,-86.90280151367188
ICAO,MNLP,11.523616,-85.702995
ICAO,MNMG,12.141500473022461,-86.16819763183594
ICAO,MNPC,14.047200202941895,-83.38670349121094
ICAO,MNRT,13.889699935913086,-84.40889739990234
ICAO,MNSC,11.133399963378906,-84.7699966430664
ICAO,MNSI,13.727222442626953,-84.77777862548828
ICAO,MNWP,14.7391996383667,-83.96939849853516
ICAO,MO00,36.59170150756836,-93.66690063476562
ICAO,MPBO,9.340849876403809,-82.25080108642578
ICAO,MPCE,7.987840175628662,-80.40969848632812
ICAO,MPCH,9.458962,-82.515062
ICAO,MPDA,8.390999794006348,-82.43499755859375
ICAO,MPEJ,9.356639862060547,-79.86740112304688
ICAO,MPHO,8.91479,-79.599602
ICAO,MPJE,7.51777982711792,-78.1572036743164
ICAO,MPLP,8.406669616699219,-78.1417007446289
ICAO,MPMG,8.973340034484863,-79.55560302734375
ICAO,MPOA,8.667,-77.418
ICAO,MPRH,8.375880241394,-80.127899169922
ICAO,MPSA,8.085599899291992,-80.94529724121094
ICAO,MPTO,9.0713596344,-79.3834991455
ICAO,MRAN,10.478,-84.634499
ICAO,MRAO,10.42,-83.6095
ICAO,MRBA,9.163949,-83.330171
ICAO,MRBC,10.768699645996094,-83.58560180664062
ICAO,MRCA,10.4139995575,-85.0916976929
ICAO,MRCC,8.60155963897705,-82.96859741210938
ICAO,MRCH,9.98141002655,-84.7726974487
ICAO,MRCR,9.8705101013184,-85.481399536133
ICAO,MRCV,10.355699539185,-85.852897644043
ICAO,MRDK,8.71889019012,-83.6417007446
ICAO,MREC,10.20199966430664,-83.47219848632812
ICAO,MRFI,8.916350364685059,-83.5073013305664
ICAO,MRGF,8.654009819030762,-83.18219757080078
ICAO,MRGP,10.2172002792,-83.79699707030001
ICAO,MRGT,10.683333396911621,-84.83333587646484
ICAO,MRIA,9.856109619140625,-85.37079620361328
ICAO,MRLB,10.5933,-85.544403
ICAO,MRLC,11.035300254821777,-84.70610046386719
ICAO,MRLM,9.95796012878418,-83.02200317382812
ICAO,MRNS,9.976490020750001,-85.65299987790002
ICAO,MROC,9.993860244750977,-84.20880126953125
ICAO,MRPD,9.732170104980469,-82.98320007324219
ICAO,MRPJ,8.533329963684082,-83.30000305175781
ICAO,MRPM,8.951029777526855,-83.46859741210938
ICAO,MRPV,9.957050323486328,-84.13980102539062
ICAO,MRQP,9.443160057067871,-84.12979888916016
ICAO,MRSG,10.288299560546875,-83.7135009765625
ICAO,MRSI,9.352620124816895,-83.71309661865234
ICAO,MRSR,9.87,-85.48
ICAO,MRST,10.066666603088379,-84.88333129882812
ICAO,MRSV,8.826109886169434,-82.95890045166016
ICAO,MRTR,9.73852,-85.013802
ICAO,MRUP,10.8922,-85.016197
ICAO,MSLP,13.4409,-89.055702
ICAO,MSSM,13.444100379943848,-88.12699890136719
ICAO,MSSS,13.69950008392334,-89.11990356445312
ICAO,MTCA,18.271099090576172,-73.78829956054688
ICAO,MTCH,19.733,-72.194702
ICAO,MTJA,18.241100311279297,-72.51850128173828
ICAO,MTJE,18.66309928894043,-74.17030334472656
ICAO,MTPP,18.579999923706055,-72.2925033569336
ICAO,MTPX,19.9335994720459,-72.84860229492188
ICAO,MUBA,20.365299224853516,-74.5062026977539
ICAO,MUBR,22.621299743699996,-79.1472015381
ICAO,MUBY,20.396400451660156,-76.62139892578125
ICAO,MUCA,22.027099609375,-78.78959655761719
ICAO,MUCC,22.461000442499998,-78.32839965820001
ICAO,MUCF,22.149999618530273,-80.41419982910156
ICAO,MUCL,21.6165008545,-81.5459976196
ICAO,MUCM,21.420299530029297,-77.84750366210938
ICAO,MUCU,19.96980094909668,-75.83540344238281
ICAO,MUFL,21.49970054626465,-78.20279693603516
ICAO,MUGM,19.906499862671,-75.207099914551
ICAO,MUGT,20.08530044555664,-75.1583023071289
ICAO,MUHA,22.989200592041016,-82.40910339355469
ICAO,MUHG,20.785600662231445,-76.31510162353516
ICAO,MUKW,23.1240005493,-81.3015975952
ICAO,MULM,22.33609962463379,-83.64189910888672
ICAO,MUMO,20.653900146484375,-74.92220306396484
ICAO,MUMZ,20.28809928894043,-77.08920288085938
ICAO,MUNB,22.756099700927734,-81.9208984375
ICAO,MUNG,21.834699630737305,-82.78379821777344
ICAO,MUOC,22.513200759900002,-78.51100158690001
ICAO,MUPB,23.032800674399997,-82.5793991089
ICAO,MUPR,22.42140007019043,-83.67839813232422
ICAO,MUSA,22.87150001525879,-82.5093002319336
ICAO,MUSC,22.49220085144043,-79.943603515625
ICAO,MUSJ,22.095300674438477,-84.1520004272461
ICAO,MUSL,21.509455906699998,-77.02059745790001
ICAO,MUSN,21.642499923706055,-82.9551010131836
ICAO,MUSS,21.9704,-79.442703
ICAO,MUTD,21.788299560546875,-79.99720001220703
ICAO,MUVR,23.034400939941406,-81.435302734375
ICAO,MUVT,20.987600326538086,-76.93579864501953
ICAO,MWCB,19.687000274658203,-79.88279724121094
ICAO,MWCL,19.660161,-80.088826
ICAO,MWCR,19.292800903299998,-81.3576965332
ICAO,MYAB,24.287700653076172,-77.68460083007812
ICAO,MYAF,24.697900772094727,-77.79560089111328
ICAO,MYAK,24.158701,-77.589798
ICAO,MYAM,26.5114,-77.083503
ICAO,MYAN,25.053800582885742,-78.04900360107422
ICAO,MYAP,22.441799163800003,-73.97090148930002
ICAO,MYAS,26.004600524902344,-77.39550018310547
ICAO,MYAT,26.745300293,-77.3912963867
ICAO,MYAW,27.266700744628906,-78.39969635009766
ICAO,MYBC,25.41710090637207,-77.88089752197266
ICAO,MYBG,25.7383,-77.840103
ICAO,MYBS,25.6998996735,-79.2647018433
ICAO,MYCA,24.6294,-75.673797
ICAO,MYCB,24.3153,-75.452301
ICAO,MYCI,22.745599746699998,-74.1824035645
ICAO,MYEB,24.089488448799997,-76.3979172707
ICAO,MYEF,23.5625991821,-75.8779983521
ICAO,MYEG,23.4666996002,-75.78170013430001
ICAO,MYEH,25.474899292,-76.6835021973
ICAO,MYEM,25.2847003937,-76.3310012817
ICAO,MYEN,24.59429931640625,-76.82019805908203
ICAO,MYER,24.8950787333,-76.1768817902
ICAO,MYES,24.169099807739258,-76.43910217285156
ICAO,MYGF,26.5587005615,-78.695602417
ICAO,MYIG,20.975000381469727,-73.66690063476562
ICAO,MYLD,23.1790008545,-75.09359741210001
ICAO,MYLR,23.011194,-74.905889
ICAO,MYLS,23.582317,-75.268621
ICAO,MYMM,22.379499,-73.013494
ICAO,MYNN,25.0389995575,-77.46620178219999
ICAO,MYPI,25.08300018310547,-77.30000305175781
ICAO,MYRD,22.181800842285156,-75.72949981689453
ICAO,MYRP,23.68440055847168,-74.83619689941406
ICAO,MYSM,24.06329917907715,-74.52400207519531
ICAO,MZBZ,17.539100646972656,-88.30819702148438
ICAO,MZSP,17.9139,-87.9711
ICAO,NCAI,-18.830900192260742,-159.76400756835938
ICAO,NCAT,-19.96780014038086,-158.11900329589844
ICAO,NCMG,-21.895986557006836,-157.9066619873047
ICAO,NCMH,-10.376700401306152,-161.0019989013672
ICAO,NCMK,-20.13610076904297,-157.34500122070312
ICAO,NCMR,-19.842500686645508,-157.7030029296875
ICAO,NCPY,-9.01436996459961,-158.03240966796875
ICAO,NCRG,-21.2026996613,-159.805999756
ICAO,NFCI,-17.7432994843,-179.341995239
ICAO,NFFN,-17.755399703979492,177.4429931640625
ICAO,NFFO,-17.7779006958,177.197006226
ICAO,NFKD,-19.058099746699998,178.156997681
ICAO,NFMA,-17.6730995178,177.098007202
ICAO,NFMO,-18.566699981699998,179.951004028
ICAO,NFNA,-18.04330062866211,178.5590057373047
ICAO,NFNB,-17.7110996246,178.759002686
ICAO,NFNG,-18.115600585899998,179.339996338
ICAO,NFNH,-16.74810028076172,-179.66700744628906
ICAO,NFNK,-18.1991996765,-178.817001343
ICAO,NFNL,-16.466699600219727,179.33999633789062
ICAO,NFNM,-16.6905994415,-179.876998901
ICAO,NFNO,-17.3458003998,179.42199707
ICAO,NFNR,-12.482500076293945,177.0709991455078
ICAO,NFNS,-16.8027992249,179.341003418
ICAO,NFSW,-16.758899688720703,177.5449981689453
ICAO,NFTE,-21.378299713100002,-174.957992554
ICAO,NFTF,-21.241199493408203,-175.14999389648438
ICAO,NFTL,-19.777000427246094,-174.34100341796875
ICAO,NFTO,-15.5707998276,-175.632995605
ICAO,NFTP,-15.977297,-173.791089
ICAO,NFTV,-18.58530044555664,-173.96200561523438
ICAO,NFUL,-16.966,177.368
ICAO,NFVB,-17.268999099731445,-178.9759979248047
ICAO,NGAB,1.798609972000122,173.04100036621094
ICAO,NGBR,-1.3547199964523315,176.0070037841797
ICAO,NGFU,-8.525,179.195999
ICAO,NGKT,0.2186110019683838,173.44200134277344
ICAO,NGMA,1.0036100149154663,173.031005859375
ICAO,NGMK,2.058609962463379,173.27099609375
ICAO,NGMN,3.3744399547576904,172.99200439453125
ICAO,NGNU,-1.31444001198,176.410003662
ICAO,NGTA,1.3816399574279785,173.14700317382812
ICAO,NGTB,0.49083301424980164,173.82899475097656
ICAO,NGTE,-1.2244700193405151,174.7760009765625
ICAO,NGTM,-2.485830068588257,175.97000122070312
ICAO,NGTO,-0.6397219896316528,174.42799377441406
ICAO,NGTR,-2.61611008644104,176.80299377441406
ICAO,NGTS,-1.4744399785995483,175.06399536132812
ICAO,NGTU,3.08583,172.811005
ICAO,NGUK,0.1852779984474182,173.63699340820312
ICAO,NIUE,-19.079030990600586,-169.92559814453125
ICAO,NK39,40.71260070800781,-73.99960327148438
ICAO,NLWF,-14.3114004135,-178.065994263
ICAO,NLWW,-13.2383003235,-176.199005127
ICAO,NSFA,-13.829999923706055,-172.00799560546875
ICAO,NSFI,-13.848699569699999,-171.740005493
ICAO,NSFQ,-14.2172,-169.425003
ICAO,NSMA,-13.742300033569336,-172.25799560546875
ICAO,NSTU,-14.3310003281,-170.710006714
ICAO,NTAA,-17.553699,-149.606995
ICAO,NTAM,-22.63725,-152.8059
ICAO,NTAR,-22.434099197387695,-151.36099243164062
ICAO,NTAT,-23.365400314331055,-149.5240020751953
ICAO,NTAV,-23.885200500499998,-147.662002563
ICAO,NTGA,-17.35260009765625,-145.50999450683594
ICAO,NTGB,-15.819899559020996,-140.88699340820312
ICAO,NTGC,-15.119600296020508,-148.2310028076172
ICAO,NTGD,-15.5736,-146.414993
ICAO,NTGE,-18.465900421142578,-136.44000244140625
ICAO,NTGF,-16.054100036621094,-145.65699768066406
ICAO,NTGH,-17.544700622558594,-142.61399841308594
ICAO,NTGI,-14.436800003051758,-146.07000732421875
ICAO,NTGJ,-23.07990074157715,-134.88999938964844
ICAO,NTGK,-15.663299560546875,-146.88499450683594
ICAO,NTGM,-16.583900451660156,-143.6580047607422
ICAO,NTGN,-14.176799774169922,-141.26699829101562
ICAO,NTGO,-17.355300903320312,-138.44500732421875
ICAO,NTGP,-14.809499740600586,-138.81300354003906
ICAO,NTGQ,-18.29560089111328,-137.01699829101562
ICAO,NTGT,-14.709500312805176,-145.24600219726562
ICAO,NTGU,-15.248299598693848,-146.61700439453125
ICAO,NTGV,-14.8681001663208,-148.7169952392578
ICAO,NTGW,-19.28499984741211,-138.77200317382812
ICAO,NTGY,-20.78969955444336,-138.57000732421875
ICAO,NTHE,-14.428099632263184,-146.2570037841797
ICAO,NTKA,-15.780799865722656,-145.12399291992188
ICAO,NTKF,-16.68670082092285,-145.32899475097656
ICAO,NTKN,-16.1191,-146.3683
ICAO,NTKO,-16.045,-142.476944
ICAO,NTKR,-14.45580005645752,-145.02499389648438
ICAO,NTMD,-8.795599937438965,-140.22900390625
ICAO,NTMN,-9.76879024506,-139.011001587
ICAO,NTMP,-9.35167,-140.078003
ICAO,NTMU,-8.93611,-139.552002
ICAO,NTTB,-16.444400787353516,-151.75100708007812
ICAO,NTTE,-17.0132999420166,-149.58700561523438
ICAO,NTTG,-14.954299926757812,-147.66099548339844
ICAO,NTTH,-16.68720054626465,-151.02200317382812
ICAO,NTTM,-17.49,-149.761993
ICAO,NTTO,-18.074800491333008,-140.9459991455078
ICAO,NTTP,-16.42650032043457,-152.24400329589844
ICAO,NTTR,-16.7229,-151.466003
ICAO,NTUV,-18.780000686645508,-138.85299682617188
ICAO,NV03,36.10810089111328,-115.17400360107422
ICAO,NVSA,-13.6660003662,167.712005615
ICAO,NVSC,-13.8516998291,167.537002563
ICAO,NVSD,-13.3280000687,166.638000488
ICAO,NVSE,-17.0902996063,168.343002319
ICAO,NVSF,-16.264999,167.923996
ICAO,NVSG,-15.3066997528,167.966995239
ICAO,NVSH,-15.4708003998,168.151992798
ICAO,NVSI,-16.438999176,168.257003784
ICAO,NVSL,-16.4611228,167.829253
ICAO,NVSM,-16.584199905400002,168.158996582
ICAO,NVSN,-15.0,168.082992554
ICAO,NVSO,-15.865599632299999,168.17199707
ICAO,NVSP,-16.0797,167.401001
ICAO,NVSQ,-14.218099594099998,167.587005615
ICAO,NVSR,-15.472000122099999,167.835006714
ICAO,NVSS,-15.505000114399998,167.220001221
ICAO,NVST,-16.8910999298,168.550994873
ICAO,NVSU,-16.3297,168.3011
ICAO,NVSV,-16.796100616500002,168.177001953
ICAO,NVSW,-15.411999702500001,167.690994263
ICAO,NVSX,-16.4864,167.4472
ICAO,NVSZ,-14.881699562099998,166.557998657
ICAO,NVVA,-20.2492008209,169.770996094
ICAO,NVVB,-19.2346,169.6009
ICAO,NVVD,-18.7693996429,169.00100708
ICAO,NVVF,-19.516399383499998,170.231994629
ICAO,NVVI,-18.856389,169.283333
ICAO,NVVV,-17.699300765991,168.32000732422
ICAO,NVVW,-19.45509910583496,169.2239990234375
ICAO,NWWA,-21.096099853515625,167.8040008544922
ICAO,NWWC,-19.720600128173828,163.66099548339844
ICAO,NWWD,-21.05430030822754,164.83700561523438
ICAO,NWWE,-22.588899612426758,167.45599365234375
ICAO,NWWK,-20.546300888061523,164.25599670410156
ICAO,NWWL,-20.774799346923828,167.24000549316406
ICAO,NWWM,-22.25830078125,166.47300720214844
ICAO,NWWR,-21.481700897216797,168.03799438476562
ICAO,NWWU,-20.790000915527344,165.25900268554688
ICAO,NWWV,-20.640600204467773,166.572998046875
ICAO,NWWW,-22.01460075378418,166.21299743652344
ICAO,NY94,41.9715004,-73.86289978
ICAO,NZAA,-37.008098602299995,174.792007446
ICAO,NZAP,-38.73970031738281,176.08399963378906
ICAO,NZAR,-37.029701232910156,174.97300720214844
ICAO,NZCH,-43.48939895629883,172.53199768066406
ICAO,NZCI,-43.810001373291016,-176.45700073242188
ICAO,NZDN,-45.9281005859375,170.197998046875
ICAO,NZGB,-36.24140167236328,175.4720001220703
ICAO,NZGH,-43.38722,170.18
ICAO,NZGS,-38.663299560546875,177.97799682617188
ICAO,NZGT,-43.906700134277344,170.1280059814453
ICAO,NZHK,-42.713600158691406,170.98500061035156
ICAO,NZHN,-37.8666992188,175.332000732
ICAO,NZHS,-39.646702,176.766998
ICAO,NZHT,-43.865299224853516,169.04100036621094
ICAO,NZIR,-77.85399627685547,166.468994140625
ICAO,NZKE,-36.80889892578125,175.08599853515625
ICAO,NZKI,-42.42499923706055,173.60499572753906
ICAO,NZKK,-35.26279830932617,173.91200256347656
ICAO,NZKM,-41.236698150634766,172.10499572753906
ICAO,NZKT,-35.06999969482422,173.28500366210938
ICAO,NZLX,-45.211700439453125,169.3730010986328
ICAO,NZMC,-43.76499938964844,170.13299560546875
ICAO,NZMF,-44.673301696777344,167.92300415039062
ICAO,NZMK,-41.12329864501953,172.98899841308594
ICAO,NZMO,-45.53310012817383,167.64999389648438
ICAO,NZMS,-40.97330093383789,175.63400268554688
ICAO,NZNE,-36.656700134277344,174.65499877929688
ICAO,NZNP,-39.00859832763672,174.1790008544922
ICAO,NZNR,-39.465801,176.869995
ICAO,NZNS,-41.298301696777344,173.2209930419922
ICAO,NZNV,-46.41239929199219,168.31300354003906
ICAO,NZOA,-44.486698150634766,169.98599243164062
ICAO,NZOH,-40.20600128173828,175.38800048828125
ICAO,NZOU,-44.970001220703125,171.08200073242188
ICAO,NZOX,-36.146400451660156,175.41900634765625
ICAO,NZPG,-77.9634017944336,166.52499389648438
ICAO,NZPM,-40.32059860229492,175.61700439453125
ICAO,NZPN,-41.346099853516,173.95599365234
ICAO,NZPP,-40.904701232910156,174.98899841308594
ICAO,NZQN,-45.0210990906,168.738998413
ICAO,NZRC,-46.8997,168.100998
ICAO,NZRO,-38.10919952392578,176.31700134277344
ICAO,NZRT,-43.290000915527344,172.54200744628906
ICAO,NZRU,-39.4463996887207,175.6580047607422
ICAO,NZSP,-90.0,0.0
ICAO,NZTG,-37.67190170288086,176.1959991455078
ICAO,NZTK,-40.81330108642578,172.77499389648438
ICAO,NZTL,-44.0052986145,170.444000244
ICAO,NZTU,-44.302799224853516,171.22500610351562
ICAO,NZUK,-44.2350006104,170.117996216
ICAO,NZWB,-41.5182991027832,173.8699951171875
ICAO,NZWD,-77.86740112304688,167.0570068359375
ICAO,NZWF,-44.722198486328,169.24600219727
ICAO,NZWG,-43.5511016846,172.552993774
ICAO,NZWK,-37.92060089111328,176.91400146484375
ICAO,NZWL,-43.47669982910156,172.39700317382812
ICAO,NZWN,-41.3272018433,174.804992676
ICAO,NZWO,-39.006900787353516,177.40699768066406
ICAO,NZWP,-36.78779983520508,174.6300048828125
ICAO,NZWR,-35.7682991027832,174.36500549316406
ICAO,NZWS,-41.73809814453125,171.58099365234375
ICAO,NZWT,-36.83169937133789,175.6790008544922
ICAO,NZWU,-39.96220016479492,175.02499389648438
ICAO,OABN,34.81700134277344,67.81700134277344
ICAO,OABT,31.55970001220703,64.36499786376953
ICAO,OACC,34.53300094604492,65.26699829101562
ICAO,OAFR,32.367000579833984,62.18299865722656
ICAO,OAFZ,37.121101,70.518097
ICAO,OAGN,33.5312004089,68.412902832
ICAO,OAHR,34.209999084472656,62.22829818725586
ICAO,OAIX,34.9460983276,69.26499938959999
ICAO,OAJL,34.39979934692383,70.49859619140625
ICAO,OAKB,34.565899,69.212303
ICAO,OAKN,31.505800247192383,65.8478012084961
ICAO,OAKS,33.3334007263,69.952003479
ICAO,OAMN,35.93080139160156,64.76090240478516
ICAO,OAMS,36.70690155029297,67.20970153808594
ICAO,OASA,33.12575,68.838517
ICAO,OASD,33.3913002014,62.2610015869
ICAO,OASG,36.75080108642578,65.91320037841797
ICAO,OASH,33.9225,69.07722222219999
ICAO,OATN,32.604198455799995,65.8657989502
ICAO,OAUZ,36.66510009765625,68.91079711914062
ICAO,OAZI,31.863800048799998,64.2246017456
ICAO,OAZJ,30.972222,61.865833
ICAO,OBBI,26.27079963684082,50.63359832763672
ICAO,OBBS,25.918399810791016,50.590599060058594
ICAO,OEAB,18.240400314299997,42.65660095210001
ICAO,OEAH,25.28529930114746,49.485198974609375
ICAO,OEAO,26.48,38.1288888889
ICAO,OEBA,20.2961006165,41.6343002319
ICAO,OEBH,19.984399795532227,42.62089920043945
ICAO,OEBQ,25.911300659179688,49.59120178222656
ICAO,OEDF,26.471200942993164,49.79790115356445
ICAO,OEDM,24.4499,44.121201
ICAO,OEDR,26.265399932900003,50.152000427199994
ICAO,OEDW,24.5,44.400001525878906
ICAO,OEGN,16.901100158691406,42.58580017089844
ICAO,OEGS,26.302799224853516,43.77439880371094
ICAO,OEGT,31.412413,37.278898
ICAO,OEHL,27.437901,41.686298
ICAO,OEJB,27.038999557495117,49.40510177612305
ICAO,OEJF,21.348100662231445,39.17300033569336
ICAO,OEJN,21.6796,39.156502
ICAO,OEKK,27.9009,45.528198
ICAO,OEKM,18.297300338745117,42.80350112915039
ICAO,OEMA,24.5534,39.705101
ICAO,OENG,17.611400604248047,44.4192008972168
ICAO,OEPA,28.335199,46.125099
ICAO,OEPC,25.17449951171875,47.488399505615234
ICAO,OEPF,24.71030044555664,44.964500427246094
ICAO,OEPJ,24.1072998046875,41.0359992980957
ICAO,OEPS,24.062700271606445,47.580501556396484
ICAO,OERB,22.702600479125977,39.069801330566406
ICAO,OERF,29.626399993896484,43.4906005859375
ICAO,OERK,24.957599639892578,46.69879913330078
ICAO,OERM,28.079599380493164,48.611000061035156
ICAO,OERR,30.906600952148438,41.13819885253906
ICAO,OERT,26.723100662231445,50.030799865722656
ICAO,OERY,24.709800720214844,46.72520065307617
ICAO,OESB,22.51449966430664,53.9640998840332
ICAO,OESH,17.466899871826172,47.12139892578125
ICAO,OESK,29.78510093688965,40.099998474121094
ICAO,OESL,20.46470069885254,45.619598388671875
ICAO,OETB,28.3654,36.6189
ICAO,OETF,21.483001,40.543442
ICAO,OETH,25.21299934387207,46.64099884033203
ICAO,OETN,27.867799758911133,48.769100189208984
ICAO,OETR,31.692188,38.731544
ICAO,OEWD,20.504299163800003,45.199600219699995
ICAO,OEWJ,26.19860076904297,36.47639846801758
ICAO,OEYN,24.144199,38.0634
ICAO,OG39,44.66170120239258,-119.6520004272461
ICAO,OIAA,30.371099472,48.2282981873
ICAO,OIAD,32.434399,48.397598
ICAO,OIAG,30.7444,49.6772
ICAO,OIAH,30.337600708,50.827999115
ICAO,OIAI,32.00239944458008,49.27040100097656
ICAO,OIAJ,30.8351993560791,49.5349006652832
ICAO,OIAM,30.55620002746582,49.15190124511719
ICAO,OIAW,31.337400436399996,48.7620010376
ICAO,OIBA,25.8757,55.033001
ICAO,OIBB,28.9447994232,50.8345985413
ICAO,OIBH,27.21269989013672,54.318599700927734
ICAO,OIBI,27.4814,52.615501
ICAO,OIBJ,27.820499420166016,52.35219955444336
ICAO,OIBK,26.5261993408,53.980201721200004
ICAO,OIBL,26.531999588,54.824798584
ICAO,OIBP,27.379601,52.737701
ICAO,OIBQ,29.260299682617188,50.32389831542969
ICAO,OIBS,25.908899307250977,54.539398193359375
ICAO,OIBV,26.810300827026367,53.356300354003906
ICAO,OICC,34.3459014893,47.1581001282
ICAO,OICI,33.58660125732422,46.40480041503906
ICAO,OICK,33.43539810180664,48.282901763916016
ICAO,OICS,35.24589920043945,47.00920104980469
ICAO,OIFE,32.92890167236328,51.561100006103516
ICAO,OIFH,32.56700134277344,51.69160079956055
ICAO,OIFK,33.895302,51.577
ICAO,OIFM,32.75080108642578,51.86130142211914
ICAO,OIFP,32.62110137939453,51.696998596191406
ICAO,OIFS,32.2971992493,50.842201232899995
ICAO,OIGG,37.323333,49.617778
ICAO,OIHH,34.86920166015625,48.5525016784668
ICAO,OIHR,34.138099670410156,49.8473014831543
ICAO,OIHS,35.21160125732422,48.65340042114258
ICAO,OIIA,35.95209884643555,50.450801849365234
ICAO,OIIC,34.98400115966797,50.80619812011719
ICAO,OIID,35.702999114990234,51.475101470947266
ICAO,OIIE,35.416099548339844,51.152198791503906
ICAO,OIIG,35.644798278808594,51.380699157714844
ICAO,OIII,35.68920135498047,51.31340026855469
ICAO,OIIK,36.240101,50.0471
ICAO,OIIM,35.77629852294922,50.88100051879883
ICAO,OIIP,35.776100158691,50.826698303223
ICAO,OIKB,27.218299865722656,56.37779998779297
ICAO,OIKJ,28.726900100699996,57.67029953
ICAO,OIKK,30.274400711099997,56.9510993958
ICAO,OIKM,29.084199905395508,58.45000076293945
ICAO,OIKP,27.158300399780273,56.17250061035156
ICAO,OIKQ,26.754600524902344,55.902400970458984
ICAO,OIKR,30.297700881958008,56.05110168457031
ICAO,OIKY,29.550899505615234,55.672698974609375
ICAO,OIMB,32.898101806640625,59.2661018371582
ICAO,OIMC,36.50120162963867,61.06489944458008
ICAO,OIMJ,36.4253005981,55.104198455799995
ICAO,OIMM,36.235198974609375,59.64099884033203
ICAO,OIMN,37.49300003051758,57.30820083618164
ICAO,OIMS,36.16809844970703,57.59519958496094
ICAO,OIMT,33.6678009033,56.8927001953
ICAO,OINE,37.3833007812,55.4519996643
ICAO,OING,36.909400939899996,54.4012985229
ICAO,OINN,36.663299560546875,51.464698791503906
ICAO,OINR,36.9099006652832,50.67959976196289
ICAO,OINZ,36.635799408,53.193599700899995
ICAO,OISF,28.891799926757812,53.72330093383789
ICAO,OISJ,28.586700439499996,53.5791015625
ICAO,OISL,27.6746997833,54.3833007812
ICAO,OISR,27.3726997375,53.18880081179999
ICAO,OISS,29.539199829101562,52.58980178833008
ICAO,OISY,30.700500488281,51.545101165771
ICAO,OITK,38.4275016784668,44.97359848022461
ICAO,OITL,38.3256988525,48.4244003296
ICAO,OITM,37.347999572753906,46.127899169921875
ICAO,OITP,39.60359954834,47.881500244141
ICAO,OITR,37.6680984497,45.0686988831
ICAO,OITT,38.1338996887207,46.23500061035156
ICAO,OITZ,36.7737007141,48.3594017029
ICAO,OIYY,31.9048995972,54.2765007019
ICAO,OIZB,31.09830093383789,61.54389953613281
ICAO,OIZC,25.443300247199996,60.3820991516
ICAO,OIZH,29.47570037841797,60.90620040893555
ICAO,OIZI,27.2360992432,60.7200012207
ICAO,OIZJ,25.653601,57.799301
ICAO,OIZS,27.419300079345703,62.315799713134766
ICAO,OJ40,31.8255996704,36.782001495399996
ICAO,OJAI,31.7226009369,35.9931983948
ICAO,OJAM,31.972700119018555,35.991600036621094
ICAO,OJAQ,29.611600875854492,35.01810073852539
ICAO,OJHF,32.160702,37.149399
ICAO,OJJR,31.864700317383,35.219200134277
ICAO,OJMF,32.3564,36.259201
ICAO,OKAJ,28.9347991943,47.791900634799994
ICAO,OKAS,29.34670066833496,47.52080154418945
ICAO,OKBK,29.226600646972656,47.96889877319336
ICAO,OLBA,33.820899963378906,35.488399505615234
ICAO,OLKA,34.589298248291016,36.01129913330078
ICAO,OLRA,33.850799560546875,35.987701416015625
ICAO,OMAA,24.433000564575195,54.651100158691406
ICAO,OMAD,24.428300857543945,54.458099365234375
ICAO,OMAH,24.073999404907227,52.463600158691406
ICAO,OMAJ,24.187400817871094,52.61399841308594
ICAO,OMAL,24.261699676513672,55.60919952392578
ICAO,OMAM,24.248199462900004,54.547698974599996
ICAO,OMAR,24.780500411987305,52.559898376464844
ICAO,OMAS,25.14620018005371,52.87369918823242
ICAO,OMAZ,24.862491607666016,53.07714080810547
ICAO,OMBY,24.283611,52.580278
ICAO,OMDB,25.2527999878,55.3643989563
ICAO,OMDM,25.0268001556,55.3661994934
ICAO,OMDW,24.896356,55.161389
ICAO,OMFJ,25.112199783325195,56.32400131225586
ICAO,OMRK,25.613500595092773,55.93880081176758
ICAO,OMSJ,25.32859992980957,55.5172004699707
ICAO,OODQ,19.501944,57.634167
ICAO,OOKB,26.17099952697754,56.2406005859375
ICAO,OOMA,20.675399780273438,58.890499114990234
ICAO,OOMS,23.593299865722656,58.284400939941406
ICAO,OORQ,23.640556,57.4875
ICAO,OOSA,17.038700103759766,54.09130096435547
ICAO,OOSH,24.38604,56.62541
ICAO,OOTH,17.666000366210938,54.024600982666016
ICAO,OPBG,32.056098938,72.94840240479999
ICAO,OPBN,32.9729,70.527901
ICAO,OPBW,29.348100662231445,71.71800231933594
ICAO,OPCH,35.886600494384766,71.80059814453125
ICAO,OPDB,28.878299713100002,64.3998031616
ICAO,OPDG,29.961000442504883,70.48590087890625
ICAO,OPDI,31.909400939941406,70.89659881591797
ICAO,OPFA,31.364999771118164,72.99479675292969
ICAO,OPGD,25.233299255371094,62.329498291015625
ICAO,OPGT,35.918800354003906,74.33360290527344
ICAO,OPIS,33.560713,72.851613
ICAO,OPJA,28.28420066833496,68.44969940185547
ICAO,OPJI,25.067800521900004,61.8054008484
ICAO,OPKC,24.9065,67.160797
ICAO,OPKD,25.3181,68.366096
ICAO,OPKH,27.790599823,66.6473007202
ICAO,OPKW,27.1667003632,69.31670379639999
ICAO,OPLA,31.5216007232666,74.40360260009766
ICAO,OPLH,31.494800567626953,74.34619903564453
ICAO,OPMA,33.05009841918945,73.63839721679688
ICAO,OPMF,34.3390007019043,73.50859832763672
ICAO,OPMI,32.5630989074707,71.5707015991211
ICAO,OPMJ,27.3351993560791,68.14309692382812
ICAO,OPMK,25.682501,69.0728
ICAO,OPMR,24.893600463867188,66.93879699707031
ICAO,OPMS,33.8690986633,72.4009017944
ICAO,OPMT,30.20319938659668,71.41909790039062
ICAO,OPNH,26.2194,68.390099
ICAO,OPOK,30.740999221800003,73.3576965332
ICAO,OPOR,25.274700164799995,64.58599853519999
ICAO,OPPC,33.902099609400004,70.0716018677
ICAO,OPPG,26.954500198364258,64.13249969482422
ICAO,OPPI,25.29050064086914,63.34510040283203
ICAO,OPPS,33.993900299072266,71.51460266113281
ICAO,OPQS,33.56019973754883,73.033203125
ICAO,OPQT,30.251399993896484,66.93779754638672
ICAO,OPRK,28.383899688720703,70.27960205078125
ICAO,OPRN,33.616699,73.099197
ICAO,OPRQ,30.758100509643555,72.28250122070312
ICAO,OPRS,34.08110046386719,71.97260284423828
ICAO,OPRT,33.849700927734375,73.79810333251953
ICAO,OPSD,35.33549880981445,75.53600311279297
ICAO,OPSF,24.87420082092285,67.11849975585938
ICAO,OPSK,27.722000122070312,68.79170227050781
ICAO,OPSN,26.473100662231445,67.71720123291016
ICAO,OPSR,32.04859924316406,72.66500091552734
ICAO,OPSS,34.8135986328125,72.35279846191406
ICAO,OPST,32.5355567932,74.3638916016
ICAO,OPSU,28.645099639892578,69.1769027709961
ICAO,OPSW,26.9662,68.878098
ICAO,OPTH,24.84149932861328,68.8384017944336
ICAO,OPTU,25.986400604248047,63.03020095825195
ICAO,OPWN,32.3046989440918,69.57039642333984
ICAO,OPZB,31.358400344848633,69.4636001586914
ICAO,ORAA,33.7855987549,42.4412002563
ICAO,ORAT,33.33810043335,43.597099304199
ICAO,ORBD,33.940200805699995,44.361598968500005
ICAO,ORBI,33.262500762900004,44.2346000671
ICAO,ORBM,36.305801,43.1474
ICAO,ORER,36.23759841918945,43.963199615478516
ICAO,ORKK,35.46950149536133,44.348899841308594
ICAO,ORMM,30.549100875854492,47.66210174560547
ICAO,ORNI,31.989853,44.404317
ICAO,ORQW,35.76720047,43.125099182099994
ICAO,ORSH,34.67319869995117,43.542999267578125
ICAO,ORSU,35.5617485046,45.316738128699996
ICAO,ORTF,36.28310012817383,42.40299987792969
ICAO,ORTI,33.52389907836914,44.25669860839844
ICAO,ORTL,30.935800552368164,46.0900993347168
ICAO,ORUB,32.481998443603516,45.75709915161133
ICAO,OSAP,36.18069839477539,37.22439956665039
ICAO,OSDI,33.4114990234375,36.51559829711914
ICAO,OSDZ,35.2854,40.175999
ICAO,OSKL,37.020599365234375,41.19139862060547
ICAO,OSLK,35.401100158691406,35.948699951171875
ICAO,OSPR,34.5574,38.316898
ICAO,OTBD,25.261101,51.565102
ICAO,OTBH,25.1173000336,51.3149986267
ICAO,OTHH,25.273056,51.608056
ICAO,OYAA,12.829500198364258,45.02880096435547
ICAO,OYAT,14.551300048828125,46.82619857788086
ICAO,OYBA,18.71929931640625,50.83689880371094
ICAO,OYBN,14.781999588012695,45.72010040283203
ICAO,OYGD,16.191699981689453,52.17499923706055
ICAO,OYHD,14.753000259399414,42.97629928588867
ICAO,OYRN,14.662599563598633,49.375
ICAO,OYSN,15.476300239562988,44.21969985961914
ICAO,OYSQ,12.63070011138916,53.905799865722656
ICAO,OYSY,15.9660997391,48.78829956049999
ICAO,OYTZ,13.6859998703,44.139099121099996
ICAO,PAAK,52.22029877,-174.2059937
ICAO,PAAL,56.0060005188,-160.561004639
ICAO,PAAQ,61.594898,-149.08901
ICAO,PABA,70.1340026855,-143.582000732
ICAO,PABE,60.77980042,-161.8379974
ICAO,PABI,63.9944992065,-145.722000122
ICAO,PABL,65.9815979004,-161.149002075
ICAO,PABM,59.3611984253,-155.259002686
ICAO,PABR,71.285402,-156.766008
ICAO,PABT,66.91390228,-151.529007
ICAO,PABV,61.41650009,-149.5070038
ICAO,PACD,55.20610046386719,-162.72500610351562
ICAO,PACE,65.57379913,-144.7830048
ICAO,PACH,61.579102,-159.216003
ICAO,PACI,66.6449966431,-143.740005493
ICAO,PACK,60.1492004395,-164.285995483
ICAO,PACL,64.301201,-149.119995
ICAO,PACM,61.845298767100005,-165.570999146
ICAO,PACR,65.830498,-144.076008
ICAO,PACV,60.4917984,-145.4779968
ICAO,PACY,60.080974,-142.494541
ICAO,PACZ,61.78030014,-166.0390015
ICAO,PADE,66.0696029663,-162.76600647
ICAO,PADG,68.03209686279999,-162.899002075
ICAO,PADK,51.87799835205078,-176.64599609375
ICAO,PADL,59.04470062,-158.5050049
ICAO,PADM,61.8642997742,-162.026000977
ICAO,PADQ,57.75,-152.4940033
ICAO,PADU,53.900100708,-166.544006348
ICAO,PADY,59.960800170899994,-162.880996704
ICAO,PAED,61.250999450683594,-149.8070068359375
ICAO,PAEE,60.21367264,-162.0438843
ICAO,PAEG,64.77639771,-141.151001
ICAO,PAEH,58.646400451699996,-162.06300354
ICAO,PAEI,64.66570282,-147.102005
ICAO,PAEL,58.195201873799995,-136.347000122
ICAO,PAEM,62.78609848,-164.4909973
ICAO,PAEN,60.57310104370117,-151.2449951171875
ICAO,PAFA,64.81510162,-147.8560028
ICAO,PAFB,64.83750153,-147.6139984
ICAO,PAFE,56.9613990784,-133.910003662
ICAO,PAFM,67.1063,-157.856989
ICAO,PAFR,61.26639938,-149.6529999
ICAO,PAFS,63.0186,-154.358002
ICAO,PAGA,64.73619843,-156.9369965
ICAO,PAGG,59.876499,-163.169005
ICAO,PAGH,66.88809967041,-157.16200256348
ICAO,PAGK,62.1548996,-145.4570007
ICAO,PAGL,64.5504989624,-163.007003784
ICAO,PAGM,63.76679992675781,-171.73300170898438
ICAO,PAGN,57.503601,-134.585007
ICAO,PAGS,58.4253006,-135.7070007
ICAO,PAGT,60.471000671387,-164.70100402832
ICAO,PAGY,59.46009826660156,-135.3159942626953
ICAO,PAHC,62.18830108642578,-159.77499389648438
ICAO,PAHL,65.69789886,-156.3509979
ICAO,PAHN,59.24380111694336,-135.5240020751953
ICAO,PAHO,59.645599365234375,-151.4770050048828
ICAO,PAHP,61.52389908,-166.1470032
ICAO,PAHU,66.04109955,-154.2630005
ICAO,PAHV,63.8661994934082,-148.968994140625
ICAO,PAHX,62.6922988892,-159.569000244
ICAO,PAHY,55.206298828125,-132.8280029296875
ICAO,PAIG,59.32400131225586,-155.90199279785156
ICAO,PAII,58.1855010986,-157.375
ICAO,PAIK,66.9759979248,-160.43699646
ICAO,PAIL,59.75439835,-154.9109955
ICAO,PAIM,65.99279785,-153.7039948
ICAO,PAIN,63.7326011658,-148.910995483
ICAO,PAIW,65.622593,-168.095
ICAO,PAJN,58.35499954223633,-134.5760040283203
ICAO,PAJZ,59.726600647,-157.259002686
ICAO,PAKF,54.8474006652832,-163.41000366210938
ICAO,PAKH,56.9387016296,-154.182998657
ICAO,PAKI,59.932998657199995,-164.031005859
ICAO,PAKK,64.9394989014,-161.154006958
ICAO,PAKN,58.67679977,-156.6490021
ICAO,PAKO,52.94160079956055,-168.8489990234375
ICAO,PAKP,68.13359833,-151.7429962
ICAO,PAKT,55.35559845,-131.7140045
ICAO,PAKU,70.33080291750001,-149.598007202
ICAO,PAKV,64.31909943,-158.7409973
ICAO,PAKW,55.579200744599994,-133.076004028
ICAO,PAKY,57.5671005249,-154.449996948
ICAO,PALB,57.5350990295,-153.977996826
ICAO,PALG,61.53630065917969,-160.34100341796875
ICAO,PALH,61.186946,-149.965442
ICAO,PALJ,60.201681,-154.325863
ICAO,PALU,68.87509918,-166.1100006
ICAO,PAMB,58.990200042699996,-159.050003052
ICAO,PAMC,62.95289993,-155.6060028
ICAO,PAMH,63.886002,-152.302002
ICAO,PAMK,63.49010086,-162.1100006
ICAO,PAML,64.99759674069999,-150.643997192
ICAO,PAMM,55.131001,-131.578003
ICAO,PAMO,62.095401763916016,-163.6820068359375
ICAO,PAMR,61.2135009765625,-149.843994140625
ICAO,PAMY,60.37139892578125,-166.27099609375
ICAO,PANA,60.69029998779297,-161.97900390625
ICAO,PANC,61.174400329589844,-149.99600219726562
ICAO,PANI,61.581600189208984,-159.54299926757812
ICAO,PANN,64.54730224609375,-149.07400512695312
ICAO,PANO,59.980201721191,-154.8390045166
ICAO,PANR,58.2543983459,-134.897994995
ICAO,PANT,55.04240036010742,-131.57200622558594
ICAO,PANU,64.729301,-158.074005
ICAO,PANV,62.646702,-160.190994
ICAO,PANW,59.4499015808,-157.32800293
ICAO,PAOB,66.9123001099,-156.897003174
ICAO,PAOH,58.0961,-135.410111
ICAO,PAOM,64.51219940185547,-165.44500732421875
ICAO,PAOO,60.54140091,-165.0870056
ICAO,PAOR,62.9612999,-141.9290009
ICAO,PAOT,66.88469696,-162.598999
ICAO,PAOU,56.007499694824,-161.16000366211
ICAO,PAPB,56.578300476100004,-169.662002563
ICAO,PAPC,65.2537002563,-166.85899353
ICAO,PAPE,55.905998,-159.162993
ICAO,PAPG,56.80170059,-132.9450073
ICAO,PAPH,56.95909881591797,-158.63299560546875
ICAO,PAPK,60.70289993,-161.7779999
ICAO,PAPM,59.01139831542969,-161.82000732421875
ICAO,PAPN,57.5803985596,-157.572006226
ICAO,PAPR,66.814102172852,-150.64399719238
ICAO,PAQC,55.5546989440918,-133.1020050048828
ICAO,PAQH,59.7551,-161.845
ICAO,PAQT,70.2099990845,-151.005996704
ICAO,PARC,68.1147,-145.578995
ICAO,PARS,61.7788848877,-161.319458008
ICAO,PARY,64.72720337,-155.4700012
ICAO,PASA,63.6864013671875,-170.4929962158203
ICAO,PASC,70.19470215,-148.4649963
ICAO,PASD,55.314998626708984,-160.5229949951172
ICAO,PASH,66.249604,-166.089112
ICAO,PASI,57.04710006713867,-135.36199951171875
ICAO,PASK,66.60009766,-159.9859924
ICAO,PASL,61.7005004883,-157.166000366
ICAO,PASM,62.0605011,-163.302002
ICAO,PASN,57.167301177978516,-170.22000122070312
ICAO,PASO,59.442401885986,-151.70399475098
ICAO,PASV,61.09740067,-155.5740051
ICAO,PASX,60.47570037841797,-151.03399658203125
ICAO,PASY,52.71229935,174.1139984
ICAO,PATC,65.56310272,-167.9219971
ICAO,PATE,65.2404022217,-166.339004517
ICAO,PATG,59.052799224853516,-160.39700317382812
ICAO,PATJ,63.303333,-143.001111
ICAO,PATK,62.320499420166,-150.09399414062
ICAO,PATL,62.894401550299996,-155.977005005
ICAO,PATQ,70.46730041503906,-157.43600463867188
ICAO,PAUK,62.680042266799994,-164.659927368
ICAO,PAUN,63.88840103,-160.798996
ICAO,PAVA,61.5409,-165.6005
ICAO,PAVC,55.11629867553711,-162.26600646972656
ICAO,PAVD,61.13389969,-146.2480011
ICAO,PAVE,67.0086975098,-146.365997314
ICAO,PAVL,67.73619842529297,-164.56300354003906
ICAO,PAWB,66.362197876,-147.406997681
ICAO,PAWD,60.12689971923828,-149.41900634765625
ICAO,PAWG,56.48429871,-132.3699951
ICAO,PAWI,70.6380004883,-159.994995117
ICAO,PAWM,64.689201355,-163.412994385
ICAO,PAWN,67.56610107421875,-162.97500610351562
ICAO,PAWR,60.777198791503906,-148.7220001220703
ICAO,PAWS,61.5717010498,-149.539993286
ICAO,PAWT,70.61340332,-159.8600006
ICAO,PAYA,59.5032997131,-139.660003662
ICAO,PCIS,-2.7681200504300003,-171.710006714
ICAO,PFAK,60.9029006958,-161.231002808
ICAO,PFAL,66.5518035889,-152.621994019
ICAO,PFCB,60.0773010254,-147.992004395
ICAO,PFCL,58.83369827,-158.529007
ICAO,PFEL,64.61470032,-162.2720032
ICAO,PFKA,60.87440109,-162.5240021
ICAO,PFKO,63.0306015015,-163.533004761
ICAO,PFKT,65.3312988281,-166.466003418
ICAO,PFKU,64.8760986328,-157.727005005
ICAO,PFKW,60.790298461899994,-161.444000244
ICAO,PFNO,66.81790161,-161.0189972
ICAO,PFSH,64.37110138,-161.223999
ICAO,PFTO,63.32949829,-142.9539948
ICAO,PFWS,58.7033996582,-157.007995605
ICAO,PFYU,66.57150268554688,-145.25
ICAO,PGRO,14.174300193786621,145.2429962158203
ICAO,PGSN,15.119,145.729004
ICAO,PGUA,13.584,144.929998
ICAO,PGUM,13.4834003448,144.796005249
ICAO,PGWT,14.999199867248535,145.61900329589844
ICAO,PHBK,22.022800445599998,-159.785003662
ICAO,PHDH,21.5795001984,-158.197006226
ICAO,PHHI,21.48349953,-158.0399933
ICAO,PHHN,20.79560089111328,-156.01400756835938
ICAO,PHJH,20.962900161743164,-156.67300415039062
ICAO,PHJR,21.3074,-158.070009
ICAO,PHKO,19.738783,-156.045603
ICAO,PHLI,21.97599983215332,-159.33900451660156
ICAO,PHLU,21.21100044,-156.973999
ICAO,PHMK,21.15290069580078,-157.0959930419922
ICAO,PHMU,20.001300811767578,-155.66799926757812
ICAO,PHNG,21.4505004883,-157.768005371
ICAO,PHNL,21.32062,-157.924228
ICAO,PHNY,20.785600662231445,-156.9510040283203
ICAO,PHOG,20.8986,-156.429993
ICAO,PHSF,19.760099411,-155.554000854
ICAO,PHTO,19.721399307250977,-155.04800415039062
ICAO,PHUP,20.265300750732422,-155.86000061035156
ICAO,PJON,16.7285995483,-169.533996582
ICAO,PKMA,11.340700149536133,162.3280029296875
ICAO,PKMJ,7.064760208129883,171.27200317382812
ICAO,PKRO,9.396889686580002,167.470993042
ICAO,PKSA,5.17275476456,-59.491481781
ICAO,PKWA,8.720120429992676,167.73199462890625
ICAO,PLCH,1.9861600399017334,-157.35000610351562
ICAO,PMDY,28.20170021057129,-177.38099670410156
ICAO,PPIZ,69.73290253,-163.0050049
ICAO,PTKK,7.461870193481445,151.84300231933594
ICAO,PTPN,6.985099792480469,158.20899963378906
ICAO,PTRO,7.36731,134.544236
ICAO,PTSA,5.35698,162.957993
ICAO,PTYA,9.49891,138.082993
ICAO,PWAK,19.282100677490234,166.63600158691406
ICAO,Q51,5.644515,169.119507
ICAO,RCAY,22.782499313354492,120.26300048828125
ICAO,RCBS,24.4279,118.359001
ICAO,RCCM,23.2131004333,119.417999268
ICAO,RCDC,22.672399520874023,120.46199798583984
ICAO,RCDI,24.855100631713867,121.23799896240234
ICAO,RCFG,26.1598,119.958
ICAO,RCFN,22.7549991607666,121.10199737548828
ICAO,RCGI,22.673900604248047,121.46600341796875
ICAO,RCGM,25.05660057067871,121.2442626953125
ICAO,RCKH,22.57710075378418,120.3499984741211
ICAO,RCKU,23.46179962158203,120.39299774169922
ICAO,RCKW,22.041099548339844,120.7300033569336
ICAO,RCLG,24.18630027770996,120.65399932861328
ICAO,RCLY,22.027000427246094,121.53500366210938
ICAO,RCMQ,24.264699935913086,120.62100219726562
ICAO,RCMT,26.224199,120.002998
ICAO,RCNN,22.95039939880371,120.20600128173828
ICAO,RCPO,24.8180007935,120.939002991
ICAO,RCQC,23.568700790405273,119.62799835205078
ICAO,RCQS,22.793100357055664,121.18199920654297
ICAO,RCSQ,22.700199127197266,120.48200225830078
ICAO,RCSS,25.069400787353516,121.552001953125
ICAO,RCTP,25.0777,121.233002
ICAO,RCWA,23.367372512817383,119.50277709960938
ICAO,RCYU,24.023099899291992,121.61799621582031
ICAO,RJAA,35.7647018433,140.386001587
ICAO,RJAF,36.16680145263672,137.92300415039062
ICAO,RJAH,36.181098938,140.414993286
ICAO,RJAM,24.2896995544,153.979003906
ICAO,RJAN,34.3694000244,139.268997192
ICAO,RJAW,24.784000396728516,141.322998046875
ICAO,RJAZ,34.189998626699996,139.134002686
ICAO,RJBB,34.42729949951172,135.24400329589844
ICAO,RJBD,33.6622009277,135.363998413
ICAO,RJBE,34.6328010559082,135.2239990234375
ICAO,RJBH,34.36690139770508,132.41400146484375
ICAO,RJBK,34.59080123901367,133.93299865722656
ICAO,RJBT,35.51279830932617,134.78700256347656
ICAO,RJCA,43.794734,142.365432
ICAO,RJCB,42.7332992554,143.216995239
ICAO,RJCC,42.77519989013672,141.69200134277344
ICAO,RJCH,41.7700004578,140.822006226
ICAO,RJCJ,42.79449844359999,141.666000366
ICAO,RJCK,43.041000366199995,144.192993164
ICAO,RJCM,43.8805999756,144.164001465
ICAO,RJCN,43.5774993896,144.960006714
ICAO,RJCO,43.117447,141.38134
ICAO,RJCS,43.425154,144.741354
ICAO,RJCT,42.890499114990234,143.1580047607422
ICAO,RJCW,45.4042015076,141.800994873
ICAO,RJDA,32.482498,130.158997
ICAO,RJDB,33.7490005493,129.785003662
ICAO,RJDC,33.930000305200004,131.279006958
ICAO,RJDK,33.0130996704,129.192001343
ICAO,RJDO,33.1907997131,129.089996338
ICAO,RJDT,34.2849006653,129.330993652
ICAO,RJEB,44.303901672399995,143.404006958
ICAO,RJEC,43.670799255371094,142.44700622558594
ICAO,RJEO,42.0717010498,139.432998657
ICAO,RJER,45.2420005798,141.186004639
ICAO,RJFA,33.88309860229492,130.6529998779297
ICAO,RJFC,30.3855991364,130.658996582
ICAO,RJFE,32.66630172729492,128.83299255371094
ICAO,RJFF,33.585899353027344,130.4510040283203
ICAO,RJFG,30.605100631699997,130.990997314
ICAO,RJFK,31.80340003967285,130.718994140625
ICAO,RJFM,31.877199173,131.449005127
ICAO,RJFN,32.08359909057617,131.4510040283203
ICAO,RJFO,33.479400634799994,131.736999512
ICAO,RJFR,33.8459014893,131.035003662
ICAO,RJFS,33.149700164799995,130.302001953
ICAO,RJFT,32.83729934692383,130.85499572753906
ICAO,RJFU,32.916900634799994,129.914001465
ICAO,RJFY,31.367599487304688,130.84500122070312
ICAO,RJFZ,33.6850013733,131.039993286
ICAO,RJGG,34.8583984375,136.80499267578125
ICAO,RJKA,28.430599212646484,129.71299743652344
ICAO,RJKB,27.4255008698,128.701004028
ICAO,RJKI,28.321300506599997,129.927993774
ICAO,RJKN,27.83639907836914,128.88099670410156
ICAO,RJNA,35.255001068115234,136.9239959716797
ICAO,RJNF,36.1427993774,136.223999023
ICAO,RJNG,35.394100189208984,136.8699951171875
ICAO,RJNH,34.75019836425781,137.7030029296875
ICAO,RJNK,36.39459991455078,136.40699768066406
ICAO,RJNO,36.18109893798828,133.3249969482422
ICAO,RJNT,36.64830017089844,137.18800354003906
ICAO,RJNW,37.2930984497,136.962005615
ICAO,RJNY,34.812801361083984,138.29800415039062
ICAO,RJOA,34.4361000061,132.919006348
ICAO,RJOB,34.7569007874,133.854995728
ICAO,RJOC,35.4136009216,132.88999939
ICAO,RJOE,34.53329849243164,136.6719970703125
ICAO,RJOF,34.034698486328125,131.5489959716797
ICAO,RJOH,35.4921989440918,133.23599243164062
ICAO,RJOI,34.143902,132.235992
ICAO,RJOK,33.546101,133.669006
ICAO,RJOM,33.82720184326172,132.6999969482422
ICAO,RJOO,34.785499572753906,135.43800354003906
ICAO,RJOR,35.5301017761,134.167007446
ICAO,RJOS,34.132801,134.606995
ICAO,RJOT,34.214199066199996,134.01600647
ICAO,RJOW,34.676399231,131.789993286
ICAO,RJOY,34.59629821777344,135.60299682617188
ICAO,RJOZ,34.0452995300293,131.052001953125
ICAO,RJSA,40.73469924926758,140.6909942626953
ICAO,RJSC,38.411899566699994,140.371002197
ICAO,RJSD,38.0601997375,138.414001465
ICAO,RJSF,37.22740173339844,140.43099975585938
ICAO,RJSH,40.556400299072266,141.46600341796875
ICAO,RJSI,39.4286003112793,141.13499450683594
ICAO,RJSK,39.6156005859375,140.218994140625
ICAO,RJSM,40.703201293899994,141.367996216
ICAO,RJSN,37.9558982849,139.121002197
ICAO,RJSR,40.1918983459,140.371002197
ICAO,RJSS,38.1397018433,140.917007446
ICAO,RJST,38.4048995972,141.220001221
ICAO,RJSY,38.81219863889999,139.787002563
ICAO,RJTA,35.4546012878418,139.4499969482422
ICAO,RJTE,34.987099,139.828995
ICAO,RJTF,35.67169952392578,139.5279998779297
ICAO,RJTH,33.1150016785,139.785995483
ICAO,RJTJ,35.84189987182617,139.41099548339844
ICAO,RJTK,35.39830017089844,139.91000366210938
ICAO,RJTL,35.79890060424805,140.01100158691406
ICAO,RJTO,34.782001495399996,139.36000061
ICAO,RJTQ,34.073600769,139.559997559
ICAO,RJTR,35.5138015747,139.393997192
ICAO,RJTT,35.552299,139.779999
ICAO,RJTU,36.5145,139.87101
ICAO,RJTY,35.74850082397461,139.34800720214844
ICAO,RKDU,37.479166666699996,130.895555556
ICAO,RKJB,34.991406,126.382814
ICAO,RKJJ,35.123173,126.805444
ICAO,RKJK,35.90380096435547,126.61599731445312
ICAO,RKJM,34.7588996887,126.379997253
ICAO,RKJU,35.87808,127.119112
ICAO,RKJY,34.84230041503906,127.61699676513672
ICAO,RKND,38.142601013183594,128.5989990234375
ICAO,RKNN,37.753601,128.943915
ICAO,RKNW,37.441201,127.963858
ICAO,RKNY,38.061298,128.669006
ICAO,RKPC,33.51129913330078,126.49299621582031
ICAO,RKPD,33.3996009827,126.711997986
ICAO,RKPE,35.140248,128.696229
ICAO,RKPK,35.1795005798,128.93800354
ICAO,RKPS,35.088591,128.071747
ICAO,RKPU,35.59349823,129.352005005
ICAO,RKSG,36.96220016479492,127.03099822998047
ICAO,RKSI,37.46910095214844,126.45099639892578
ICAO,RKSM,37.444744,127.112718
ICAO,RKSO,37.090599,127.029999
ICAO,RKSS,37.5583,126.791
ICAO,RKSW,37.23939895629883,127.00700378417969
ICAO,RKTH,35.987955,129.420383
ICAO,RKTI,37.03024,127.886353
ICAO,RKTN,35.896872,128.65531
ICAO,RKTP,36.703999,126.486
ICAO,RKTU,36.717008,127.498741
ICAO,RKTY,36.630373,128.34971
ICAO,ROAH,26.1958007812,127.646003723
ICAO,RODE,26.725757598876953,127.76490020751953
ICAO,RODN,26.3556,127.767998
ICAO,ROIG,24.396389,124.245
ICAO,ROKJ,26.363500595092773,126.71399688720703
ICAO,ROKR,26.168300628699996,127.292999268
ICAO,ROMD,25.8465003967,131.263000488
ICAO,ROMY,24.782800674399997,125.294998169
ICAO,RORA,26.5925006866,127.240997314
ICAO,RORE,26.7220001221,127.785003662
ICAO,RORH,24.0589008331,123.805999756
ICAO,RORK,25.9447002411,131.32699585
ICAO,RORS,24.8267002106,125.144996643
ICAO,RORT,24.653900146499996,124.675003052
ICAO,RORY,27.0440006256,128.401992798
ICAO,ROTM,26.27429962158203,127.75599670410156
ICAO,ROYN,24.466899871826172,122.97799682617188
ICAO,RPLB,14.794400215148926,120.27100372314453
ICAO,RPLC,15.186,120.559998
ICAO,RPLI,18.1781005859375,120.53199768066406
ICAO,RPLL,14.5086,121.019997
ICAO,RPLN,17.065667,122.427671
ICAO,RPLO,10.858099937438965,121.06900024414062
ICAO,RPLP,13.1575,123.735
ICAO,RPLT,20.722521,121.809969
ICAO,RPLU,13.855400085449219,120.1050033569336
ICAO,RPMA,6.366819858551025,124.7509994506836
ICAO,RPMB,6.10644006729,125.23500061
ICAO,RPMC,7.1652398109436035,124.20999908447266
ICAO,RPMD,7.1255202293396,125.64600372314453
ICAO,RPME,8.9515,125.4788
ICAO,RPMF,8.19594955444336,126.3219985961914
ICAO,RPMG,8.60198349877,123.341875076
ICAO,RPMH,9.253520011901855,124.70700073242188
ICAO,RPMJ,6.0536699295043945,121.01100158691406
ICAO,RPML,8.41562,124.611
ICAO,RPMN,5.046991,119.742996
ICAO,RPMO,8.178509712219238,123.84200286865234
ICAO,RPMP,7.83073144787,123.461179733
ICAO,RPMQ,6.949091,126.27368
ICAO,RPMR,6.05800008774,125.096000671
ICAO,RPMS,9.755838325629998,125.480947495
ICAO,RPMW,9.072110176086426,126.1709976196289
ICAO,RPMY,8.612203,124.456496
ICAO,RPMZ,6.922420024871826,122.05999755859375
ICAO,RPNS,9.8591,126.014
ICAO,RPSB,11.1624,123.7848
ICAO,RPSD,10.81874,119.507697
ICAO,RPSM,10.187299728393555,124.78199768066406
ICAO,RPUB,16.375099182128906,120.62000274658203
ICAO,RPUD,14.129199981689453,122.9800033569336
ICAO,RPUF,14.98724,120.492554
ICAO,RPUG,16.034799575805664,120.24099731445312
ICAO,RPUH,12.361499786399998,121.04699707
ICAO,RPUL,13.954999923706055,121.125
ICAO,RPUM,13.208100318908691,120.6050033569336
ICAO,RPUN,13.58489990234375,123.2699966430664
ICAO,RPUO,20.4513,121.980003
ICAO,RPUQ,17.555299758911133,120.35600280761719
ICAO,RPUR,15.729309,121.500034
ICAO,RPUS,16.595600128173828,120.3030014038086
ICAO,RPUT,17.6433676823,121.733150482
ICAO,RPUV,13.576399803161621,124.20600128173828
ICAO,RPUW,13.361000061035156,121.82599639892578
ICAO,RPUY,16.9298992157,121.752998352
ICAO,RPUZ,16.6192,121.251999
ICAO,RPVA,11.228035,125.027761
ICAO,RPVB,10.7764,123.014999
ICAO,RPVC,12.072699546813965,124.54499816894531
ICAO,RPVD,9.3337097168,123.300003052
ICAO,RPVE,11.9245,121.954002
ICAO,RPVF,12.502400398254395,124.63600158691406
ICAO,RPVG,11.0354995728,125.741996765
ICAO,RPVI,10.833017,122.493358
ICAO,RPVJ,12.369682,123.630095
ICAO,RPVK,11.679400444,122.375999451
ICAO,RPVM,10.307499885559,123.97899627686
ICAO,RPVO,11.057999610900879,124.56500244140625
ICAO,RPVP,9.742119789123535,118.75900268554688
ICAO,RPVQ,11.5159178299,124.428985119
ICAO,RPVR,11.597700119018555,122.75199890136719
ICAO,RPVS,10.765999794,121.932998657
ICAO,RPVT,9.665442,123.853533
ICAO,RPVU,12.3109998703,122.084999084
ICAO,RPVV,12.1215000153,120.099998474
ICAO,RPVW,11.674300193799999,125.478996277
ICAO,RPVY,11.81,124.83
ICAO,RPVZ,9.214203223190001,123.472251892
ICAO,S31,48.4838981628418,-122.93800354003906
ICAO,SAAC,-31.2969,-57.9966
ICAO,SAAG,-33.0103,-58.6131
ICAO,SAAJ,-34.5459,-60.9306
ICAO,SAAP,-31.7948,-60.4804
ICAO,SAAR,-32.9036,-60.785
ICAO,SAAV,-31.7117,-60.8117
ICAO,SABE,-34.5592,-58.4156
ICAO,SACO,-31.323601,-64.208
ICAO,SACT,-30.34530067,-66.29360198
ICAO,SADF,-34.4532,-58.5896
ICAO,SADJ,-34.5606,-58.7896
ICAO,SADL,-34.9722,-57.8947
ICAO,SADM,-34.6763,-58.6428
ICAO,SADP,-34.6099,-58.6126
ICAO,SAEZ,-34.8222,-58.5358
ICAO,SAFS,-30.9575,-61.5283
ICAO,SAHC,-37.444698333699996,-70.2225036621
ICAO,SAHR,-39.0007019043,-67.6204986572
ICAO,SAHS,-37.3905982971,-68.9041976929
ICAO,SAHZ,-38.975498,-70.113602
ICAO,SAME,-32.8316993713,-68.7929000854
ICAO,SAMM,-35.493598938,-69.5743026733
ICAO,SAMR,-34.588299,-68.4039
ICAO,SANC,-28.5956001282,-65.751701355
ICAO,SANE,-27.765556335399996,-64.3099975586
ICAO,SANI,-28.0377998352,-67.5802993774
ICAO,SANL,-29.3815994263,-66.7957992554
ICAO,SANO,-29.2238998413,-67.4389038086
ICAO,SANR,-27.4966,-64.93595
ICAO,SANT,-26.8409,-65.104897
ICAO,SANU,-31.571501,-68.418198
ICAO,SAOC,-33.0850982666,-64.2612991333
ICAO,SAOD,-31.9451999664,-65.1463012695
ICAO,SAOL,-22.1506004333,-65.57749938959999
ICAO,SAOM,-32.6836,-62.157801
ICAO,SAOR,-33.7299003601,-65.3873977661
ICAO,SAOU,-33.2732009888,-66.3563995361
ICAO,SAOV,-32.3201,-63.22663
ICAO,SARC,-27.4455,-58.7619
ICAO,SARE,-27.45,-59.0561
ICAO,SARF,-26.2127,-58.2281
ICAO,SARI,-25.737301,-54.4734
ICAO,SARL,-29.6894,-57.1521
ICAO,SARM,-30.2719,-57.6402
ICAO,SARP,-27.3858,-55.9707
ICAO,SARS,-26.753611,-60.492222
ICAO,SASA,-24.856000900299996,-65.4861984253
ICAO,SASJ,-24.392799,-65.097801
ICAO,SASO,-23.1527996063,-64.3292007446
ICAO,SASQ,-34.1353988647,-63.36230087279999
ICAO,SAST,-22.619600296,-63.7937011719
ICAO,SATD,-26.3974990845,-54.5746994019
ICAO,SATG,-29.1058,-59.2189
ICAO,SATO,-27.5181999207,-55.1241989136
ICAO,SATR,-29.2103,-59.68
ICAO,SATU,-29.7706,-57.9789
ICAO,SAVB,-41.9431991577,-71.5323028564
ICAO,SAVC,-45.7853,-67.4655
ICAO,SAVE,-42.908000946,-71.139503479
ICAO,SAVH,-46.53829956049999,-68.9653015137
ICAO,SAVJ,-41.320899963399995,-69.5748977661
ICAO,SAVN,-40.7512,-65.0343
ICAO,SAVR,-45.013599,-70.812202
ICAO,SAVS,-41.5917015076,-65.33940124509999
ICAO,SAVT,-43.2105,-65.2703
ICAO,SAVV,-40.8692,-63.0004
ICAO,SAVY,-42.7592,-65.1027
ICAO,SAWA,-50.336102,-72.248596
ICAO,SAWB,-64.2382965088,-56.6307983398
ICAO,SAWC,-50.2803,-72.053101
ICAO,SAWD,-47.7353,-65.9041
ICAO,SAWE,-53.7777,-67.7494
ICAO,SAWG,-51.6089,-69.3126
ICAO,SAWH,-54.8433,-68.2958
ICAO,SAWJ,-49.3068,-67.8026
ICAO,SAWL,-54.521900177,-67.1989974976
ICAO,SAWP,-46.537899,-70.978699
ICAO,SAWR,-48.7831,-70.150002
ICAO,SAWS,-44.048599243199995,-70.4589004517
ICAO,SAWU,-50.0165,-68.5792
ICAO,SAZB,-38.725,-62.1693
ICAO,SAZC,-37.446098,-61.889301
ICAO,SAZF,-36.8899993896,-60.216598510699995
ICAO,SAZG,-35.6962013245,-63.7583007812
ICAO,SAZH,-38.3869,-60.3297
ICAO,SAZI,-36.1866,-61.0764
ICAO,SAZL,-36.5423,-56.7218
ICAO,SAZM,-37.9342,-57.5733
ICAO,SAZN,-38.949001,-68.155701
ICAO,SAZO,-38.4831,-58.8172
ICAO,SAZP,-35.8446,-61.8576
ICAO,SAZR,-36.588299,-64.275703
ICAO,SAZS,-41.151199,-71.157501
ICAO,SAZT,-37.2374000549,-59.2279014587
ICAO,SAZV,-37.2354,-57.0292
ICAO,SAZW,-38.939701080300004,-69.2646026611
ICAO,SAZY,-40.075401,-71.137299
ICAO,SBAA,-8.348349571228027,-49.30149841308594
ICAO,SBAF,-22.875099,-43.384701
ICAO,SBAM,2.07751,-50.8582
ICAO,SBAN,-16.2292,-48.964298
ICAO,SBAQ,-21.812000274699997,-48.1329994202
ICAO,SBAR,-10.984000206,-37.0703010559
ICAO,SBAT,-9.8663892746,-56.1049995422
ICAO,SBAU,-21.1413002014,-50.4247016907
ICAO,SBAX,-19.563199996948,-46.960399627686
ICAO,SBBE,-1.3792500495900002,-48.4762992859
ICAO,SBBG,-31.39049911499,-54.112201690674
ICAO,SBBH,-19.851200103759766,-43.950599670410156
ICAO,SBBI,-25.4050998688,-49.23199844359999
ICAO,SBBP,-22.979162,-46.537508
ICAO,SBBQ,-21.2672,-43.761101
ICAO,SBBR,-15.86916732788086,-47.920833587646484
ICAO,SBBT,-20.584499359131,-48.594100952148
ICAO,SBBU,-22.3449993134,-49.0537986755
ICAO,SBBV,2.84138894081,-60.6922225952
ICAO,SBBW,-15.861300468400001,-52.3889007568
ICAO,SBBZ,-22.770999908447266,-41.96289825439453
ICAO,SBCA,-25.0002994537,-53.500801086399996
ICAO,SBCB,-22.921699523900003,-42.074298858599995
ICAO,SBCC,-9.33393955231,-54.9654006958
ICAO,SBCD,-26.78840065,-50.9398002625
ICAO,SBCF,-19.62444305419922,-43.97194290161133
ICAO,SBCG,-20.468700408900002,-54.6725006104
ICAO,SBCH,-27.134199142456,-52.656600952148
ICAO,SBCI,-7.32043981552124,-47.45869827270508
ICAO,SBCJ,-6.11527776718,-50.0013885498
ICAO,SBCM,-28.7244434357,-49.4213905334
ICAO,SBCN,-17.725299835205,-48.607498168945
ICAO,SBCO,-29.945928,-51.144413
ICAO,SBCP,-21.698299408,-41.301700592
ICAO,SBCR,-19.0119438171,-57.6713905334
ICAO,SBCT,-25.5284996033,-49.1758003235
ICAO,SBCV,-17.652299880981,-39.253101348877
ICAO,SBCX,-29.197099685699996,-51.1875
ICAO,SBCY,-15.6528997421,-56.1166992188
ICAO,SBCZ,-7.59990978241,-72.7695007324
ICAO,SBDN,-22.1751003265,-51.4245986938
ICAO,SBEG,-3.0386099815368652,-60.04970169067383
ICAO,SBEK,-6.233160018920898,-57.77690124511719
ICAO,SBES,-22.81290054321289,-42.09260177612305
ICAO,SBFI,-25.600278854370117,-54.48500061035156
ICAO,SBFL,-27.670278549194336,-48.5525016784668
ICAO,SBFN,-3.85493,-32.423302
ICAO,SBFU,-20.702800750732422,-46.33530044555664
ICAO,SBFZ,-3.776279926300049,-38.53260040283203
ICAO,SBGL,-22.8099994659,-43.2505569458
ICAO,SBGM,-10.786399841308594,-65.28479766845703
ICAO,SBGO,-16.631999969482422,-49.220699310302734
ICAO,SBGP,-21.773700714111328,-48.40510177612305
ICAO,SBGR,-23.435556411743164,-46.47305679321289
ICAO,SBGU,-25.3875007629,-51.520198822
ICAO,SBGV,-18.89520072937,-41.982200622559
ICAO,SBGW,-22.79159927368164,-45.20479965209961
ICAO,SBHT,-3.2539100646973,-52.254001617432
ICAO,SBIC,-3.1272599697113037,-58.481201171875
ICAO,SBIH,-4.2423400878906,-56.000701904297
ICAO,SBIL,-14.815999984741,-39.033199310303
ICAO,SBIP,-19.470699310303,-42.487598419189
ICAO,SBIT,-18.4447002411,-49.2134017944
ICAO,SBIZ,-5.53129,-47.459999
ICAO,SBJA,-28.6753,-49.0596
ICAO,SBJC,-1.4141600132,-48.4607009888
ICAO,SBJD,-23.180369,-46.944408
ICAO,SBJF,-21.791500091552734,-43.38679885864258
ICAO,SBJP,-7.145833015440001,-34.9486122131
ICAO,SBJR,-22.987499,-43.369999
ICAO,SBJU,-7.21895980835,-39.270099639899996
ICAO,SBJV,-26.22450065612793,-48.797401428222656
ICAO,SBKG,-7.26992,-35.8964
ICAO,SBKP,-23.0074005127,-47.1344985962
ICAO,SBLE,-12.4822998047,-41.2770004272
ICAO,SBLJ,-27.782100677499997,-50.28150177
ICAO,SBLN,-21.663999557495,-49.730499267578
ICAO,SBLO,-23.333599090599996,-51.1301002502
ICAO,SBLP,-13.2621002197,-43.4081001282
ICAO,SBLS,-19.66160011291504,-43.896400451660156
ICAO,SBMA,-5.36858987808,-49.138000488299994
ICAO,SBMC,-13.5491,-48.195301
ICAO,SBMD,-0.889839,-52.6022
ICAO,SBME,-22.343000412,-41.7659988403
ICAO,SBMG,-23.479444503799996,-52.01222229
ICAO,SBMK,-16.706899642899998,-43.818901062
ICAO,SBML,-22.1968994141,-49.926399231
ICAO,SBMN,-3.1460399627685547,-59.98630142211914
ICAO,SBMO,-9.510809898376465,-35.79169845581055
ICAO,SBMQ,0.0506640002131,-51.0722007751
ICAO,SBMS,-5.2019200324999995,-37.3642997742
ICAO,SBMT,-23.5090999603,-46.6377983093
ICAO,SBMY,-5.8113799095154,-61.278301239014
ICAO,SBNF,-26.879999,-48.651402
ICAO,SBNM,-28.2817,-54.169102
ICAO,SBNT,-5.91141986847,-35.2476997375
ICAO,SBOI,3.85548996925354,-51.79690170288086
ICAO,SBPA,-29.994400024414062,-51.1713981628418
ICAO,SBPB,-2.89374995232,-41.73199844359999
ICAO,SBPC,-21.843000411987,-46.567901611328
ICAO,SBPF,-28.243999,-52.326599
ICAO,SBPJ,-10.291500091600001,-48.35699844359999
ICAO,SBPK,-31.718399,-52.327702
ICAO,SBPL,-9.362409591674805,-40.56909942626953
ICAO,SBPN,-10.719400405883789,-48.39970016479492
ICAO,SBPP,-22.54960060119629,-55.702598571777344
ICAO,SBPS,-16.438601,-39.080898
ICAO,SBPV,-8.70928955078125,-63.90230178833008
ICAO,SBQV,-14.8627996445,-40.8630981445
ICAO,SBRB,-9.868888854980469,-67.89805603027344
ICAO,SBRF,-8.126489639282227,-34.92359924316406
ICAO,SBRJ,-22.910499572799996,-43.1631011963
ICAO,SBRP,-21.136388778686523,-47.776668548583984
ICAO,SBSC,-22.9324,-43.719101
ICAO,SBSG,-5.768056,-35.376111
ICAO,SBSJ,-23.22920036315918,-45.86149978637695
ICAO,SBSL,-2.585360050201416,-44.234100341796875
ICAO,SBSM,-29.711399,-53.688202
ICAO,SBSN,-2.4247219562530518,-54.785831451416016
ICAO,SBSO,-12.479177,-55.672341
ICAO,SBSP,-23.626110076904297,-46.65638732910156
ICAO,SBSR,-20.816600799599996,-49.40650177
ICAO,SBST,-23.928056716918945,-46.299720764160156
ICAO,SBSV,-12.9086112976,-38.3224983215
ICAO,SBTA,-23.04010009765625,-45.51599884033203
ICAO,SBTB,-1.489599943161,-56.396800994873
ICAO,SBTC,-15.355199813799999,-38.9990005493
ICAO,SBTD,-24.6863,-53.697498
ICAO,SBTE,-5.0599398613,-42.8235015869
ICAO,SBTF,-3.38294005394,-64.7240982056
ICAO,SBTK,-8.1552600860596,-70.783302307129
ICAO,SBTL,-24.317800521850586,-50.6515998840332
ICAO,SBTS,2.22347,-55.946098
ICAO,SBTT,-4.2556700706482,-69.93579864502
ICAO,SBTU,-3.7860100269318,-49.72029876709
ICAO,SBUA,-0.14835,-66.9855
ICAO,SBUF,-9.4008798599243,-38.250598907471
ICAO,SBUG,-29.7821998596,-57.0382003784
ICAO,SBUL,-18.883612,-48.225277
ICAO,SBUR,-19.764722824097,-47.966110229492
ICAO,SBVG,-21.5900993347,-45.4733009338
ICAO,SBVH,-12.694399833679,-60.098300933838
ICAO,SBVT,-20.258057,-40.286388
ICAO,SBYA,0.6075000166893,-69.18579864502
ICAO,SBYS,-21.984600067138672,-47.334800720214844
ICAO,SCAR,-18.348499,-70.338699
ICAO,SCAT,-27.2611999512,-70.7791976929
ICAO,SCBA,-45.916099548339844,-71.68949890136719
ICAO,SCBE,-22.14109992980957,-70.06289672851562
ICAO,SCBQ,-33.561798095703125,-70.68840026855469
ICAO,SCCC,-46.58330154418945,-71.6874008178711
ICAO,SCCF,-22.498199462890625,-68.90360260009766
ICAO,SCCH,-36.58250045776367,-72.03140258789062
ICAO,SCCI,-53.002602,-70.854599
ICAO,SCCL,-27.078100204467773,-70.79530334472656
ICAO,SCCY,-45.594200134277344,-72.1061019897461
ICAO,SCDA,-20.535200119018555,-70.1812973022461
ICAO,SCEL,-33.393001556396484,-70.78579711914062
ICAO,SCES,-26.311100006103516,-69.76519775390625
ICAO,SCFA,-23.444501,-70.445099
ICAO,SCFM,-53.253700256347656,-70.31919860839844
ICAO,SCFT,-43.18920135498047,-71.8510971069336
ICAO,SCFX,-26.293899536132812,-80.09619903564453
ICAO,SCGE,-37.40169906616211,-72.42539978027344
ICAO,SCGZ,-54.93109893798828,-67.62629699707031
ICAO,SCHA,-27.2968997955,-70.4131011963
ICAO,SCHR,35.071718,-91.738801
ICAO,SCIC,-34.96666717529297,-71.21639251708984
ICAO,SCIE,-36.772701,-73.063103
ICAO,SCIP,-27.1648006439,-109.42199707
ICAO,SCIR,-33.6650009155,-78.9297027588
ICAO,SCJO,-40.61119842529297,-73.06099700927734
ICAO,SCLL,-28.596399307250977,-70.75599670410156
ICAO,SCNT,-51.67150115966797,-72.52839660644531
ICAO,SCPC,-39.29280090332031,-71.91590118408203
ICAO,SCPE,-22.92169952392578,-68.15840148925781
ICAO,SCPQ,-42.340388,-73.715693
ICAO,SCQP,-38.9259,-72.6515
ICAO,SCRA,-26.332500457763672,-70.6072998046875
ICAO,SCRG,-34.17369842529297,-70.77570343017578
ICAO,SCRM,-62.1907997131,-58.9866981506
ICAO,SCRT,-35.96055603027344,-71.7933349609375
ICAO,SCSE,-29.916201,-71.199501
ICAO,SCSN,-33.65639877319336,-71.6144027709961
ICAO,SCSS,-53.31700134277344,-68.6500015258789
ICAO,SCTB,-33.456298828125,-70.54669952392578
ICAO,SCTC,-38.766799926758,-72.637100219727
ICAO,SCTE,-41.438899993896484,-73.09400177001953
ICAO,SCTL,-35.37779998779297,-71.60169982910156
ICAO,SCTN,-42.93280029296875,-72.6990966796875
ICAO,SCTO,-38.245601654052734,-72.34860229492188
ICAO,SCTT,-25.564300537109375,-70.37590026855469
ICAO,SCVD,-39.6500015259,-73.0860977173
ICAO,SCVM,-32.9496,-71.4786
ICAO,SDAG,-22.975299835205078,-44.307098388671875
ICAO,SDAI,-22.755800247192383,-47.26940155029297
ICAO,SDAM,-22.85919952392578,-47.10820007324219
ICAO,SDBK,-22.939501,-48.467999
ICAO,SDCG,-3.46792950765,-68.9204120636
ICAO,SDCO,-23.478001,-47.490002
ICAO,SDHU,-22.95166778564453,-43.16583251953125
ICAO,SDMC,-22.9195,-42.830898
ICAO,SDNS,-22.462499618530273,-43.13055419921875
ICAO,SDNY,-22.74530029296875,-43.46030044555664
ICAO,SDOW,-6.763100147250001,-51.0499000549
ICAO,SDRS,-22.4785003662,-44.4803009033
ICAO,SDSC,-21.875401,-47.903703
ICAO,SDSK,-22.92972183227539,-42.50694274902344
ICAO,SDTK,-23.2243995667,-44.720298767100005
ICAO,SDUB,-23.441099166870117,-45.075599670410156
ICAO,SDUN,-21.219299316399997,-41.8759002686
ICAO,SDZY,-21.5130558014,-43.1730575562
ICAO,SEAM,-1.2120699882507324,-78.57460021972656
ICAO,SECM,-1.7062699794769287,-79.37889862060547
ICAO,SECO,-0.4628860056400299,-76.98680114746094
ICAO,SECU,-2.88947,-78.984398
ICAO,SEGS,-0.45375800132751465,-90.26589965820312
ICAO,SEGU,-2.1574199199699997,-79.88359832760001
ICAO,SEGZ,-3.4232099056243896,-78.56700134277344
ICAO,SEIB,0.33841899037361145,-78.13639831542969
ICAO,SEII,-0.942628026009,-90.9530029297
ICAO,SEJD,-1.059722,-77.583333
ICAO,SEKK,0.18420299887657166,-79.39199829101562
ICAO,SELJ,-1.7043800354003906,-79.55229949951172
ICAO,SELT,-0.906833,-78.615799
ICAO,SEMA,-4.37823009491,-79.94100189210002
ICAO,SEMC,-2.2991700172424316,-78.12079620361328
ICAO,SEMH,-3.2689,-79.961601
ICAO,SEMO,-2.067009925842285,-76.97570037841797
ICAO,SEMT,-0.9460780024528503,-80.67880249023438
ICAO,SEMX,-2.851099967956543,-79.80359649658203
ICAO,SEPS,-3.3196699619293213,-79.76920318603516
ICAO,SEPV,-1.0416500568389893,-80.47219848632812
ICAO,SEQE,-0.9894000291824341,-79.46510314941406
ICAO,SEQM,-0.129166666667,-78.3575
ICAO,SERB,-1.6534299850463867,-78.65609741210938
ICAO,SERO,-3.441986,-79.996957
ICAO,SESA,-2.20499,-80.988899
ICAO,SESD,-0.2482219934463501,-79.21440124511719
ICAO,SESM,-1.5052399635299998,-78.0626983643
ICAO,SEST,-0.910206,-89.617401
ICAO,SETA,-2.261039972305298,-79.6801986694336
ICAO,SETE,-0.9867669939994812,-77.81950378417969
ICAO,SETI,-0.7761110067367554,-75.52639770507812
ICAO,SETM,-3.99589,-79.371902
ICAO,SETN,0.9785190224647522,-79.62660217285156
ICAO,SETR,-0.12295600026845932,-76.33779907226562
ICAO,SETU,0.8095059990882874,-77.70809936523438
ICAO,SFAL,-51.685699462891,-57.777599334717
ICAO,SGAS,-25.239999771118164,-57.52000045776367
ICAO,SGAY,-27.370554,-56.854064
ICAO,SGCO,-23.442363,-57.427253
ICAO,SGEN,-27.227366,-55.837495
ICAO,SGES,-25.454516,-54.842682
ICAO,SGIB,-25.407519,-54.619377
ICAO,SGME,-22.049999237060547,-60.619998931884766
ICAO,SGPI,-26.881224,-58.318026
ICAO,SGPJ,-22.639999389648438,-55.83000183105469
ICAO,SIDG,-22.429166793823242,-55.53333282470703
ICAO,SIEL,-16.58361053466797,-57.73222351074219
ICAO,SIMC,-22.711389541625977,-47.141109466552734
ICAO,SIMK,-20.592199,-47.3829
ICAO,SIXZ,-24.0,-48.608333587646484
ICAO,SIZX,-11.2966,-57.5495
ICAO,SJDB,-21.247299,-56.452499
ICAO,SJHG,-10.634400367736816,-51.5635986328125
ICAO,SJNP,-7.125833,-55.400833
ICAO,SJOG,-9.884721755981445,-63.04888916015625
ICAO,SJTC,-22.166859140899998,-49.0502866745
ICAO,SJTF,-13.061944007873535,-62.25749969482422
ICAO,SJYD,-11.9647216796875,-61.686668395996094
ICAO,SKAC,-0.5833,-72.4083
ICAO,SKAD,8.51667,-77.3
ICAO,SKAG,8.247,-73.5814
ICAO,SKAP,4.07607,-73.5627
ICAO,SKAR,4.45278,-75.7664
ICAO,SKAS,0.505228,-76.5008
ICAO,SKBC,9.04554,-73.9749
ICAO,SKBG,7.1265,-73.1848
ICAO,SKBO,4.70159,-74.1469
ICAO,SKBQ,10.8896,-74.7808
ICAO,SKBS,6.20292,-77.3947
ICAO,SKBU,3.81963,-76.9898
ICAO,SKCA,8.63333,-77.35
ICAO,SKCC,7.92757,-72.5115
ICAO,SKCD,5.08333,-76.7
ICAO,SKCG,10.4424,-75.513
ICAO,SKCL,3.54322,-76.3816
ICAO,SKCO,1.81442,-78.7492
ICAO,SKCU,7.96847,-75.1985
ICAO,SKCV,9.40092,-75.6913
ICAO,SKCZ,9.33274,-75.2856
ICAO,SKEB,7.59647,-74.8089
ICAO,SKEJ,7.02433,-73.8068
ICAO,SKFL,1.58919,-75.5644
ICAO,SKGI,4.27624,-74.7967
ICAO,SKGO,4.75818,-75.9557
ICAO,SKGP,2.57013,-77.8986
ICAO,SKGY,4.81233,-74.0649
ICAO,SKGZ,2.1464,-75.6944
ICAO,SKIB,4.42161,-75.1333
ICAO,SKIP,0.861925,-77.6718
ICAO,SKLC,7.81196,-76.7164
ICAO,SKLG,-0.182278,-74.7708
ICAO,SKLM,11.2325,-72.4901
ICAO,SKLP,-1.32861,-69.5797
ICAO,SKLT,-4.19355,-69.9432
ICAO,SKMD,6.220549,-75.590582
ICAO,SKMG,9.28474,-74.8461
ICAO,SKMR,8.82374,-75.8258
ICAO,SKMU,1.25366,-70.2339
ICAO,SKMZ,5.0296,-75.4647
ICAO,SKNQ,5.6964,-77.2806
ICAO,SKNV,2.95015,-75.294
ICAO,SKOC,8.31506,-73.3583
ICAO,SKOT,7.01037,-74.7155
ICAO,SKPB,12.2215,-71.9848
ICAO,SKPC,6.18472,-67.4932
ICAO,SKPD,3.85353,-67.9062
ICAO,SKPE,4.81267,-75.7395
ICAO,SKPI,1.85777,-76.0857
ICAO,SKPP,2.4544,-76.6093
ICAO,SKPQ,5.48361,-74.6574
ICAO,SKPS,1.39625,-77.2915
ICAO,SKPV,13.3569,-81.3583
ICAO,SKPZ,5.87615,-71.8866
ICAO,SKQU,5.21256,-74.8836
ICAO,SKRG,6.16454,-75.4231
ICAO,SKRH,11.5262,-72.926
ICAO,SKSA,6.951868,-71.857179
ICAO,SKSJ,2.57969,-72.6394
ICAO,SKSM,11.1196,-74.2306
ICAO,SKSP,12.5836,-81.7112
ICAO,SKSV,2.15217,-74.7663
ICAO,SKTJ,5.54138,-73.3445
ICAO,SKTL,9.50945,-75.5854
ICAO,SKTM,6.45108,-71.7603
ICAO,SKTQ,0.7459,-75.234
ICAO,SKUA,5.52448,-68.6856
ICAO,SKUC,7.06888,-70.7369
ICAO,SKUI,5.69076,-76.6412
ICAO,SKUL,4.08836,-76.2351
ICAO,SKVG,0.978767,-76.6056
ICAO,SKVP,10.435,-73.2495
ICAO,SKVV,4.16787,-73.6138
ICAO,SKYP,5.31911,-72.384
ICAO,SLBJ,-22.7733001709,-64.31289672850001
ICAO,SLCB,-17.421100616455078,-66.1771011352539
ICAO,SLCC,-16.191099166870117,-69.09559631347656
ICAO,SLCH,-16.976834,-65.145568
ICAO,SLCO,-11.040399551400002,-68.7829971313
ICAO,SLCR,-17.91360092163086,-64.5177993774414
ICAO,SLET,-17.8115997314,-63.1715011597
ICAO,SLGY,-10.820599556,-65.3455963135
ICAO,SLLP,-16.5132999420166,-68.19229888916016
ICAO,SLOR,-17.962600708,-67.0762023926
ICAO,SLPA,-18.97166633605957,-62.97533416748047
ICAO,SLPO,-19.5431003571,-65.72370147710001
ICAO,SLPR,-11.107663,-67.551155
ICAO,SLPS,-18.975301,-57.820599
ICAO,SLRI,-11.0,-66.0
ICAO,SLRQ,-14.427900314299999,-67.4968032837
ICAO,SLRY,-14.3044,-67.353401
ICAO,SLSA,-13.762200355500001,-65.4352035522
ICAO,SLSB,-14.859199523925781,-66.73750305175781
ICAO,SLSU,-19.007099151611328,-65.2886962890625
ICAO,SLTJ,-21.5557003021,-64.7013015747
ICAO,SLTR,-14.8186998367,-64.9179992676
ICAO,SLUY,-20.446300506599997,-66.8483963013
ICAO,SLVM,-21.255199432399998,-63.4056015015
ICAO,SLVR,-17.6448,-63.135399
ICAO,SLYA,-21.960899353027344,-63.65169906616211
ICAO,SMAF,4.998505,-54.992033
ICAO,SMAM,3.547885,-57.633958
ICAO,SMBN,5.512720108032227,-54.05009841918945
ICAO,SMCO,5.865829944610596,-56.32749938964844
ICAO,SMDA,4.111359,-54.672766
ICAO,SMDU,2.5235,-56.3247
ICAO,SMGH,4.0583,-54.7861
ICAO,SMJP,5.4528298377999995,-55.1878013611
ICAO,SMKA,4.406,-57.223
ICAO,SMKE,3.094343,-56.472702
ICAO,SMLA,3.411301,-54.028049
ICAO,SMMO,5.6076,-54.4003
ICAO,SMNI,5.955560207366943,-57.039398193359375
ICAO,SMPA,3.3452799320220947,-55.442501068115234
ICAO,SMPE,4.126389,-54.623611
ICAO,SMPT,3.50278,-55.058791
ICAO,SMSI,2.026438,-56.126412
ICAO,SMSK,4.319444,-54.966667
ICAO,SMSM,2.354427,-56.792431
ICAO,SMST,4.349999904632568,-54.41666793823242
ICAO,SMWA,5.841128,-56.673328
ICAO,SMWS,5.215277,-57.185302
ICAO,SMZO,5.81108,-55.190701
ICAO,SNAL,-9.775360107421875,-36.62919998168945
ICAO,SNAP,-15.732,-43.323102
ICAO,SNBM,-21.126100540161133,-42.39440155029297
ICAO,SNBR,-12.078900337219238,-45.00899887084961
ICAO,SNCL,-13.389444351196289,-38.90999984741211
ICAO,SNCW,-2.372999906539917,-44.396400451660156
ICAO,SNDC,-8.033289909362793,-49.97990036010742
ICAO,SNDT,-18.232000351,-43.650398254399995
ICAO,SNDV,-20.180700302124,-44.870899200439
ICAO,SNFX,-6.6413,-51.9523
ICAO,SNGA,-20.646499633800005,-40.491901397700005
ICAO,SNGI,-14.208200454711914,-42.74610137939453
ICAO,SNIG,-6.346640110015869,-39.293800354003906
ICAO,SNKE,-9.31997013092041,-50.32849884033203
ICAO,SNKF,-20.738585,-43.797444
ICAO,SNKV,1.04278004169,-50.516700744599994
ICAO,SNMU,-18.048900604248047,-39.864200592041016
ICAO,SNOB,-3.67889,-40.336802
ICAO,SNOX,-1.7140799760818481,-55.83620071411133
ICAO,SNPC,-7.0620598793029785,-41.52370071411133
ICAO,SNPD,-18.672800064086914,-46.4911994934082
ICAO,SNQG,-6.8463897705078125,-43.077301025390625
ICAO,SNRU,-8.282389640808105,-36.01350021362305
ICAO,SNSW,-0.6994310021400452,-48.520999908447266
ICAO,SNTF,-17.524499893188,-39.66849899292
ICAO,SNTO,-17.89229965209961,-41.51359939575195
ICAO,SNVB,-13.2965,-38.992401
ICAO,SNVS,-1.6365300416946411,-50.443599700927734
ICAO,SNZA,-22.289199829101562,-45.91910171508789
ICAO,SNZR,-17.242599487304688,-46.88309860229492
ICAO,SOCA,4.819809913639999,-52.360401153599994
ICAO,SOGS,4.285833,-54.373056
ICAO,SOOA,3.6575,-54.037201
ICAO,SOOG,3.89759993553,-51.8041000366
ICAO,SOOM,5.48306,-54.034401
ICAO,SOOS,3.61361,-53.204201
ICAO,SPAB,-5.256770133972168,-79.44290161132812
ICAO,SPAS,-2.79612994194,-76.46659851070001
ICAO,SPAT,-8.833330154418945,-74.68329620361328
ICAO,SPAY,-10.7291002274,-73.7665023804
ICAO,SPBC,-3.91686010361,-70.5082015991
ICAO,SPBR,-11.411600112915039,-69.48870086669922
ICAO,SPCH,-8.1829996109,-76.516998291
ICAO,SPCL,-8.37794017791748,-74.57430267333984
ICAO,SPEO,-9.149609565734863,-78.5238037109375
ICAO,SPEP,-9.7681303024292,-70.70649719238281
ICAO,SPEQ,-17.179000854492188,-70.93080139160156
ICAO,SPGM,-9.133000373840332,-75.94999694824219
ICAO,SPHI,-6.787479877471924,-79.8281021118164
ICAO,SPHO,-13.154800415039062,-74.20439910888672
ICAO,SPHY,-13.706399917602539,-73.35040283203125
ICAO,SPHZ,-9.347439765930176,-77.59839630126953
ICAO,SPIM,-12.0219,-77.114305
ICAO,SPJA,-6.067860126495361,-77.16000366210938
ICAO,SPJE,-5.59248,-78.774002
ICAO,SPJI,-7.169099807739258,-76.72859954833984
ICAO,SPJJ,-11.7831001282,-75.47339630130001
ICAO,SPJL,-15.467100143432617,-70.158203125
ICAO,SPJR,-7.1391801834106445,-78.4894027709961
ICAO,SPLO,-17.69499969482422,-71.34400177001953
ICAO,SPLP,-12.16069984436,-76.998901367188
ICAO,SPME,-3.55253005027771,-80.38140106201172
ICAO,SPMS,-5.893770217895508,-76.11820220947266
ICAO,SPNC,-9.878809928894043,-76.20480346679688
ICAO,SPOL,-11.92870044708252,-77.06109619140625
ICAO,SPPY,-6.201809883117676,-77.8561019897461
ICAO,SPQT,-3.7847399711608887,-73.30879974365234
ICAO,SPQU,-16.3411006927,-71.5830993652
ICAO,SPRM,-11.128600120544434,-75.35050201416016
ICAO,SPRU,-8.08141040802002,-79.10880279541016
ICAO,SPSO,-13.74489974975586,-76.22029876708984
ICAO,SPST,-6.508739948272705,-76.37319946289062
ICAO,SPTN,-18.053300857500002,-70.2758026123
ICAO,SPTU,-12.6135997772,-69.2285995483
ICAO,SPUR,-5.20574998856,-80.61640167239999
ICAO,SPYL,-4.5766401290894,-81.254096984863
ICAO,SPZA,-14.854000091600001,-74.9615020752
ICAO,SPZO,-13.535699844400002,-71.9387969971
ICAO,SSBL,-26.83060073852539,-49.090301513671875
ICAO,SSCK,-27.180599212646484,-52.05270004272461
ICAO,SSDO,-22.2019,-54.926601
ICAO,SSER,-27.66189956665039,-52.2682991027832
ICAO,SSFB,-26.059200286865234,-53.063499450683594
ICAO,SSHH,-25.604167938232422,-54.49361038208008
ICAO,SSHS,-25.613056182861328,-54.39805603027344
ICAO,SSJA,-27.1714000702,-51.5532989502
ICAO,SSKW,-11.496,-61.4508
ICAO,SSMT,-31.103599548339844,-50.910301208496094
ICAO,SSOE,-26.781600952148438,-53.503501892089844
ICAO,SSTL,-20.754199981689,-51.684200286865
ICAO,SSUM,-23.7987003326416,-53.31380081176758
ICAO,SSVV,-21.294443,-56.11861
ICAO,SSYT,-27.142499923706055,-53.68579864501953
ICAO,SSZR,-27.9067,-54.520401
ICAO,SSZW,-25.1847,-50.1441
ICAO,SUAA,-34.7892,-56.264702
ICAO,SUAG,-30.400699615478516,-56.50790023803711
ICAO,SUCA,-34.456401824951,-57.770599365234
ICAO,SUDU,-33.3588981628418,-56.49919891357422
ICAO,SULS,-34.855098724365234,-55.09429931640625
ICAO,SUMO,-32.33789825439453,-54.21670150756836
ICAO,SUMU,-34.838402,-56.0308
ICAO,SUPE,-34.9169998169,-54.916999816899995
ICAO,SUPU,-32.36330032348633,-58.0619010925293
ICAO,SURV,-30.974599838256836,-55.476200103759766
ICAO,SUSO,-31.438499450683594,-57.98529815673828
ICAO,SVAC,9.553375244140625,-69.23786926269531
ICAO,SVAN,9.430225372314453,-64.4707260131836
ICAO,SVAT,4.05104017258,-67.6996994019
ICAO,SVBC,10.111111,-64.692222
ICAO,SVBI,8.615,-70.21416667
ICAO,SVBL,10.183375358600001,-67.55731964110001
ICAO,SVBM,10.042746543884277,-69.3586196899414
ICAO,SVBS,10.249978065490723,-67.64942169189453
ICAO,SVCB,8.12216091156,-63.5369567871
ICAO,SVCD,7.625510215759277,-66.16280364990234
ICAO,SVCJ,9.647720336914062,-68.57469940185547
ICAO,SVCL,8.92465591430664,-67.4170913696289
ICAO,SVCN,6.231988906860352,-62.85443115234375
ICAO,SVCO,10.175602912902832,-70.06521606445312
ICAO,SVCP,10.660014152526855,-63.261680603027344
ICAO,SVCR,11.41494369506836,-69.68090057373047
ICAO,SVCS,10.286110877990723,-66.81610870361328
ICAO,SVCU,10.450332641601562,-64.1304702758789
ICAO,SVCZ,9.372650146484375,-66.92279815673828
ICAO,SVED,6.733333110809326,-61.58333206176758
ICAO,SVEZ,7.0833330154418945,-69.53333282470703
ICAO,SVFM,10.485033035299999,-66.8435134888
ICAO,SVFT,7.099999904632568,-69.58333587646484
ICAO,SVGD,7.233333110809326,-70.80000305175781
ICAO,SVGI,10.574077606200001,-62.3126678467
ICAO,SVGU,9.026944160461426,-69.7551498413086
ICAO,SVHG,10.462474,-66.092779
ICAO,SVIE,10.794432,-63.98159
ICAO,SVJC,11.78077507019043,-70.15149688720703
ICAO,SVJM,9.906952857971191,-67.379638671875
ICAO,SVLF,8.239167213439941,-72.27102661132812
ICAO,SVLO,11.80720043182373,-66.17960357666016
ICAO,SVMC,10.5582084656,-71.7278594971
ICAO,SVMD,8.582078,-71.161041
ICAO,SVMG,10.912603378295898,-63.96659851074219
ICAO,SVMI,10.601194,-66.991222
ICAO,SVMP,10.133169174194336,-66.78782653808594
ICAO,SVMT,9.75452995300293,-63.14739990234375
ICAO,SVPA,5.6199898719788,-67.606101989746
ICAO,SVPC,10.480500221252441,-68.072998046875
ICAO,SVPM,7.8013200759887695,-72.2029037475586
ICAO,SVPR,8.288530349731445,-62.760398864746094
ICAO,SVPT,7.566669940948486,-70.18329620361328
ICAO,SVRS,11.9499998093,-66.66999816890001
ICAO,SVSA,7.840829849243164,-72.439697265625
ICAO,SVSB,7.803514003753662,-71.16571807861328
ICAO,SVSE,4.554999828338623,-61.150001525878906
ICAO,SVSJ,8.916666984558105,-71.93333435058594
ICAO,SVSO,7.56538,-72.035103
ICAO,SVSP,10.2787,-68.755203
ICAO,SVSR,7.883319854736328,-67.44400024414062
ICAO,SVST,8.9451465606689,-64.151084899902
ICAO,SVSZ,8.974550247192383,-71.94325256347656
ICAO,SVTC,9.088994026184082,-62.094173431396484
ICAO,SVTM,7.24938,-61.52893
ICAO,SVVA,10.14973258972168,-67.92839813232422
ICAO,SVVG,8.624139,-71.672668
ICAO,SVVL,9.34047794342041,-70.58406066894531
ICAO,SVVP,9.22202777863,-65.9935836792
ICAO,SWBC,-0.981292,-62.919601
ICAO,SWBR,-4.4063401222229,-59.60240173339844
ICAO,SWCA,-4.871520042419434,-66.89749908447266
ICAO,SWCQ,-12.421099662780762,-64.25160217285156
ICAO,SWDM,-14.376899719238281,-56.40039825439453
ICAO,SWEI,-6.639530181884766,-69.87979888916016
ICAO,SWEK,-13.574443817138672,-52.27055740356445
ICAO,SWFE,-13.314443588256836,-56.11277770996094
ICAO,SWFN,-3.0727779865264893,-60.02111053466797
ICAO,SWFX,-11.632399559020996,-50.68960189819336
ICAO,SWGI,-11.73960018157959,-49.132198333740234
ICAO,SWGN,-7.22787,-48.240501
ICAO,SWHP,-14.019444,-52.152222
ICAO,SWHT,-7.532120227810001,-63.072101593
ICAO,SWJI,-10.870800018299999,-61.8465003967
ICAO,SWJN,-11.419444,-58.701668
ICAO,SWJU,-10.305832862854004,-58.489444732666016
ICAO,SWKC,-16.04360008239746,-57.62990188598633
ICAO,SWKO,-4.134059906005859,-63.132598876953125
ICAO,SWKQ,-9.082778,-42.644444
ICAO,SWLB,-7.278969764709473,-64.76950073242188
ICAO,SWLC,-17.8347225189209,-50.956111907958984
ICAO,SWMK,0.6282690167427063,-66.11509704589844
ICAO,SWMW,-3.37217,-57.7248
ICAO,SWNA,-5.118030071258545,-60.364898681640625
ICAO,SWOB,-2.5326099395800004,-66.0831985474
ICAO,SWPI,-2.6730198860168457,-56.777198791503906
ICAO,SWPL,-12.198332786560059,-53.38166809082031
ICAO,SWPM,-11.641599655151367,-61.179100036621094
ICAO,SWPY,-15.565555572509766,-54.33777618408203
ICAO,SWQT,-9.8644437789917,-58.229167938232
ICAO,SWRD,-16.586,-54.7248
ICAO,SWRP,-10.188278,-59.457273
ICAO,SWSI,-11.885000228881836,-55.58610916137695
ICAO,SWST,-10.4647216796875,-50.518611907958984
ICAO,SWTP,-0.3786,-64.9923
ICAO,SWTS,-14.661999702500001,-57.4435005188
ICAO,SWUY,-4.88422012329,-65.3554000854
ICAO,SWVB,-14.9942,-59.9458
ICAO,SWVC,-9.979443550109863,-51.1422233581543
ICAO,SWVJ,-13.663888931274414,-56.002220153808594
ICAO,SWYN,-7.17287015914917,-59.839599609375
ICAO,SYAN,3.959439992904663,-59.12419891357422
ICAO,SYAP,4.013879776000977,-58.60499954223633
ICAO,SYBT,6.358864,-58.655207
ICAO,SYCJ,6.498549938201904,-58.25410079956055
ICAO,SYGO,6.80628,-58.1059
ICAO,SYIB,5.7081098556518555,-60.2942008972168
ICAO,SYKM,5.865340232849121,-60.614200592041016
ICAO,SYLD,5.96592,-58.270302
ICAO,SYLT,3.37276,-59.789398
ICAO,SYMB,8.199999809265137,-59.78329849243164
ICAO,SYMD,5.277490139007568,-59.151100158691406
ICAO,SYOR,4.725269794464111,-60.03499984741211
ICAO,TAPA,17.1367,-61.792702
ICAO,TAPH,17.635799,-61.828602
ICAO,TBPB,13.0746002197,-59.4925003052
ICAO,TDCF,15.336700439453125,-61.3922004699707
ICAO,TDPD,15.547,-61.299999
ICAO,TFFA,16.296902,-61.0844
ICAO,TFFB,16.0132999420166,-61.7421989440918
ICAO,TFFC,16.25779914855957,-61.26250076293945
ICAO,TFFF,14.590999603271484,-61.00320053100586
ICAO,TFFG,18.099899291992,-63.047199249268
ICAO,TFFJ,17.904399871826172,-62.84360122680664
ICAO,TFFM,15.86870002746582,-61.27000045776367
ICAO,TFFR,16.265301,-61.531799
ICAO,TFFS,15.86439991,-61.5806007385
ICAO,TGPY,12.004199981689453,-61.78620147705078
ICAO,TIST,18.337299346923828,-64.97339630126953
ICAO,TISX,17.701900482177734,-64.79859924316406
ICAO,TJAB,18.4500007629,-66.6753005981
ICAO,TJBQ,18.49489974975586,-67.12940216064453
ICAO,TJCG,18.115800857500002,-65.4226989746
ICAO,TJCP,18.313289,-65.304324
ICAO,TJFA,18.308900833129883,-65.66190338134766
ICAO,TJIG,18.45680046081543,-66.09809875488281
ICAO,TJMZ,18.255699157714844,-67.14849853515625
ICAO,TJPS,18.00830078125,-66.56300354003906
ICAO,TJRV,18.245300293,-65.6434020996
ICAO,TJSJ,18.4393997192,-66.0018005371
ICAO,TKPK,17.311199188232422,-62.71870040893555
ICAO,TKPN,17.205699920654297,-62.589900970458984
ICAO,TLPC,14.0202,-60.992901
ICAO,TLPL,13.7332,-60.952599
ICAO,TNCA,12.5014,-70.015198
ICAO,TNCB,12.130999565124512,-68.26850128173828
ICAO,TNCC,12.1889,-68.959801
ICAO,TNCE,17.49650001525879,-62.979400634765625
ICAO,TNCM,18.041000366200002,-63.1088981628
ICAO,TNCS,17.645000457763672,-63.220001220703125
ICAO,TQPF,18.2048,-63.055099
ICAO,TRPG,16.791400909423828,-62.19329833984375
ICAO,TTCP,11.149700164794922,-60.83219909667969
ICAO,TTPP,10.595399856567383,-61.33720016479492
ICAO,TUPA,18.72719955444336,-64.32969665527344
ICAO,TUPJ,18.444799423217773,-64.54299926757812
ICAO,TUPW,18.446399688720703,-64.42749786376953
ICAO,TVSA,13.156695,-61.149945
ICAO,TVSB,12.9884004593,-61.2620010376
ICAO,TVSC,12.699,-61.3424
ICAO,TVSM,12.887900352478027,-61.180198669433594
ICAO,TVSU,12.60013484954834,-61.41194534301758
ICAO,TXKF,32.36399841308594,-64.67870330810547
ICAO,UA30,40.042899,70.83784
ICAO,UAAA,43.35210037231445,77.04049682617188
ICAO,UAAH,46.8932991027832,75.00499725341797
ICAO,UAAT,42.88958,73.602004
ICAO,UACC,51.02220153808594,71.46690368652344
ICAO,UACK,53.329102,69.594597
ICAO,UACP,54.77470016479492,69.18389892578125
ICAO,UADD,42.853599548339844,71.30359649658203
ICAO,UAFE,41.484500885,71.7337036133
ICAO,UAFJ,40.944401,72.977798
ICAO,UAFL,42.58792,76.713046
ICAO,UAFM,43.0612983704,74.4776000977
ICAO,UAFN,41.44150161739999,76.13059997559999
ICAO,UAFO,40.6090011597,72.793296814
ICAO,UAFW,42.85319900512695,74.84649658203125
ICAO,UAFZ,41.4102908129,74.044418335
ICAO,UAII,42.364200592041016,69.47889709472656
ICAO,UAKD,47.708302,67.733299
ICAO,UAKK,49.670799255371094,73.33439636230469
ICAO,UAOL,45.621994,63.210773
ICAO,UAON,46.05500030517578,63.25
ICAO,UAOO,44.706902,65.592499
ICAO,UARR,51.15079879760742,51.54309844970703
ICAO,UASA,47.91859817504883,80.45279693603516
ICAO,UASB,51.590999603271484,75.21499633789062
ICAO,UASK,50.036598205566406,82.49420166015625
ICAO,UASP,52.19499969482422,77.07389831542969
ICAO,UASS,50.351295,80.234398
ICAO,UASU,47.09115,81.66521
ICAO,UATE,43.8601,51.091999
ICAO,UATG,47.12189865112305,51.8213996887207
ICAO,UATR,47.904998779296875,59.619998931884766
ICAO,UATT,50.2458,57.206699
ICAO,UAUR,50.318599700927734,66.95279693603516
ICAO,UAUU,53.20690155029297,63.55030059814453
ICAO,UB13,39.90140151977539,46.7869987487793
ICAO,UBBB,40.467498779296875,50.04669952392578
ICAO,UBBG,40.737701416015625,46.31760025024414
ICAO,UBBL,38.746398925799994,48.8180007935
ICAO,UBBN,39.18880081176758,45.45840072631836
ICAO,UBBQ,40.826667,47.7125
ICAO,UBBY,41.562222,46.667221
ICAO,UBTT,40.4955422161,49.9768066406
ICAO,UDLS,41.048500061,44.337200164799995
ICAO,UDSG,40.7504005432,43.859298706100006
ICAO,UDYE,40.122100830099996,44.465000152600005
ICAO,UDYZ,40.1473007202,44.3959007263
ICAO,UEBB,67.648002624512,134.69500732422
ICAO,UEBS,67.792,130.394
ICAO,UEBT,70.011001586914,135.64500427246
ICAO,UECT,59.876389,111.044444
ICAO,UEEA,58.60279846191406,125.40899658203125
ICAO,UEEE,62.093299865722656,129.77099609375
ICAO,UELL,56.913898468018,124.91400146484
ICAO,UEMA,66.450861,143.261551
ICAO,UEMH,62.7890014648,136.854995728
ICAO,UEMM,62.103484,129.545288
ICAO,UEMO,60.397499,120.471001
ICAO,UEMT,64.550003051758,143.11500549316
ICAO,UEMU,60.356998443604,134.43499755859
ICAO,UENI,63.458057403564,120.26916503906
ICAO,UENK,63.8849983215332,122.7770004272461
ICAO,UENN,63.294998,118.336998
ICAO,UENS,62.185001373291,117.63500213623
ICAO,UENW,63.75666809082,121.69333648682
ICAO,UERA,65.959197998047,111.54650115967
ICAO,UERL,60.7206001282,114.825996399
ICAO,UERO,68.514999,112.480003
ICAO,UERP,66.4003982544,112.029998779
ICAO,UERR,62.534698486328125,114.03900146484375
ICAO,UERS,71.92790222168,114.08000183105
ICAO,UERT,59.458,112.563004
ICAO,UESG,68.556602,146.231506
ICAO,UESK,67.4805,153.7364
ICAO,UESO,70.62310028076172,147.90199279785156
ICAO,UESS,68.7406005859375,161.33799743652344
ICAO,UEST,71.697700500488,128.90299987793
ICAO,UESU,65.7485,150.8889
ICAO,UGEJ,39.8240013123,45.673999786399996
ICAO,UGKO,42.176700592,42.4826011658
ICAO,UGMS,43.053597,42.749012
ICAO,UGSB,41.6102981567,41.5997009277
ICAO,UGSS,42.8582000732,41.128101348899996
ICAO,UGTB,41.6692008972,44.95470047
ICAO,UHBB,50.42539978027344,127.41200256347656
ICAO,UHHH,48.52799987793,135.18800354004
ICAO,UHHT,48.525001525878906,135.1529998779297
ICAO,UHKD,50.60559844970703,137.08099365234375
ICAO,UHKG,49.23570251464844,140.19309997558594
ICAO,UHKK,50.409000396728516,136.9340057373047
ICAO,UHKM,48.926998138399995,140.033996582
ICAO,UHMA,64.734902,177.740997
ICAO,UHMD,64.37809753417969,-173.2429962158203
ICAO,UHMF,62.457000732421875,155.7449951171875
ICAO,UHMG,61.834999084472656,160.54800415039062
ICAO,UHMH,62.766666412353516,148.14666748046875
ICAO,UHMI,68.86830139160156,-179.3730010986328
ICAO,UHMK,67.8450012207,166.13999939
ICAO,UHML,65.58000183105469,-170.99667358398438
ICAO,UHMM,59.9109992980957,150.72000122070312
ICAO,UHMO,64.667,170.417007
ICAO,UHMP,69.783302307129,170.59700012207
ICAO,UHMS,62.920780181884766,152.4227752685547
ICAO,UHMT,59.62329864501953,150.9219970703125
ICAO,UHMW,61.92166519165039,159.22999572753906
ICAO,UHNB,52.38,140.448
ICAO,UHNN,53.154999,140.649994
ICAO,UHOO,59.410064697265625,143.05650329589844
ICAO,UHPK,56.23860168457031,162.68800354003906
ICAO,UHPL,59.08169937133789,159.88800048828125
ICAO,UHPO,56.09000015258789,159.8766632080078
ICAO,UHPP,53.16790008544922,158.45399475097656
ICAO,UHPT,60.3828010559082,166.0260009765625
ICAO,UHPX,55.1783332824707,166.04833984375
ICAO,UHSK,49.1903,142.082993
ICAO,UHSM,43.9584007263,145.682998657
ICAO,UHSN,51.780102,143.139008
ICAO,UHSS,46.88869857788086,142.71800231933594
ICAO,UHWK,44.2726,135.029
ICAO,UHWW,43.39899826049805,132.1479949951172
ICAO,UIAA,52.026299,113.306
ICAO,UIAE,50.03310775756836,118.06114196777344
ICAO,UIAR,56.913333892822266,118.2699966430664
ICAO,UIBB,56.370601654052734,101.697998046875
ICAO,UIBS,58.13610076904297,102.56500244140625
ICAO,UIBV,56.487701416015625,104.10600280761719
ICAO,UIIB,52.915000915527344,103.57499694824219
ICAO,UIII,52.268001556396,104.38899993896
ICAO,UIIR,52.36830139160156,104.18299865722656
ICAO,UIKB,57.866100311299995,114.242996216
ICAO,UIKE,61.2750015259,108.029998779
ICAO,UIKK,57.773,108.064
ICAO,UIKM,58.313331604003906,112.88999938964844
ICAO,UITT,56.8567008972168,105.7300033569336
ICAO,UIUB,54.36920166015625,113.47899627685547
ICAO,UIUN,55.80080032348633,109.59500122070312
ICAO,UIUU,51.80780029296875,107.43800354003906
ICAO,UJAP,8.92805957794,165.761993408
ICAO,UKBB,50.345001220703125,30.894699096679688
ICAO,UKCC,48.07360076904297,37.73970031738281
ICAO,UKCK,48.70560073852539,37.62889862060547
ICAO,UKCM,47.07609939575195,37.44960021972656
ICAO,UKCW,48.4174003601,39.3740997314
ICAO,UKDB,46.814998626708984,36.75809860229492
ICAO,UKDD,48.357200622558594,35.10060119628906
ICAO,UKDE,47.867000579833984,35.31570053100586
ICAO,UKDM,46.880001,35.305
ICAO,UKDR,48.04330062866211,33.209999084472656
ICAO,UKFB,44.688999176,33.570999145500004
ICAO,UKFF,45.05220031738281,33.975101470947266
ICAO,UKFG,45.1150016784668,33.97700119018555
ICAO,UKFI,45.09299850463867,33.595001220703125
ICAO,UKFK,45.372501373291016,36.40140151977539
ICAO,UKFY,45.70090103149414,34.41889953613281
ICAO,UKHH,49.924800872802734,36.290000915527344
ICAO,UKHP,49.568599700927734,34.39720153808594
ICAO,UKKE,49.41559982299805,31.99530029296875
ICAO,UKKG,48.54280090332031,32.28499984741211
ICAO,UKKH,49.79059982299805,30.4414005279541
ICAO,UKKK,50.40194,30.45194
ICAO,UKKM,50.60350036621094,30.1919002532959
ICAO,UKKO,50.158298,28.7383
ICAO,UKKV,50.270556,28.738611
ICAO,UKLC,50.678404,25.487165
ICAO,UKLH,49.359699,26.933399
ICAO,UKLI,48.88420104980469,24.686100006103516
ICAO,UKLL,49.8125,23.956100463867188
ICAO,UKLN,48.259300231933594,25.98080062866211
ICAO,UKLR,50.60710144042969,26.141599655151367
ICAO,UKLT,49.5242,25.7001
ICAO,UKLU,48.634300231933594,22.263399124145508
ICAO,UKOE,46.57851,30.703053
ICAO,UKOH,46.6758,32.506401
ICAO,UKON,47.057899475097656,31.9197998046875
ICAO,UKOO,46.42679977416992,30.67650032043457
ICAO,UKRR,51.4021987915,31.1583003998
ICAO,UKWW,49.242531,28.613778
ICAO,ULAA,64.60030364990234,40.71670150756836
ICAO,ULAE,65.87833404541016,44.21500015258789
ICAO,ULAH,64.44170379639999,40.421699523899996
ICAO,ULAK,69.03166961669922,33.418331146240234
ICAO,ULAL,64.8960037231,45.7229995728
ICAO,ULAM,67.63999938964844,53.12189865112305
ICAO,ULAS,65.0299987793,35.7333335876
ICAO,ULAT,64.7900009155,38.4199981689
ICAO,ULBC,59.273601532,38.015800476100004
ICAO,ULDA,71.61669921880001,52.4782981873
ICAO,ULDD,69.76329803466797,61.556400299072266
ICAO,ULKK,61.235801696777344,46.6974983215332
ICAO,ULLI,59.80030059814453,30.262500762939453
ICAO,ULLK,58.625,31.385000228881836
ICAO,ULLP,59.685001,30.338301
ICAO,ULLS,59.3567008972168,30.036699295043945
ICAO,ULMK,67.46330261230469,33.58829879760742
ICAO,ULMM,68.78170013427734,32.75080108642578
ICAO,ULNR,57.961399,31.384399
ICAO,ULOL,56.381099700927734,30.60810089111328
ICAO,ULOO,57.78390121459961,28.395599365234375
ICAO,ULPB,61.88520050048828,34.154701232910156
ICAO,ULPM,64.61799621579999,30.687000274699997
ICAO,ULPP,61.83194351196289,34.295555114746094
ICAO,ULPW,61.73609924316406,30.673599243164062
ICAO,ULWU,60.788299560546875,46.2599983215332
ICAO,ULWW,59.282501220703125,39.944400787353516
ICAO,UMBB,52.108299,23.8981
ICAO,UMGG,52.527000427246094,31.016700744628906
ICAO,UMII,55.126499176025,30.349599838257
ICAO,UMKK,54.88999938964844,20.592599868774414
ICAO,UMMA,53.099998474121094,26.049999237060547
ICAO,UMMB,53.9604611,27.6505961
ICAO,UMMG,53.60200119018555,24.053800582885742
ICAO,UMMI,53.913545,27.708775
ICAO,UMMM,53.864498138427734,27.53969955444336
ICAO,UMMO,52.5569992065,24.884000778199997
ICAO,UMMS,53.882499694824,28.030700683594
ICAO,UMNB,53.105,29.205
ICAO,UMOO,53.954898834228516,30.09510040283203
ICAO,UNAA,53.7400016784668,91.38500213623047
ICAO,UNAU,53.3849983215332,92.04499816894531
ICAO,UNBB,53.363800048828125,83.53849792480469
ICAO,UNBG,51.9667015076,85.8332977295
ICAO,UNBI,52.47999954223633,85.33999633789062
ICAO,UNCC,55.09170150756836,82.90670013427734
ICAO,UNEE,55.27009963989258,86.1072006225586
ICAO,UNIB,61.676700592041016,96.3550033569336
ICAO,UNII,58.47420120239258,92.11250305175781
ICAO,UNIP,61.589699,89.994003
ICAO,UNIS,60.37329864501953,93.01170349121094
ICAO,UNIT,64.333511352539,100.4328918457
ICAO,UNIW,60.35969924926758,102.3239974975586
ICAO,UNKI,58.479400634765625,99.09390258789062
ICAO,UNKL,56.172901,92.493301
ICAO,UNKM,56.176998138399995,92.5400009155
ICAO,UNKO,55.454914093,89.1738815308
ICAO,UNKS,56.2682991027832,90.57080078125
ICAO,UNKY,51.66939926147461,94.40059661865234
ICAO,UNLL,58.32529830932617,82.93250274658203
ICAO,UNNE,55.09239959716797,83.00450134277344
ICAO,UNNT,55.012599945068,82.650703430176
ICAO,UNOO,54.96699905395508,73.31050109863281
ICAO,UNOS,54.9749984741,73.5550003052
ICAO,UNSS,60.709400177,77.66000366210001
ICAO,UNTT,56.380298614502,85.208297729492
ICAO,UNWW,53.811401,86.877197
ICAO,UODD,73.51780700683594,80.37966918945312
ICAO,UODN,80.803207,47.663586
ICAO,UOHH,71.97810363769531,102.49099731445312
ICAO,UOIG,66.83999633789062,88.40333557128906
ICAO,UOII,67.43720245361328,86.62190246582031
ICAO,UOOO,69.31109619140625,87.33219909667969
ICAO,UOOW,69.39690399169922,88.35368347167969
ICAO,UOTT,65.797203064,87.9353027344
ICAO,URKA,45.002101898193,37.347301483154
ICAO,URKE,46.68,38.21
ICAO,URKG,44.5820926295,38.0124807358
ICAO,URKH,44.68,40.035
ICAO,URKK,45.034698486328,39.170501708984
ICAO,URMG,43.298099517822266,45.78409957885742
ICAO,URML,42.81679916381836,47.65230178833008
ICAO,URMM,44.225101470947266,43.08190155029297
ICAO,URMN,43.512901306152344,43.636600494384766
ICAO,URMO,43.2051010132,44.6066017151
ICAO,URMS,43.322299957300004,45.0125999451
ICAO,URMT,45.10919952392578,42.11280059814453
ICAO,UROD,69.375,86.15666961669922
ICAO,URRP,47.493888,39.924722
ICAO,URRT,47.1983333,38.8491667
ICAO,URRY,47.682098388671875,42.07279968261719
ICAO,URSS,43.449902,39.9566
ICAO,URWA,46.2832984924,48.0063018799
ICAO,URWI,46.3739013671875,44.33089828491211
ICAO,URWW,48.782501220703125,44.34550094604492
ICAO,USCC,55.305801,61.5033
ICAO,USCM,53.39310073852539,58.755699157714844
ICAO,USDA,71.219167,72.052222
ICAO,USDD,66.5907974243164,66.61100006103516
ICAO,USDS,64.9308013916,77.81809997559999
ICAO,USHB,63.92100143432617,65.03050231933594
ICAO,USHH,61.028499603271484,69.08609771728516
ICAO,USHN,62.110001,65.614998
ICAO,USHS,61.326622009277344,63.60191345214844
ICAO,USHU,60.10329818725586,64.82669830322266
ICAO,USHY,63.686901,66.698601
ICAO,USII,56.82809829711914,53.45750045776367
ICAO,USKK,58.503299713135,49.348300933838
ICAO,USMM,65.48090362548828,72.69889831542969
ICAO,USMQ,67.986664,75.099998
ICAO,USMU,66.06939697265625,76.52030181884766
ICAO,USNN,60.94929885864258,76.48359680175781
ICAO,USNR,62.1585998535,77.32890319820001
ICAO,USPP,57.914501190186,56.021198272705
ICAO,USPT,59.57954788208008,56.85768127441406
ICAO,USRK,62.190399169921875,74.53379821777344
ICAO,USRN,61.108299255371094,72.6500015258789
ICAO,USRO,63.18330001831055,75.2699966430664
ICAO,USRR,61.34370040893555,73.40180206298828
ICAO,USSK,56.701698303222656,60.790000915527344
ICAO,USSS,56.743099212646,60.802700042725
ICAO,USTR,57.189601898199996,65.3243026733
ICAO,USUU,55.47529983520508,65.41560363769531
ICAO,UT25,37.016700744599994,-110.200996399
ICAO,UTAA,37.986801,58.361
ICAO,UTAK,40.063301,53.007198
ICAO,UTAM,37.6194,61.896702
ICAO,UTAT,41.761101,59.826698
ICAO,UTAV,39.08330154418945,63.61330032348633
ICAO,UTDD,38.543300628699996,68.8249969482
ICAO,UTDK,37.98809814453125,69.80500030517578
ICAO,UTDL,40.21540069580078,69.6947021484375
ICAO,UTDT,37.86640167236328,68.86470031738281
ICAO,UTKA,40.7276992798,72.2939987183
ICAO,UTKF,40.358798980699994,71.7450027466
ICAO,UTKN,40.9846000671,71.5567016602
ICAO,UTNN,42.488399505615234,59.62329864501953
ICAO,UTNU,41.58430099487305,60.641700744628906
ICAO,UTSA,40.1171989440918,65.1707992553711
ICAO,UTSB,39.775001525878906,64.4832992553711
ICAO,UTSL,38.8335990906,65.9215011597
ICAO,UTSN,41.61389923095703,64.23320007324219
ICAO,UTSS,39.70050048828125,66.98380279541016
ICAO,UTST,37.28670120239258,67.30999755859375
ICAO,UTTP,41.31269836425781,69.39140319824219
ICAO,UTTT,41.257900238,69.2811965942
ICAO,UUBA,57.7969017029,41.019401550299996
ICAO,UUBB,55.6171989441,38.0600013733
ICAO,UUBC,54.5499992371,36.3666687012
ICAO,UUBD,54.64469909667969,39.57040023803711
ICAO,UUBI,56.93939971923828,40.940799713134766
ICAO,UUBK,58.10419845581055,38.92940139770508
ICAO,UUBL,56.12670135498047,40.314998626708984
ICAO,UUBM,55.5600013733,37.9850006104
ICAO,UUBP,53.214199,34.176399
ICAO,UUBW,55.553299,38.150002
ICAO,UUDD,55.40879821777344,37.90629959106445
ICAO,UUDG,54.785,37.645
ICAO,UUDL,57.560699462890625,40.15739822387695
ICAO,UUEE,55.972599,37.4146
ICAO,UUEM,56.82469940185547,35.7577018737793
ICAO,UUMB,55.611695,36.650002
ICAO,UUMO,55.511667,37.507222
ICAO,UUMT,54.904998779299994,39.02666854859999
ICAO,UUMU,55.8783,38.061699
ICAO,UUOB,50.643798828125,36.5900993347168
ICAO,UUOK,51.7505989074707,36.29560089111328
ICAO,UUOL,52.70280075073242,39.53779983520508
ICAO,UUOO,51.81420135498047,39.22959899902344
ICAO,UUOR,52.934700012200004,36.0022010803
ICAO,UUOS,51.32921600341797,37.76884841918945
ICAO,UUOT,52.806098937988,41.482799530029
ICAO,UUWE,55.2283325195,36.6083335876
ICAO,UUWW,55.5914993286,37.2615013123
ICAO,UUYH,63.566898345947266,53.8046989440918
ICAO,UUYI,66.0548324584961,60.110321044921875
ICAO,UUYK,63.823299407958984,57.279998779296875
ICAO,UUYP,65.12110137939453,57.13079833984375
ICAO,UUYS,66.00469970703125,57.3671989440918
ICAO,UUYV,65.03170013427734,53.970001220703125
ICAO,UUYW,67.48860168457031,63.993099212646484
ICAO,UUYX,65.43729400630001,52.20033645629999
ICAO,UUYY,61.64699935913086,50.84510040283203
ICAO,UWGG,56.230098724365,43.784000396729
ICAO,UWKB,54.63999938964844,52.801700592041016
ICAO,UWKD,55.606201171875,49.278701782227
ICAO,UWKE,55.564701080322266,52.092498779296875
ICAO,UWKG,55.86669921875,49.13330078125
ICAO,UWKJ,56.700599670410156,47.904701232910156
ICAO,UWKS,56.090301513671875,47.3473014831543
ICAO,UWKV,66.7965011597,123.361000061
ICAO,UWLL,54.26829910279999,48.226699829100006
ICAO,UWLW,54.4010009765625,48.80270004272461
ICAO,UWOD,51.5,59.936111
ICAO,UWOH,52.078333,59.683333
ICAO,UWOO,51.795799255371094,55.45669937133789
ICAO,UWOR,51.0724983215332,58.59560012817383
ICAO,UWPP,53.110599517822266,45.02109909057617
ICAO,UWPS,54.12512969970703,45.212257385253906
ICAO,UWSB,51.8582992554,47.7456016541
ICAO,UWSS,51.564998626708984,46.04669952392578
ICAO,UWUM,54.83000183105469,56.16830062866211
ICAO,UWUU,54.557498931885,55.874401092529
ICAO,UWWB,53.71839904789999,52.3718986511
ICAO,UWWG,53.220001220703125,50.32500076293945
ICAO,UWWW,53.504901885986,50.16429901123
ICAO,VA1P,20.71310043334961,70.92109680175781
ICAO,VAAH,23.0771999359,72.63469696039999
ICAO,VAAK,20.698999,77.058601
ICAO,VAAU,19.862699508666992,75.39810180664062
ICAO,VABB,19.0886993408,72.8678970337
ICAO,VABI,21.9884,82.111
ICAO,VABJ,23.2877998352,69.6701965332
ICAO,VABM,15.859299659700001,74.6183013916
ICAO,VABO,22.336201,73.226303
ICAO,VABP,23.2875003815,77.3374023438
ICAO,VABV,21.752199173,72.1852035522
ICAO,VADN,20.43440055847168,72.84320068359375
ICAO,VADS,24.267900466918945,72.20439910888672
ICAO,VAGN,24.654699,77.347298
ICAO,VAGO,15.3808002472,73.8313980103
ICAO,VAHB,15.361700058,75.08489990230001
ICAO,VAID,22.7217998505,75.8011016846
ICAO,VAJB,23.177799224853516,80.052001953125
ICAO,VAJM,22.465499877929688,70.01260375976562
ICAO,VAKE,23.1127,70.100304
ICAO,VAKJ,24.817199707,79.91860198970001
ICAO,VAKP,16.6646995544,74.2893981934
ICAO,VAKS,21.317100524902344,70.27040100097656
ICAO,VAND,19.1833000183,77.31670379639999
ICAO,VANP,21.092199325561523,79.04720306396484
ICAO,VAOZ,20.119101,73.912903
ICAO,VAPO,18.58209991455078,73.9197006225586
ICAO,VAPR,21.6487007141,69.65720367429999
ICAO,VARG,17.013599,73.327797
ICAO,VARK,22.3092002869,70.77950286869999
ICAO,VARP,21.180401,81.7388
ICAO,VASD,19.688611,74.378889
ICAO,VASL,17.6280002594,75.93479919430001
ICAO,VASU,21.1140995026,72.7417984009
ICAO,VAUD,24.617700576799997,73.89610290530001
ICAO,VCBI,7.180759906768799,79.88410186767578
ICAO,VCCA,8.30148983002,80.42790222170001
ICAO,VCCB,7.70576,81.678802
ICAO,VCCC,6.821990013122559,79.88619995117188
ICAO,VCCG,7.33776,81.62594
ICAO,VCCH,8.04981,80.9814
ICAO,VCCJ,9.792329788208008,80.07009887695312
ICAO,VCCK,5.993680000305176,80.32029724121094
ICAO,VCCS,7.956669807430001,80.7285003662
ICAO,VCCT,8.5385103225708,81.18190002441406
ICAO,VCCW,6.25448989868,81.23519897460001
ICAO,VCRI,6.284467,81.124128
ICAO,VDBG,13.095600128173828,103.2239990234375
ICAO,VDKH,12.255200386,104.564002991
ICAO,VDKT,12.48799991607666,106.05500030517578
ICAO,VDPP,11.546600341796875,104.84400177001953
ICAO,VDRK,13.729999542236328,106.98699951171875
ICAO,VDSR,13.410699844400002,103.81300354
ICAO,VDST,13.531900405883789,106.01499938964844
ICAO,VDSV,10.57970047,103.637001038
ICAO,VEAN,28.17530059814453,94.802001953125
ICAO,VEAT,23.8869991302,91.24040222170001
ICAO,VEBD,26.68120002746582,88.32859802246094
ICAO,VEBI,25.70359992980957,91.97869873046875
ICAO,VEBK,23.64349937438965,86.1489028930664
ICAO,VEBS,20.244400024399997,85.8178024292
ICAO,VECC,22.654699325561523,88.44670104980469
ICAO,VECO,26.330499649,89.4672012329
ICAO,VEDB,23.833999633789062,86.42530059814453
ICAO,VEDG,23.6225,87.243
ICAO,VEGK,26.739700317399997,83.4496994019
ICAO,VEGT,26.10610008239746,91.58589935302734
ICAO,VEGY,24.744300842285156,84.95120239257812
ICAO,VEHK,21.5802001953125,84.00569915771484
ICAO,VEIM,24.7600002289,93.896697998
ICAO,VEJH,21.91349983215332,84.05039978027344
ICAO,VEJP,18.8799991607666,82.552001953125
ICAO,VEJS,22.8132,86.1688
ICAO,VEJT,26.7315006256,94.1754989624
ICAO,VEKR,24.30820083618164,92.0072021484375
ICAO,VEKU,24.9129009247,92.97869873050001
ICAO,VELP,23.840599060099997,92.6196975708
ICAO,VELR,27.295499801635742,94.09760284423828
ICAO,VEMN,27.4839000702,95.0168991089
ICAO,VEMR,25.883899688699998,93.77110290530001
ICAO,VEMZ,26.11910057067871,85.3136978149414
ICAO,VENP,20.8700008392334,82.51959991455078
ICAO,VEPG,28.066099166870117,95.33560180664062
ICAO,VEPH,23.474300384499998,87.4274978638
ICAO,VEPT,25.591299057,85.0879974365
ICAO,VEPU,25.759599685668945,87.41000366210938
ICAO,VERC,23.314300537100003,85.3217010498
ICAO,VERK,22.256701,84.814598
ICAO,VETJ,27.9412002563,96.1343994141
ICAO,VETZ,26.7091007232666,92.78469848632812
ICAO,VEUK,20.097400665283203,83.18379974365234
ICAO,VEVZ,17.721200943,83.2245025635
ICAO,VEZO,27.588301,93.828102
ICAO,VGBR,22.801000595092773,90.30120086669922
ICAO,VGCB,21.452199935913086,91.96389770507812
ICAO,VGEG,22.24959945678711,91.81330108642578
ICAO,VGIS,24.15250015258789,89.04940032958984
ICAO,VGJR,23.183799743652344,89.16079711914062
ICAO,VGRJ,24.43720054626465,88.61650085449219
ICAO,VGSD,25.759199142456055,88.90889739990234
ICAO,VGSY,24.963199615478516,91.8667984008789
ICAO,VGTJ,23.778799057006836,90.38269805908203
ICAO,VGZR,23.843347,90.397783
ICAO,VHHH,22.308901,113.915001
ICAO,VHSK,22.436599731445312,114.08000183105469
ICAO,VHST,22.2893714905,114.152153015
ICAO,VI22,18.338600158691406,-64.9406967163086
ICAO,VI73,27.20829963684082,73.7114028930664
ICAO,VIAG,27.155799865722656,77.96089935302734
ICAO,VIAL,25.440099716186523,81.73390197753906
ICAO,VIAM,30.368099212646484,76.81670379638672
ICAO,VIAR,31.7096004486,74.7973022461
ICAO,VIAX,31.4338,75.758797
ICAO,VIBK,28.070600509643555,73.20719909667969
ICAO,VIBL,26.988300323486328,80.89309692382812
ICAO,VIBN,25.4524002075,82.8592987061
ICAO,VIBR,31.876699447631836,77.15440368652344
ICAO,VIBT,30.270099639892578,74.75579833984375
ICAO,VIBW,28.836999893188477,76.1791000366211
ICAO,VIBY,28.4221000671,79.45079803470001
ICAO,VICG,30.673500061035156,76.78849792480469
ICAO,VICX,26.404301,80.410103
ICAO,VIDD,28.58449935913086,77.20580291748047
ICAO,VIDN,30.189699,78.180298
ICAO,VIDP,28.5665,77.103104
ICAO,VIGG,32.16510009765625,76.26339721679688
ICAO,VIGR,26.29330062866211,78.22779846191406
ICAO,VIHR,29.179399490356445,75.75530242919922
ICAO,VIJN,25.491199493408203,78.55840301513672
ICAO,VIJO,26.251100540161133,73.04889678955078
ICAO,VIJP,26.8242,75.812202
ICAO,VIJR,26.888700485229492,70.86499786376953
ICAO,VIJU,32.6890983582,74.8374023438
ICAO,VIKA,26.441401,80.364899
ICAO,VIKG,26.601473,74.814147
ICAO,VIKO,25.160200119,75.84559631350001
ICAO,VILD,30.854700088500977,75.95259857177734
ICAO,VILH,34.1358985901,77.5465011597
ICAO,VILK,26.7605991364,80.8892974854
ICAO,VIPK,32.233611,75.634444
ICAO,VIPL,30.314800262451172,76.364501953125
ICAO,VIPT,29.03339958190918,79.47370147705078
ICAO,VIRB,26.24850082397461,81.38050079345703
ICAO,VISA,29.56060028076172,75.006103515625
ICAO,VISM,31.0818,77.068001
ICAO,VISP,29.993900299072266,77.42530059814453
ICAO,VISR,33.987098693847656,74.77420043945312
ICAO,VIST,24.5623,80.854897
ICAO,VIUX,32.902198791503906,75.15619659423828
ICAO,VLAP,14.814715357,106.821699142
ICAO,VLFL,21.6475,101.9
ICAO,VLHS,20.2572994232,100.43699646
ICAO,VLLB,19.897300720214844,102.16100311279297
ICAO,VLLN,20.966999,101.400002
ICAO,VLOS,20.68269920349121,101.99400329589844
ICAO,VLPS,15.132100105285645,105.78099822998047
ICAO,VLPV,19.45490074157715,103.21800231933594
ICAO,VLSB,19.2436,101.7093
ICAO,VLSK,16.55660057067871,104.76000213623047
ICAO,VLSN,20.418399810791016,104.06700134277344
ICAO,VLSV,15.709439207700001,106.410698891
ICAO,VLVT,17.988300323500003,102.56300354
ICAO,VLXK,19.450001,103.157997
ICAO,VMMC,22.149599,113.592003
ICAO,VNBG,29.538999557495117,81.1854019165039
ICAO,VNBJ,27.14739990234375,87.05079650878906
ICAO,VNBL,28.212799072265625,83.66629791259766
ICAO,VNBP,27.678101,84.429398
ICAO,VNBR,29.50200080871582,81.66899871826172
ICAO,VNBW,27.505685,83.416293
ICAO,VNCG,26.5708007812,88.07959747310001
ICAO,VNDG,28.111099243164062,82.29419708251953
ICAO,VNDH,28.753299713134766,80.58190155029297
ICAO,VNDP,28.985700607299805,82.81909942626953
ICAO,VNJL,29.2742,82.193298
ICAO,VNJP,26.708799362199997,85.9224014282
ICAO,VNJS,28.780426,83.723
ICAO,VNKL,27.4106333137,86.6465950012
ICAO,VNKT,27.6966,85.3591
ICAO,VNLD,27.25309944152832,86.66999816894531
ICAO,VNLK,27.686899185180664,86.72969818115234
ICAO,VNMA,28.641399,84.089203
ICAO,VNMG,27.5774,84.22875
ICAO,VNNG,28.103599548339844,81.66699981689453
ICAO,VNPK,28.200899124145508,83.98210144042969
ICAO,VNPL,27.517787,86.584454
ICAO,VNRB,26.510066,86.733902
ICAO,VNRC,27.393999099731445,86.0614013671875
ICAO,VNRK,28.627001,82.195
ICAO,VNRT,27.303499221801758,86.55039978027344
ICAO,VNSB,27.8112,86.7124
ICAO,VNSI,27.159500122070312,84.9801025390625
ICAO,VNSK,28.586,81.636002
ICAO,VNST,29.971099853515625,81.81890106201172
ICAO,VNTH,27.04787,86.858022
ICAO,VNTJ,27.3509,87.69525
ICAO,VNTR,27.315001,87.193298
ICAO,VNVT,26.48150062561035,87.26399993896484
ICAO,VOAT,10.823699951171875,72.1760025024414
ICAO,VOBG,12.9499998093,77.6681976318
ICAO,VOBI,15.162799835205078,76.88279724121094
ICAO,VOBL,13.1979,77.706299
ICAO,VOBR,17.908100128173828,77.48709869384766
ICAO,VOBZ,16.530399322509766,80.79679870605469
ICAO,VOCB,11.029999733,77.0434036255
ICAO,VOCI,10.152,76.401901
ICAO,VOCL,11.1367998123,75.95529937740001
ICAO,VOCP,14.51,78.772778
ICAO,VOCX,9.152509689331055,92.8196029663086
ICAO,VODG,17.627199173,78.4033966064
ICAO,VOHS,17.2313175201,78.4298553467
ICAO,VOHY,17.4531002045,78.4675979614
ICAO,VOJK,13.07674,77.597645
ICAO,VOJV,15.1749666667,76.6349472222
ICAO,VOKN,11.918614,75.547211
ICAO,VOMD,9.83450984955,78.09339904790001
ICAO,VOML,12.9612998962,74.8900985718
ICAO,VOMM,12.990005493164062,80.16929626464844
ICAO,VOMY,12.23,76.655833
ICAO,VONS,16.542699813842773,79.3187026977539
ICAO,VOPB,11.641200065612793,92.72969818115234
ICAO,VOPC,11.968,79.812
ICAO,VOPN,14.1492996216,77.7910995483
ICAO,VORY,17.1103992462,81.81819915770001
ICAO,VOSM,11.78330039978,78.06559753418
ICAO,VOTJ,10.722399711608887,79.10160064697266
ICAO,VOTP,13.632499694800002,79.543296814
ICAO,VOTR,10.765399932861328,78.70970153808594
ICAO,VOTV,8.48211956024,76.9200973511
ICAO,VOTX,12.90719985961914,80.12190246582031
ICAO,VOYK,13.135499954223633,77.60600280761719
ICAO,VQBT,27.5622,90.7471
ICAO,VQGP,26.88456,90.46412
ICAO,VQPR,27.403200149499998,89.42459869380001
ICAO,VREI,5.7083,73.025
ICAO,VRMD,5.1561,73.1302
ICAO,VRMG,-0.693342,73.155602
ICAO,VRMH,6.744229793548584,73.17050170898438
ICAO,VRMK,1.8591699600219727,73.52189636230469
ICAO,VRMM,4.191830158233643,73.52909851074219
ICAO,VRMO,0.7324,73.4336
ICAO,VRMT,0.48813098669052124,72.99690246582031
ICAO,VRMV,3.47055555556,72.8358333333
ICAO,VRNT,2.211,73.1533
ICAO,VTBD,13.9125995636,100.607002258
ICAO,VTBK,14.1020002365,99.9171981812
ICAO,VTBL,14.8746004105,100.663002014
ICAO,VTBO,12.274600029,102.319000244
ICAO,VTBS,13.681099891662598,100.74700164794922
ICAO,VTBU,12.679900169372559,101.00499725341797
ICAO,VTBW,13.768799781799316,102.31500244140625
ICAO,VTCC,18.766799926799997,98.962600708
ICAO,VTCH,19.301300048828125,97.97579956054688
ICAO,VTCI,19.3719997406,98.43699646
ICAO,VTCL,18.27090072631836,99.50420379638672
ICAO,VTCN,18.807899475097656,100.78299713134766
ICAO,VTCP,18.132200241088867,100.16500091552734
ICAO,VTCT,19.952299118,99.88289642330001
ICAO,VTPB,16.6760005951,101.194999695
ICAO,VTPH,12.6361999512,99.951499939
ICAO,VTPI,15.277299881,100.29599762
ICAO,VTPL,16.82430076599121,101.2509994506836
ICAO,VTPM,16.699899673461914,98.54509735107422
ICAO,VTPN,15.67300033569336,100.13700103759766
ICAO,VTPO,17.238000869750977,99.81819915771484
ICAO,VTPP,16.782899856567383,100.27899932861328
ICAO,VTPT,16.895999908447266,99.25330352783203
ICAO,VTPY,17.23419952392578,99.05789947509766
ICAO,VTSA,6.661399841308594,100.08000183105469
ICAO,VTSB,9.13259983063,99.135597229
ICAO,VTSC,6.5199198722839355,101.74299621582031
ICAO,VTSE,10.711199760437012,99.36170196533203
ICAO,VTSF,8.539620399475098,99.9447021484375
ICAO,VTSG,8.09912014008,98.9861984253
ICAO,VTSH,7.186560153961182,100.60800170898438
ICAO,VTSK,6.785459995269775,101.15399932861328
ICAO,VTSM,9.547789573669998,100.06199646
ICAO,VTSN,8.47115039825,99.9555969238
ICAO,VTSP,8.1132,98.316902
ICAO,VTSR,9.777620315551758,98.58550262451172
ICAO,VTSS,6.93320989609,100.392997742
ICAO,VTST,7.508739948272705,99.6166000366211
ICAO,VTUD,17.386400222800003,102.788002014
ICAO,VTUI,17.195100784301758,104.11900329589844
ICAO,VTUJ,14.868300437927,103.49800109863
ICAO,VTUK,16.466600418099997,102.783996582
ICAO,VTUL,17.43910026550293,101.72200012207031
ICAO,VTUN,14.9344997406,102.07900238
ICAO,VTUO,15.229499816894531,103.25299835205078
ICAO,VTUQ,14.94950008392334,102.31300354003906
ICAO,VTUR,16.07040023803711,103.64600372314453
ICAO,VTUU,15.2512998581,104.870002747
ICAO,VTUV,16.11680030822754,103.77400207519531
ICAO,VTUW,17.383800506591797,104.64299774169922
ICAO,VVBM,12.668299675,108.120002747
ICAO,VVCA,15.403300285299999,108.706001282
ICAO,VVCI,20.819400787353516,106.7249984741211
ICAO,VVCM,9.177667,105.177778
ICAO,VVCR,11.998200416564941,109.21900177001953
ICAO,VVCS,8.73183,106.633003
ICAO,VVCT,10.085100174,105.711997986
ICAO,VVDB,21.3974990845,103.008003235
ICAO,VVDH,17.515,106.590556
ICAO,VVDL,11.75,108.366997
ICAO,VVDN,16.043899536132812,108.1989974975586
ICAO,VVGL,21.04050064086914,105.88600158691406
ICAO,VVKP,21.394599914599997,106.261001587
ICAO,VVNB,21.221200942993164,105.80699920654297
ICAO,VVNS,21.216999053955078,104.03299713134766
ICAO,VVNT,12.2275,109.192001
ICAO,VVPB,16.401500701899998,107.70300293
ICAO,VVPC,13.955,109.042
ICAO,VVPK,14.004500389099121,108.01699829101562
ICAO,VVPQ,10.1698,103.9931
ICAO,VVPR,11.6335000992,108.952003479
ICAO,VVRG,9.95802997234,105.132379532
ICAO,VVTH,13.049599647500001,109.333999634
ICAO,VVTS,10.8187999725,106.652000427
ICAO,VVVH,18.7376003265,105.67099762
ICAO,VYAN,19.769199,94.0261
ICAO,VYAS,21.955400466918945,96.40609741210938
ICAO,VYBG,21.178800582885742,94.9301986694336
ICAO,VYBM,24.268999099731445,97.24620056152344
ICAO,VYBP,11.1494,98.735901
ICAO,VYCI,14.141500473022461,93.36849975585938
ICAO,VYDW,14.103899955749512,98.20359802246094
ICAO,VYEL,19.623501,96.200996
ICAO,VYHH,20.746999740600586,96.79199981689453
ICAO,VYHL,24.899599075317383,94.91400146484375
ICAO,VYKG,21.301599502563477,99.63600158691406
ICAO,VYKI,25.988300323486328,95.67440032958984
ICAO,VYKL,23.188800811767578,94.05110168457031
ICAO,VYKP,19.42639923095703,93.53479766845703
ICAO,VYKT,10.049300193786621,98.53800201416016
ICAO,VYLK,19.691499710083008,97.21479797363281
ICAO,VYLS,22.9778995513916,97.752197265625
ICAO,VYLY,20.940399169921875,94.82260131835938
ICAO,VYMD,21.702199935913086,95.97789764404297
ICAO,VYME,12.439800262451172,98.62149810791016
ICAO,VYMK,25.38360023498535,97.35189819335938
ICAO,VYML,20.88640022277832,95.89279174804688
ICAO,VYMM,16.444700241088867,97.66069793701172
ICAO,VYMO,23.092500686645508,96.64530181884766
ICAO,VYMS,20.516799926757812,99.25679779052734
ICAO,VYMW,20.1656,94.941399
ICAO,VYMY,22.221638,95.093479
ICAO,VYNP,25.354400634799998,97.2951965332
ICAO,VYNS,20.890499114990234,97.73590087890625
ICAO,VYNT,23.083,97.383003
ICAO,VYPA,16.893699645996094,97.67459869384766
ICAO,VYPN,16.815201,94.7799
ICAO,VYPT,27.32990074157715,97.42630004882812
ICAO,VYPU,21.4043,95.11125
ICAO,VYPY,18.824499130249023,95.26599884033203
ICAO,VYST,20.941699981689453,95.91449737548828
ICAO,VYSW,20.132699966430664,92.87259674072266
ICAO,VYTD,18.4606990814209,94.30010223388672
ICAO,VYTL,20.483800888061523,99.9354019165039
ICAO,VYTO,19.031299591064453,96.40119934082031
ICAO,VYXG,21.406700134277344,94.13030242919922
ICAO,VYYE,15.300000190734863,97.86699676513672
ICAO,VYYY,16.907300949099998,96.1332015991
ICAO,WA19,47.682043,-122.148456
ICAO,WA44,-5.7645702362061,123.91699981689
ICAO,WA77,47.195701599121094,-122.02200317382812
ICAO,WA98,47.512346,-120.488691
ICAO,WAAA,-5.061629772186279,119.55400085449219
ICAO,WABB,-1.190019965171814,136.10800170898438
ICAO,WABI,-3.36818,135.496002
ICAO,WABL,-3.97648,137.6225
ICAO,WABN,-4.71075,136.43515
ICAO,WABP,-4.528279781341553,136.88699340820312
ICAO,WABV,-3.73956,137.031998
ICAO,WADA,-8.560709953309999,116.095001221
ICAO,WADB,-8.5396499633789,118.68699645996
ICAO,WADD,-8.7481698989868,115.16699981689
ICAO,WADL,-8.757322,116.276675
ICAO,WADS,-8.48904037475586,117.41200256347656
ICAO,WADT,-9.40972,119.244003
ICAO,WADW,-9.66922,120.302002
ICAO,WAJB,-3.6822,138.6755
ICAO,WAJJ,-2.5769500733,140.5160064698
ICAO,WAJM,-3.7018,137.957
ICAO,WAJO,-4.9071,140.6277
ICAO,WAJR,-3.235,140.994
ICAO,WAJS,-3.45,140.779
ICAO,WAJW,-4.10251,138.957001
ICAO,WAKK,-8.52029037475586,140.41799926757812
ICAO,WAKT,-6.099219799041748,140.29800415039062
ICAO,WALG,2.83583333333,117.373611111
ICAO,WALJ,0.8106,114.5306
ICAO,WALK,2.1555,117.431999
ICAO,WALL,-1.26827001572,116.893997192
ICAO,WALR,3.326667,117.569444
ICAO,WALS,-0.484530985355,117.156997681
ICAO,WALT,-0.0929730013013,117.45300293
ICAO,WALV,3.45571994781,117.866996765
ICAO,WAMG,0.63711899519,122.849998474
ICAO,WAMH,3.6832098960876465,125.52799987792969
ICAO,WAMI,1.123428,120.793658
ICAO,WAMK,1.1852799654006958,127.89600372314453
ICAO,WAML,-0.9185420274734497,119.91000366210938
ICAO,WAMM,1.5492600202560425,124.9260025024414
ICAO,WAMN,4.00694,126.672997
ICAO,WAMP,-1.41674995422,120.657997131
ICAO,WAMR,2.0459899902300003,128.324996948
ICAO,WAMT,0.831413984298706,127.38099670410156
ICAO,WAMW,-1.03892,122.772003
ICAO,WAMY,1.1027,121.4141
ICAO,WAOC,-3.4124100208300003,115.995002747
ICAO,WAOI,-2.70519995689,111.672996521
ICAO,WAOM,-0.940325021744,114.893875122
ICAO,WAON,-2.21655988693,115.435997009
ICAO,WAOO,-3.4423599243164062,114.76300048828125
ICAO,WAOP,-2.22513008118,113.943000793
ICAO,WAOS,-2.49919009209,112.974998474
ICAO,WAPD,-5.7722201347399995,134.212005615
ICAO,WAPG,-3.8548,126.7012
ICAO,WAPI,-7.9886097908,131.305999756
ICAO,WAPL,-5.661620140075684,132.7310028076172
ICAO,WAPN,-2.080509901046753,125.96700286865234
ICAO,WAPP,-3.7102599144,128.089004517
ICAO,WAPR,-3.235569953918457,127.0999984741211
ICAO,WARA,-7.926559925079999,112.714996338
ICAO,WARB,-8.31015,114.3401
ICAO,WARI,-7.615769863128662,111.43399810791016
ICAO,WARJ,-7.788179874420166,110.43199920654297
ICAO,WARQ,-7.516089916229248,110.75700378417969
ICAO,WARR,-7.3798298835754395,112.78700256347656
ICAO,WARS,-6.97273,110.375
ICAO,WART,-7.0242,113.89023
ICAO,WARU,-5.80091,110.47838
ICAO,WASA,-1.1593,132.4633
ICAO,WASB,-2.1033,133.5164
ICAO,WASF,-2.9201900959014893,132.26699829101562
ICAO,WASK,-3.6445200443267822,133.6959991455078
ICAO,WASO,-2.5322399139404297,133.43899536132812
ICAO,WASR,-0.8918330073356628,134.0489959716797
ICAO,WASW,-2.721,134.5061
ICAO,WATB,-8.70743498008,121.057426929
ICAO,WATC,-8.64064979553,122.236999512
ICAO,WATE,-8.8492898941,121.661003113
ICAO,WATG,-8.5970096588135,120.47699737549
ICAO,WATM,-8.132340431213379,124.59700012207031
ICAO,WATO,-8.48666,119.889
ICAO,WATT,-10.171600341796875,123.6709976196289
ICAO,WAVD,-4.8557,139.482006
ICAO,WAWB,-5.486879825592041,122.56900024414062
ICAO,WAWH,-6.1751,120.4362
ICAO,WAWM,-2.55803,120.323997
ICAO,WAWR,-4.760557,122.569371
ICAO,WAWS,-2.5311999320983887,121.35800170898438
ICAO,WAWT,-3.0447399616241,119.82199859619
ICAO,WAWW,-4.081610202789307,122.41799926757812
ICAO,WAXX,-0.894,131.287
ICAO,WBAK,4.637000083920001,114.382003784
ICAO,WBGB,3.12385010719,113.019996643
ICAO,WBGC,2.65000009537,113.766998291
ICAO,WBGF,3.4210000038099997,115.153999329
ICAO,WBGG,1.4846999645233154,110.34700012207031
ICAO,WBGI,3.9670000076293945,115.05000305175781
ICAO,WBGJ,4.808300018310547,115.01000213623047
ICAO,WBGK,2.90639,112.080002
ICAO,WBGL,3.299999952316284,114.78299713134766
ICAO,WBGM,4.178979873657227,114.3290023803711
ICAO,WBGQ,3.9739999771118164,115.61799621582031
ICAO,WBGR,4.322010040283203,113.98699951171875
ICAO,WBGS,2.2616000175476074,111.98500061035156
ICAO,WBGW,4.84917,115.407997
ICAO,WBGZ,3.7338900566101074,115.47899627685547
ICAO,WBKD,5.032249927520752,118.3239974975586
ICAO,WBKK,5.9372100830078125,116.0510025024414
ICAO,WBKL,5.300680160522461,115.25
ICAO,WBKM,5.40257,118.65763
ICAO,WBKS,5.900899887084961,118.05899810791016
ICAO,WBKT,6.922500133514404,116.83599853515625
ICAO,WBKW,4.320159912109375,118.12799835205078
ICAO,WBMU,4.048329830169678,114.80500030517578
ICAO,WBSB,4.944200038909912,114.9280014038086
ICAO,WI1A,-7.719895,108.488995
ICAO,WIAT,-5.240556,105.175556
ICAO,WIBB,0.46078601479530334,101.44499969482422
ICAO,WIBD,1.60919,101.433998
ICAO,WIBR,-2.0991199016571045,99.70069885253906
ICAO,WIBT,1.0527,103.3931
ICAO,WICB,-6.293171,106.57
ICAO,WICC,-6.900629997253418,107.57599639892578
ICAO,WICD,-6.756140232090001,108.540000916
ICAO,WICM,-7.346600055690001,108.246002197
ICAO,WIDD,1.12102997303,104.119003296
ICAO,WIDE,0.8454310297966003,100.37000274658203
ICAO,WIDN,0.922683000565,104.531997681
ICAO,WIDS,-0.47918900847435,104.5790023803711
ICAO,WIHH,-6.266610145568848,106.89099884033203
ICAO,WIHL,-7.645060062410001,109.033996582
ICAO,WIHP,-6.3369598388671875,106.76499938964844
ICAO,WIII,-6.1255698204,106.65599823
ICAO,WIMB,1.16638,97.704697
ICAO,WIME,1.4001,99.430496
ICAO,WIMG,-0.874989,100.351997
ICAO,WIMK,3.559167,98.671111
ICAO,WIMM,3.642222,98.885278
ICAO,WIMN,2.25973,98.991898
ICAO,WIMO,-0.01924,98.30097
ICAO,WIMS,1.55594,98.888901
ICAO,WIOD,-2.74571990967,107.754997253
ICAO,WIOG,-0.34886899590492,111.74800109863
ICAO,WIOK,-1.816640019416809,109.96299743652344
ICAO,WIOM,3.3481199741363525,106.25800323486328
ICAO,WION,3.90871,108.388
ICAO,WIOO,-0.15071099996566772,109.40399932861328
ICAO,WIOP,0.8355780243873596,112.93699645996094
ICAO,WIOS,0.06361900269985199,111.4729995727539
ICAO,WIPA,-1.6380200386047363,103.64399719238281
ICAO,WIPH,-2.093,101.4683
ICAO,WIPI,-1.1278,102.135
ICAO,WIPK,-2.16219997406,106.138999939
ICAO,WIPL,-3.8637,102.338997
ICAO,WIPP,-2.8982501029968,104.69999694824
ICAO,WIPQ,-3.2860701084136963,103.87999725341797
ICAO,WIPR,-0.35280799865722656,102.33499908447266
ICAO,WIPT,-0.786917,100.280998
ICAO,WITB,5.87412977219,95.33969879150001
ICAO,WITC,4.25,96.21700286865234
ICAO,WITG,2.4102799892425537,96.32559967041016
ICAO,WITL,5.069509983062744,97.25920104980469
ICAO,WITM,5.226679801940918,96.95030212402344
ICAO,WITT,5.522872024010001,95.42063713070002
ICAO,WMAP,2.04138994217,103.306999207
ICAO,WMBT,2.8181800842285156,104.16000366210938
ICAO,WMKA,6.189670085906982,100.39800262451172
ICAO,WMKB,5.4659199714660645,100.39099884033203
ICAO,WMKC,6.1668500900268555,102.29299926757812
ICAO,WMKD,3.7753899097442627,103.20899963378906
ICAO,WMKE,4.537220001220703,103.427001953125
ICAO,WMKF,3.1122500896453857,101.7030029296875
ICAO,WMKI,4.567969799041748,101.09200286865234
ICAO,WMKJ,1.64131,103.669998
ICAO,WMKK,2.745579957962,101.70999908447
ICAO,WMKL,6.329730033874512,99.72869873046875
ICAO,WMKM,2.2633600235,102.251998901
ICAO,WMKN,5.3826398849487305,103.10299682617188
ICAO,WMKP,5.297140121459961,100.2770004272461
ICAO,WMPA,4.244719982147217,100.5530014038086
ICAO,WMPR,5.765279769897461,103.00700378417969
ICAO,WMSA,3.130579948425293,101.54900360107422
ICAO,WPDB,-9.30331039428711,125.28700256347656
ICAO,WPDL,-8.54640007019,125.526000977
ICAO,WPEC,-8.489029884339999,126.401000977
ICAO,WRLA,0.3847,117.543
ICAO,WRLB,3.9028,115.6921
ICAO,WRLF,4.13333333333,117.666666667
ICAO,WRLP,1.704486,114.970297
ICAO,WSAC,1.3441400528,104.009002686
ICAO,WSAG,1.4252599477767944,103.81300354003906
ICAO,WSAP,1.3604199886322021,103.91000366210938
ICAO,WSAT,1.38725996017,103.708999634
ICAO,WSSL,1.416949987411499,103.86799621582031
ICAO,WSSS,1.35019,103.994003
ICAO,WV62,39.055099487300005,-79.43139648440001
ICAO,XIUW,51.849998474121094,107.73799896240234
ICAO,XLLL,58.139545,30.33042
ICAO,XLLN,60.198299,30.334999
ICAO,XLMV,68.866669,33.716667
ICAO,XLWF,59.193031,39.129411
ICAO,XRAP,46.396,47.893
ICAO,XRWL,50.201698303200004,45.2083015442
ICAO,XS46,28.429725,-96.444419
ICAO,XUBS,54.824,32.025
ICAO,XWPR,52.297317,43.7241
ICAO,XXXX,89.5,0.0001
ICAO,YABA,-34.94329833984375,117.80899810791016
ICAO,YAMB,-27.6406,152.712006
ICAO,YAMJ,-21.655000686645508,135.22999572753906
ICAO,YAMT,-26.108299255371094,131.20700073242188
ICAO,YAPH,-23.646099,146.584
ICAO,YARA,-37.30939865112305,142.98899841308594
ICAO,YARG,-16.6369,128.451004
ICAO,YARM,-30.528099060099997,151.617004395
ICAO,YARN,-24.066699981689453,132.26699829101562
ICAO,YATN,-17.2616996765,145.51499939
ICAO,YAUR,-13.354067,141.72065
ICAO,YAYE,-25.1861,130.975998
ICAO,YBAF,-27.5702991486,153.007995605
ICAO,YBAM,-10.9508,142.459
ICAO,YBAR,-23.5652999878,145.307006836
ICAO,YBAS,-23.806699752807617,133.90199279785156
ICAO,YBAU,-10.149999618499999,142.1734
ICAO,YBBN,-27.384199142456055,153.11700439453125
ICAO,YBCG,-28.1644001007,153.505004883
ICAO,YBCK,-24.427799224900003,145.429000854
ICAO,YBCS,-16.885799408,145.755004883
ICAO,YBCV,-26.4132995605,146.261993408
ICAO,YBDG,-36.7393989563,144.330001831
ICAO,YBDV,-25.897499084472656,139.34800720214844
ICAO,YBEE,-30.18670082092285,139.55799865722656
ICAO,YBGD,-22.54,117.275
ICAO,YBHI,-32.0013999939,141.472000122
ICAO,YBHM,-20.3581008911,148.95199585
ICAO,YBIE,-24.346099853515625,139.4600067138672
ICAO,YBKE,-30.039199829101562,145.95199584960938
ICAO,YBKT,-17.748600006103516,139.53399658203125
ICAO,YBLA,-36.55189895629883,146.0070037841797
ICAO,YBLN,-33.6884231567,115.401596069
ICAO,YBLT,-37.51169967651367,143.79100036621094
ICAO,YBMA,-20.663900375399997,139.488998413
ICAO,YBMC,-26.6033,153.091003
ICAO,YBMK,-21.171699523900003,149.179992676
ICAO,YBNA,-28.8339004517,153.56199646
ICAO,YBNS,-37.88750076293945,147.5679931640625
ICAO,YBOI,-9.23278045654,142.218002319
ICAO,YBOK,-27.411399841308594,151.73500061035156
ICAO,YBOU,-22.913299560546875,139.89999389648438
ICAO,YBPI,-20.803300857543945,149.27000427246094
ICAO,YBPN,-20.4950008392,148.552001953
ICAO,YBRK,-23.3819007874,150.475006104
ICAO,YBRL,-16.075300216674805,136.302001953125
ICAO,YBRM,-17.944700241088867,122.23200225830078
ICAO,YBRN,-34.623600006103516,143.5780029296875
ICAO,YBRW,-29.973899841308594,146.81700134277344
ICAO,YBRY,-22.673900604248,119.16600036621
ICAO,YBTH,-33.4094009399,149.651992798
ICAO,YBTI,-11.769200325012207,130.6199951171875
ICAO,YBTL,-19.252500534057617,146.76499938964844
ICAO,YBTR,-23.603099822998047,148.8070068359375
ICAO,YBUD,-24.903900146499996,152.319000244
ICAO,YBUN,-33.378299713134766,115.677001953125
ICAO,YBUU,-17.545299530029297,128.3070068359375
ICAO,YBWN,-20.018299102783203,148.21499633789062
ICAO,YBWP,-12.6786003113,141.925003052
ICAO,YBWW,-27.558332,151.793335
ICAO,YBWX,-20.86440086364746,115.40599822998047
ICAO,YCAR,-24.880211,113.67174
ICAO,YCBA,-31.538299560546875,145.79400634765625
ICAO,YCBB,-31.332500457763672,149.26699829101562
ICAO,YCBP,-29.040000915527344,134.7209930419922
ICAO,YCCA,-26.774999618530273,150.61700439453125
ICAO,YCCT,-10.050000190734863,143.07000732421875
ICAO,YCCY,-20.668600082399998,140.503997803
ICAO,YCDR,-26.799999237060547,153.10000610351562
ICAO,YCDU,-32.13059997558594,133.7100067138672
ICAO,YCEE,-33.70970153808594,136.5050048828125
ICAO,YCIN,-17.5813999176,123.82800293
ICAO,YCKI,-11.164999961853027,132.48300170898438
ICAO,YCKN,-15.444700241088867,145.1840057373047
ICAO,YCMT,-22.773099899291992,147.62100219726562
ICAO,YCMU,-28.030000686645508,145.6219940185547
ICAO,YCNK,-32.787498,151.341995
ICAO,YCNM,-30.983299255371094,148.37600708007812
ICAO,YCNQ,-37.28329849243164,140.8000030517578
ICAO,YCOE,-13.761133,143.113311
ICAO,YCOM,-36.3005981445,148.973999023
ICAO,YCOO,-12.903300285339355,132.53199768066406
ICAO,YCOR,-35.99470138549805,146.35699462890625
ICAO,YCOY,-23.1299991607666,113.7770004272461
ICAO,YCRG,-36.18280029296875,147.88800048828125
ICAO,YCTM,-34.6239013671875,148.0279998779297
ICAO,YCUN,-31.62220001220703,117.21700286865234
ICAO,YCWA,-22.96669960022,118.81300354004
ICAO,YCWR,-33.84469985961914,148.6490020751953
ICAO,YDBI,-28.591699600219727,148.2169952392578
ICAO,YDBY,-17.3700008392334,123.66100311279297
ICAO,YDKI,-17.9416999817,146.13999939
ICAO,YDLK,-29.0132999420166,138.4810028076172
ICAO,YDLQ,-35.5593986511,144.945999146
ICAO,YDMG,-17.9403,138.822006
ICAO,YDNI,-9.583330154418945,143.76699829101562
ICAO,YDPO,-41.1697006226,146.429992676
ICAO,YDVR,-24.860000610351562,129.07000732421875
ICAO,YDYS,-22.62220001220703,148.36399841308594
ICAO,YECH,-36.15719985961914,144.76199340820312
ICAO,YELD,-12.019399642899998,135.570999146
ICAO,YELL,-17.527429580688477,133.52989196777344
ICAO,YEML,-23.5674991608,148.179000854
ICAO,YERL,-25.205799102800004,133.253997803
ICAO,YESP,-33.684399,121.822998
ICAO,YEVP,-27.016700744628906,132.7169952392578
ICAO,YFBS,-33.363602,147.934998
ICAO,YFDF,-22.290754,119.437143
ICAO,YFLI,-40.0917015076,147.992996216
ICAO,YFLS,-33.730989,134.501
ICAO,YFNE,-25.5946998596,134.582992554
ICAO,YFRG,-26.774999618530273,132.01699829101562
ICAO,YFRT,-30.83810043334961,128.11500549316406
ICAO,YFTZ,-18.181900024414062,125.55899810791016
ICAO,YGAT,-27.5604060653,152.340459824
ICAO,YGAY,-25.61440086364746,151.61900329589844
ICAO,YGDH,-30.96109962463379,150.25100708007812
ICAO,YGDI,-28.521400451660156,150.32000732421875
ICAO,YGEL,-28.796101,114.707001
ICAO,YGFN,-29.7593994140625,153.02999877929688
ICAO,YGKL,-23.1833000183,150.942001343
ICAO,YGLA,-23.869699,151.223007
ICAO,YGLB,-34.810298919677734,149.7259979248047
ICAO,YGLG,-38.224998474121094,144.33299255371094
ICAO,YGLI,-29.674999237060547,151.68899536132812
ICAO,YGPT,-11.40250015258789,130.4219970703125
ICAO,YGTE,-13.975000381500001,136.460006714
ICAO,YGTH,-34.2508010864,146.067001343
ICAO,YHAY,-34.53139877319336,144.8300018310547
ICAO,YHBA,-25.3188991547,152.880004883
ICAO,YHID,-10.586400032,142.289993286
ICAO,YHLC,-18.23390007019043,127.66999816894531
ICAO,YHMB,-23.93000030517578,132.80499267578125
ICAO,YHML,-37.64889907836914,142.06500244140625
ICAO,YHOO,-18.3367004395,130.638000488
ICAO,YHOT,-37.0475006104,147.333999634
ICAO,YHPN,-35.715301513671875,142.36000061035156
ICAO,YHSM,-36.669700622558594,142.17300415039062
ICAO,YHTS,-22.985000610351562,134.91799926757812
ICAO,YHUG,-20.815000534057617,144.22500610351562
ICAO,YHYN,-20.0599,148.8834
ICAO,YIFL,-17.55940055847168,146.01199340820312
ICAO,YIVL,-29.888299942,151.143997192
ICAO,YIVO,-32.88330078125,144.30999755859375
ICAO,YJAB,-12.658300399780273,132.89300537109375
ICAO,YJLC,-20.66830062866211,141.72300720214844
ICAO,YKBR,-27.692813,114.259169
ICAO,YKCS,-24.42329978942871,131.8350067138672
ICAO,YKDI,-33.97669982910156,137.66000366210938
ICAO,YKER,-35.751399993896484,143.93899536132812
ICAO,YKID,-18.8700008392334,144.17300415039062
ICAO,YKII,-39.877498626708984,143.8780059814453
ICAO,YKKG,-17.431900024414062,130.80799865722656
ICAO,YKMB,-17.45669937133789,140.8300018310547
ICAO,YKMP,-31.074399948120117,152.77000427246094
ICAO,YKNT,-23.264999389648438,129.38699340820312
ICAO,YKOW,-15.485600471496582,141.75100708007812
ICAO,YKRY,-26.580799102783203,151.84100341796875
ICAO,YKSC,-35.71390151977539,137.52099609375
ICAO,YKUB,-10.225000381500001,142.218002319
ICAO,YLBG,-23.24329948425293,131.25999450683594
ICAO,YLEC,-30.59830093383789,138.42599487304688
ICAO,YLEO,-28.87809944152832,121.31500244140625
ICAO,YLEV,-12.498900413513184,135.80599975585938
ICAO,YLHI,-31.5382995605,159.07699585
ICAO,YLHR,-12.7869,143.304993
ICAO,YLIL,-37.69169998168945,145.36700439453125
ICAO,YLIS,-28.8302993774,153.259994507
ICAO,YLLE,-27.405633,141.809458
ICAO,YLRD,-29.45669937133789,147.98399353027344
ICAO,YLRE,-23.4342002869,144.279998779
ICAO,YLST,-27.843299865722656,120.7030029296875
ICAO,YLTN,-28.61359977722168,122.42400360107422
ICAO,YLTV,-38.207199,146.470001
ICAO,YLVT,-37.86360168457031,144.74600219726562
ICAO,YLZI,-14.673273,145.454571
ICAO,YMAA,-9.949999809265137,142.18299865722656
ICAO,YMAV,-38.039398,144.468994
ICAO,YMAY,-36.06779861450195,146.95799255371094
ICAO,YMBA,-17.06920051574707,145.41900634765625
ICAO,YMBD,-35.06669998168945,139.2270050048828
ICAO,YMCO,-37.59830093383789,149.72000122070312
ICAO,YMDG,-32.5625,149.610992432
ICAO,YMDV,-26.16670036315918,129.13299560546875
ICAO,YMED,-32.36669921875,142.40499877929688
ICAO,YMEK,-26.6117000579834,118.5479965209961
ICAO,YMEN,-37.7281,144.901993
ICAO,YMER,-36.9085998535,149.901000977
ICAO,YMES,-38.098899841299996,147.149002075
ICAO,YMGB,-12.0944004059,134.893997192
ICAO,YMGD,-12.0560998917,134.23399353
ICAO,YMHB,-42.836101532,147.509994507
ICAO,YMHU,-16.4424991608,136.083999634
ICAO,YMIA,-34.229198455799995,142.085998535
ICAO,YMLT,-41.54529953,147.214004517
ICAO,YMMB,-37.975799560546875,145.1020050048828
ICAO,YMML,-37.673302,144.843002
ICAO,YMNA,-22.274999618530273,132.2169952392578
ICAO,YMND,-32.701265,151.492912
ICAO,YMNE,-27.286399841308594,120.55500030517578
ICAO,YMNG,-36.888301849365234,145.1840057373047
ICAO,YMNW,-28.771699905395508,122.44000244140625
ICAO,YMOG,-28.116100311279297,117.84200286865234
ICAO,YMOR,-29.498899459799997,149.845001221
ICAO,YMPC,-37.932201,144.753006
ICAO,YMRB,-22.057800293,148.07699585
ICAO,YMRT,-17.700000762939453,145.14999389648438
ICAO,YMRY,-35.8978004456,150.143997192
ICAO,YMTG,-37.745601654052734,140.78500366210938
ICAO,YMTI,-16.662500381469727,139.17799377441406
ICAO,YMUI,-9.91666984558,144.054992676
ICAO,YMYB,-25.5133,152.714996
ICAO,YNAR,-34.7022018433,146.511993408
ICAO,YNBR,-30.3192005157,149.82699585
ICAO,YNGU,-14.722800254821777,134.7469940185547
ICAO,YNKA,-18.4946994781,124.851997375
ICAO,YNRC,-36.98529815673828,140.72500610351562
ICAO,YNRM,-32.214698791503906,148.22500610351562
ICAO,YNRR,-22.645299911499023,130.56500244140625
ICAO,YNRV,-33.7971992493,120.208000183
ICAO,YNTN,-17.68409,141.069664
ICAO,YNWN,-23.417800903299998,119.803001404
ICAO,YNYP,-26.200000762939453,130.23300170898438
ICAO,YOLD,-30.485000610399997,136.876998901
ICAO,YOLW,-21.668300628662,115.1129989624
ICAO,YOOM,-28.09939956665039,140.19700622558594
ICAO,YORG,-33.3816986084,149.132995605
ICAO,YPAD,-34.945,138.531006
ICAO,YPAG,-32.506900787353516,137.7169952392578
ICAO,YPAM,-18.755300521850586,146.58099365234375
ICAO,YPAY,-23.246700286865234,131.9029998779297
ICAO,YPBO,-23.1711006165,117.745002747
ICAO,YPCC,-12.1883001328,96.8339004517
ICAO,YPCE,-33.36669921875,142.58799743652344
ICAO,YPDN,-12.41469955444336,130.8769989013672
ICAO,YPEA,-31.667800903320312,116.01499938964844
ICAO,YPEC,-33.0667,151.647995
ICAO,YPED,-34.70249938964844,138.62100219726562
ICAO,YPGV,-12.269399642899998,136.817993164
ICAO,YPID,-38.52330017089844,145.32699584960938
ICAO,YPIR,-33.23889923095703,137.9949951171875
ICAO,YPJT,-32.09749984741211,115.88099670410156
ICAO,YPKA,-20.712200164799995,116.773002625
ICAO,YPKG,-30.789400100699996,121.461997986
ICAO,YPKS,-33.131401062,148.238998413
ICAO,YPKT,-14.25,129.5290069580078
ICAO,YPKU,-15.7781000137,128.707992554
ICAO,YPLC,-34.6053009033,135.880004883
ICAO,YPLM,-22.235599517799997,114.088996887
ICAO,YPMH,-29.716,135.5244
ICAO,YPMP,-14.896451,141.60908
ICAO,YPMQ,-31.4358005524,152.863006592
ICAO,YPOD,-38.31809997558594,141.4709930419922
ICAO,YPPD,-20.3777999878,118.625999451
ICAO,YPPF,-34.793300628699996,138.632995605
ICAO,YPPH,-31.94029998779297,115.96700286865234
ICAO,YPSH,-35.7558462874,137.962875366
ICAO,YPTN,-14.521100044250488,132.3780059814453
ICAO,YPWR,-31.14419937133789,136.81700134277344
ICAO,YPXM,-10.450599670410156,105.69000244140625
ICAO,YQLP,-26.612199783325195,144.2530059814453
ICAO,YRED,-27.20669937133789,153.0679931640625
ICAO,YREN,-34.1963996887207,140.6739959716797
ICAO,YRMD,-20.701900482177734,143.11500549316406
ICAO,YRNG,-12.356399536132812,134.8979949951172
ICAO,YROM,-26.545000076300003,148.774993896
ICAO,YRRB,-14.734814,134.525485
ICAO,YRTI,-32.006699,115.540001
ICAO,YSBK,-33.924400329589844,150.98800659179688
ICAO,YSCB,-35.30690002441406,149.19500732421875
ICAO,YSCH,-30.3206005096,153.115997314
ICAO,YSCN,-34.04029846191406,150.68699645996094
ICAO,YSCO,-32.037200927734375,150.83200073242188
ICAO,YSDU,-32.2167015076,148.574996948
ICAO,YSGE,-28.049699783325195,148.59500122070312
ICAO,YSHK,-25.8938999176,113.577003479
ICAO,YSHR,-20.277221,148.755556
ICAO,YSHT,-36.42890167236328,145.39300537109375
ICAO,YSII,-9.378330230710002,142.625
ICAO,YSMI,-40.834999084472656,145.08399963378906
ICAO,YSNB,-11.422800064086914,130.6540069580078
ICAO,YSNF,-29.04159927368164,167.93899536132812
ICAO,YSNW,-34.94889831542969,150.53700256347656
ICAO,YSOL,-22.2554,117.7627
ICAO,YSRI,-33.600601,150.781006
ICAO,YSRN,-42.154998779296875,145.29200744628906
ICAO,YSSY,-33.94609832763672,151.177001953125
ICAO,YSTW,-31.0839004517,150.847000122
ICAO,YSWG,-35.1652984619,147.466003418
ICAO,YSWH,-35.37580108642578,143.5330047607422
ICAO,YSWL,-37.07170104980469,142.74099731445312
ICAO,YTAM,-25.801700592041016,149.89999389648438
ICAO,YTDR,-24.99329948425293,150.09300231933594
ICAO,YTEF,-21.71500015258789,122.22899627685547
ICAO,YTEM,-34.4213981628418,147.51199340820312
ICAO,YTGM,-27.986400604248047,143.81100463867188
ICAO,YTGT,-20.54829978942871,130.3470001220703
ICAO,YTIB,-29.451099395751953,142.05799865722656
ICAO,YTIT,-22.13170051574707,133.4199981689453
ICAO,YTLP,-30.933300018310547,144.41700744628906
ICAO,YTMU,-35.26279830932617,148.24099731445312
ICAO,YTNG,-24.493900299072266,150.5760040283203
ICAO,YTNK,-19.6343994140625,134.18299865722656
ICAO,YTRE,-31.8885993958,152.514007568
ICAO,YTWB,-27.542801,151.916
ICAO,YUMU,-26.4867000579834,132.0399932861328
ICAO,YUTP,-22.05500030517578,134.7899932861328
ICAO,YVRD,-16.402124404907227,131.00497436523438
ICAO,YWBI,-21.0,134.39700317382812
ICAO,YWBL,-38.2952995300293,142.44700622558594
ICAO,YWBR,-26.128299713134766,126.58300018310547
ICAO,YWBS,-10.20829963684082,142.8249969482422
ICAO,YWCA,-31.526399612426758,143.375
ICAO,YWDH,-25.41309928894043,142.66700744628906
ICAO,YWGT,-36.41579818725586,146.3070068359375
ICAO,YWHA,-33.05889892578125,137.51400756835938
ICAO,YWHI,-20.27611,148.755
ICAO,YWKB,-36.32109832763672,142.41900634765625
ICAO,YWKS,-66.690833,111.523611
ICAO,YWLG,-30.032800674438477,148.12600708007812
ICAO,YWLM,-32.79499816894531,151.83399963378906
ICAO,YWLU,-26.629199981689453,120.22100067138672
ICAO,YWMC,-28.906700134277344,136.3419952392578
ICAO,YWOL,-34.561100006103516,150.78900146484375
ICAO,YWRN,-31.733299255371094,147.80299377441406
ICAO,YWSL,-38.090827,146.965335
ICAO,YWTN,-22.36359977722168,143.08599853515625
ICAO,YWVA,-33.240278,151.429722
ICAO,YWWL,-33.9371986389,147.190994263
ICAO,YWYM,-15.51140022277832,128.1529998779297
ICAO,YWYY,-40.9989013671875,145.7310028076172
ICAO,YXCM,-36.242155,149.130147
ICAO,YYKI,-9.752801,143.405673
ICAO,YYMI,-9.90110969543457,142.7760009765625
ICAO,YYND,-22.254199981689453,131.78199768066406
ICAO,YYNG,-34.25559997558594,148.2480010986328
ICAO,YYRM,-38.56669998168945,146.7550048828125
ICAO,YYTA,-31.470600128173828,131.8249969482422
ICAO,ZBAA,40.080101013183594,116.58499908447266
ICAO,ZBAD,39.509945,116.41092
ICAO,ZBAL,38.74831,105.58858
ICAO,ZBAR,39.225,101.546
ICAO,ZBBB,39.9608,116.257004
ICAO,ZBCD,41.1225,118.073889
ICAO,ZBCF,42.23500061035156,118.90799713134766
ICAO,ZBCZ,36.247501,113.125999
ICAO,ZBDH,39.666389,119.058889
ICAO,ZBDS,39.49,109.861388889
ICAO,ZBDT,40.060299,113.482002
ICAO,ZBEN,42.0155,101.0005
ICAO,ZBER,43.4225,112.096667
ICAO,ZBES,47.3106,119.9117
ICAO,ZBHD,36.5258333333,114.425555556
ICAO,ZBHH,40.851398,111.823997
ICAO,ZBHZ,45.487222,119.407222
ICAO,ZBLA,49.2050018311,119.824996948
ICAO,ZBLF,36.132629,111.641236
ICAO,ZBLL,37.683333,111.142778
ICAO,ZBMZ,49.566667,117.33
ICAO,ZBNY,39.782798767089844,116.38800048828125
ICAO,ZBOW,40.560001373291016,109.99700164794922
ICAO,ZBSH,39.968102,119.731003
ICAO,ZBSJ,38.28070068359375,114.6969985961914
ICAO,ZBTJ,39.124401092499994,117.346000671
ICAO,ZBTL,43.556702,122.199997
ICAO,ZBUC,41.129722,113.108056
ICAO,ZBUH,39.7934,106.7993
ICAO,ZBUL,46.195333,122.008333
ICAO,ZBXH,43.91559982299805,115.96399688720703
ICAO,ZBXZ,38.597456,112.969173
ICAO,ZBYC,35.116391,111.031388889
ICAO,ZBYN,37.74689865112305,112.62799835205078
ICAO,ZBYZ,40.926,107.7428
ICAO,ZBZJ,40.7386016846,114.930000305
ICAO,ZBZL,47.865833,122.767503
ICAO,ZGBH,21.5394,109.293999
ICAO,ZGBS,23.7206001282,106.959999084
ICAO,ZGCD,28.9188995361,111.63999939
ICAO,ZGCJ,27.4411111111,109.7
ICAO,ZGCS,28.0688991547,112.958000183
ICAO,ZGDY,29.1028,110.443001
ICAO,ZGFS,23.083299636799996,113.069999695
ICAO,ZGGG,23.39240074157715,113.29900360107422
ICAO,ZGHA,28.189199447599997,113.220001221
ICAO,ZGHC,24.805,107.6997
ICAO,ZGHY,26.9053,112.627998
ICAO,ZGHZ,23.0499992371,114.599998474
ICAO,ZGKL,25.21809959411621,110.03900146484375
ICAO,ZGLG,26.338661,111.610043
ICAO,ZGMX,24.350000381469727,116.13300323486328
ICAO,ZGNN,22.608299255371094,108.1719970703125
ICAO,ZGOW,23.552,116.5033
ICAO,ZGSD,22.006399,113.375999
ICAO,ZGSY,26.802,110.642
ICAO,ZGSZ,22.639299392700195,113.81099700927734
ICAO,ZGWZ,23.456699,111.248001
ICAO,ZGZH,24.2075,109.390999
ICAO,ZGZJ,21.214399,110.358002
ICAO,ZHCC,34.519699096699995,113.841003418
ICAO,ZHES,30.3202991486,109.48500061
ICAO,ZHGH,32.389400482177734,111.69499969482422
ICAO,ZHHH,30.7838,114.208
ICAO,ZHLY,34.741100311299995,112.388000488
ICAO,ZHNY,32.980801,112.614998
ICAO,ZHSN,31.626,110.34
ICAO,ZHSY,32.591667,110.907778
ICAO,ZHXF,32.1506,112.291
ICAO,ZHYC,30.55655,111.479988
ICAO,ZJHK,19.934900283813477,110.45899963378906
ICAO,ZJQH,19.13824,110.454775
ICAO,ZJSY,18.302900314331055,109.41200256347656
ICAO,ZKHM,41.428538,129.647555
ICAO,ZKPY,39.224098,125.669998
ICAO,ZKSC,39.415699,125.894997
ICAO,ZKSD,39.745201,127.473999
ICAO,ZKWS,39.166801,127.486
ICAO,ZLAK,32.708099,108.931
ICAO,ZLAN,36.033333,103.86667
ICAO,ZLDH,40.16109848022461,94.80919647216797
ICAO,ZLDL,37.125286,97.268658
ICAO,ZLGL,34.418066,100.301144
ICAO,ZLGM,36.4006,94.786102
ICAO,ZLGY,36.0788888889,106.216944444
ICAO,ZLHX,38.201984,90.841495
ICAO,ZLHZ,33.134136,107.206014
ICAO,ZLIC,38.481899,106.009003
ICAO,ZLJC,38.542222222199996,102.348333333
ICAO,ZLJN,35.292778,116.346667
ICAO,ZLJQ,39.856899,98.3414
ICAO,ZLLL,36.5152015686,103.620002747
ICAO,ZLLN,33.788,105.797
ICAO,ZLQY,35.799702,107.602997
ICAO,ZLSN,34.376701,109.120003
ICAO,ZLTS,34.5593986511,105.86000061
ICAO,ZLXH,34.8105,102.6447
ICAO,ZLXN,36.5275,102.042999
ICAO,ZLXY,34.447102,108.751999
ICAO,ZLYA,36.636902,109.554001
ICAO,ZLYL,38.35971,109.590927
ICAO,ZLZW,37.573125,105.154454
ICAO,ZLZY,38.8018989563,100.675003052
ICAO,ZMAH,46.250301361083984,102.802001953125
ICAO,ZMAT,46.376399993896484,96.22109985351562
ICAO,ZMBH,46.163299560546875,100.7040023803711
ICAO,ZMBN,48.85499954223633,103.47599792480469
ICAO,ZMBU,46.660301208496094,113.28500366210938
ICAO,ZMCD,48.13570022583008,114.64600372314453
ICAO,ZMDN,47.7093,96.5258
ICAO,ZMDZ,43.59170150756836,104.43000030517578
ICAO,ZMKD,47.9541015625,91.6281967163086
ICAO,ZMMN,49.663299560546875,100.0989990234375
ICAO,ZMUB,47.843102,106.766998
ICAO,ZMUG,50.066588,91.938273
ICAO,ZMUL,48.9933013916,89.9225006104
ICAO,ZPBS,25.053301,99.168297
ICAO,ZPCW,23.273889,99.373611
ICAO,ZPDL,25.649401,100.319
ICAO,ZPDQ,27.7936,99.6772
ICAO,ZPJH,21.973899841308594,100.76000213623047
ICAO,ZPJM,22.415833,99.786389
ICAO,ZPLC,23.738100051900002,100.025001526
ICAO,ZPLJ,26.6800003052,100.246002197
ICAO,ZPLX,24.4011,98.5317
ICAO,ZPNL,27.5403,100.7593
ICAO,ZPPP,25.1019444,102.9291667
ICAO,ZPSM,22.793301,100.959
ICAO,ZPYM,25.737499237061,101.88200378418
ICAO,ZPZT,27.325599670410156,103.75499725341797
ICAO,ZSAM,24.54400062561035,118.12799835205078
ICAO,ZSAQ,30.582199,117.050003
ICAO,ZSBB,32.8477333333,117.320244444
ICAO,ZSCG,31.919701,119.778999
ICAO,ZSCN,28.864999771118164,115.9000015258789
ICAO,ZSDY,37.5085983276,118.788002014
ICAO,ZSFY,32.882157,115.734364
ICAO,ZSFZ,25.935100555419922,119.66300201416016
ICAO,ZSGZ,25.853333,114.778889
ICAO,ZSHC,30.22949981689453,120.43399810791016
ICAO,ZSJA,26.856899261499997,114.736999512
ICAO,ZSJD,29.3386001587,117.176002502
ICAO,ZSJH,30.7403,117.6856
ICAO,ZSJJ,29.476944,115.801111
ICAO,ZSJN,36.857200622558594,117.21600341796875
ICAO,ZSJU,28.965799,118.899002
ICAO,ZSLD,25.6746997833,116.747001648
ICAO,ZSLG,34.571667,118.873611
ICAO,ZSLQ,28.56220054626465,121.42900085449219
ICAO,ZSLY,35.04610061645508,118.41200256347656
ICAO,ZSNB,29.82670021057129,121.46199798583984
ICAO,ZSNJ,31.742000579833984,118.86199951171875
ICAO,ZSOF,31.780000686645508,117.2979965209961
ICAO,ZSPD,31.143400192260742,121.80500030517578
ICAO,ZSQD,36.2661018372,120.374000549
ICAO,ZSQZ,24.7964,118.589996
ICAO,ZSRG,32.25788497924805,120.50165557861328
ICAO,ZSRZ,35.405033,119.324403
ICAO,ZSSH,33.7908333333,119.125
ICAO,ZSSM,26.4263,117.8336
ICAO,ZSSR,28.3797,117.9643
ICAO,ZSSS,31.197900772094727,121.33599853515625
ICAO,ZSSZ,31.2631,120.401001
ICAO,ZSTX,29.733299255371094,118.25599670410156
ICAO,ZSWF,36.646702,119.119003
ICAO,ZSWH,37.18709945678711,122.22899627685547
ICAO,ZSWU,31.3906,118.408997
ICAO,ZSWX,31.494400024399997,120.429000854
ICAO,ZSWY,27.7019,118.000999
ICAO,ZSWZ,27.912201,120.851997
ICAO,ZSXZ,34.059056,117.555278
ICAO,ZSYA,32.5634,119.7198
ICAO,ZSYC,27.8025,114.3062
ICAO,ZSYN,33.425833,120.203056
ICAO,ZSYT,37.40169906616211,121.37200164794922
ICAO,ZSYW,29.3446998596,120.031997681
ICAO,ZSZS,29.9342002869,122.361999512
ICAO,ZUAL,32.1,80.0530555556
ICAO,ZUAS,26.2605555556,105.873333333
ICAO,ZUBD,30.553600311279297,97.1082992553711
ICAO,ZUBJ,27.267066,105.472097
ICAO,ZUCK,29.719200134277344,106.64199829101562
ICAO,ZUDC,29.323056,100.053333
ICAO,ZUDX,31.1302,107.4295
ICAO,ZUGU,32.3911018371582,105.7020034790039
ICAO,ZUGY,26.53849983215332,106.8010025024414
ICAO,ZUHY,32.53154,102.35224
ICAO,ZUJZ,32.8533333333,103.682222222
ICAO,ZUKD,30.1575,101.734722
ICAO,ZUKJ,26.972,107.988
ICAO,ZULB,25.4525,107.961667
ICAO,ZULS,29.2978000641,90.91190338130001
ICAO,ZULZ,28.85219955444336,105.39299774169922
ICAO,ZUMT,27.81638,106.33268
ICAO,ZUMY,31.4281005859375,104.74099731445312
ICAO,ZUNC,30.79545,106.1626
ICAO,ZUNP,26.32217,109.1499
ICAO,ZUNZ,29.303300857543945,94.33529663085938
ICAO,ZUPS,26.609417,104.979
ICAO,ZUQJ,29.5133333333,108.831111111
ICAO,ZURK,29.3519,89.311401
ICAO,ZUTC,24.9380555556,98.48583333330001
ICAO,ZUTR,27.883333,109.308889
ICAO,ZUUU,30.578500747680664,103.9469985961914
ICAO,ZUWX,30.8017,108.433
ICAO,ZUXC,27.989099502563477,102.18399810791016
ICAO,ZUYB,28.8005555556,104.545
ICAO,ZUYI,25.0863888889,104.959444444
ICAO,ZUZH,26.54,101.79852
ICAO,ZUZY,27.5895,107.0007
ICAO,ZWAK,41.262501,80.291702
ICAO,ZWAT,47.7498855591,88.08580780030002
ICAO,ZWAX,44.895,82.3
ICAO,ZWCM,38.233611,85.465556
ICAO,ZWFY,46.804169,89.512006
ICAO,ZWHM,42.8414,93.669197
ICAO,ZWKC,41.677856,82.872917
ICAO,ZWKL,41.69779968261719,86.12889862060547
ICAO,ZWKM,45.46655,84.9527
ICAO,ZWKN,48.2223,86.9959
ICAO,ZWNL,43.4318,83.3786
ICAO,ZWSC,38.281055,77.075192
ICAO,ZWSH,39.5429000854,76.0199966431
ICAO,ZWSS,42.91170120239258,90.24749755859375
ICAO,ZWTC,46.67250061035156,83.3407974243164
ICAO,ZWTN,37.03850173950195,79.86489868164062
ICAO,ZWTP,43.0308,89.0987
ICAO,ZWWW,43.907100677490234,87.47419738769531
ICAO,ZWYN,43.955799,81.330299
ICAO,ZYAS,41.105301,122.853996
ICAO,ZYBA,45.505278,123.019722
ICAO,ZYBS,42.066944,127.602222
ICAO,ZYCC,43.9962005615,125.684997559
ICAO,ZYCH,39.2666666667,122.666944444
ICAO,ZYCY,41.538101,120.434998
ICAO,ZYDD,40.0247,124.286003
ICAO,ZYDQ,46.7463888889,125.140555556
ICAO,ZYDU,48.445,126.133
ICAO,ZYFY,48.199494,134.366447
ICAO,ZYHB,45.6234016418457,126.25
ICAO,ZYHE,50.1716209371,127.308883667
ICAO,ZYJD,50.371389,124.1175
ICAO,ZYJM,46.84339904789999,130.464996338
ICAO,ZYJS,47.11,132.660278
ICAO,ZYJX,45.293,131.193
ICAO,ZYJZ,41.10139846801758,121.06199645996094
ICAO,ZYLD,47.7520555556,129.019125
ICAO,ZYLS,32.836388888900004,97.0363888889
ICAO,ZYMD,44.5241012573,129.569000244
ICAO,ZYMH,52.912777777799995,122.43
ICAO,ZYQQ,47.239601135253906,123.91799926757812
ICAO,ZYSQ,44.938114,124.550178
ICAO,ZYTL,38.9656982421875,121.53900146484375
ICAO,ZYTN,42.2538888889,125.703333333
ICAO,ZYTX,41.639801025390625,123.48300170898438
ICAO,ZYXC,40.580299377399996,120.697998047
ICAO,ZYYJ,42.8828010559,129.451004028
ICAO,ZYYK,40.542524,122.3586
ICAO,ZYYY,41.784400939941406,123.49600219726562
